// Patch embedding output
// Size: 37632 bytes
// Shape: (1, 196, 192)
// Dtype: float32
//
@0000 0000000000000000
@0001 0000000000000000
@0002 -000000000000002
@0003 0000000000000000
@0004 0000000000000001
@0005 -000000000000002
@0006 0000000000000000
@0007 0000000000000000
@0008 0000000000000000
@0009 0000000000000000
@000A 0000000000000000
@000B 0000000000000000
@000C 0000000000000000
@000D 0000000000000000
@000E 0000000000000000
@000F 0000000000000000
@0010 0000000000000000
@0011 0000000000000000
@0012 0000000000000000
@0013 0000000000000000
@0014 0000000000000000
@0015 -000000000000001
@0016 0000000000000000
@0017 0000000000000000
@0018 0000000000000001
@0019 0000000000000000
@001A 0000000000000000
@001B 0000000000000000
@001C 0000000000000000
@001D 0000000000000000
@001E 0000000000000000
@001F 0000000000000000
@0020 0000000000000000
@0021 0000000000000000
@0022 -000000000000001
@0023 0000000000000000
@0024 0000000000000000
@0025 0000000000000000
@0026 0000000000000002
@0027 0000000000000000
@0028 -000000000000001
@0029 0000000000000000
@002A 0000000000000000
@002B 0000000000000001
@002C 0000000000000000
@002D 0000000000000000
@002E 0000000000000000
@002F 0000000000000000
@0030 0000000000000000
@0031 0000000000000000
@0032 0000000000000000
@0033 0000000000000001
@0034 0000000000000000
@0035 0000000000000000
@0036 0000000000000000
@0037 0000000000000000
@0038 0000000000000000
@0039 0000000000000000
@003A 0000000000000002
@003B 0000000000000000
@003C -000000000000001
@003D 0000000000000000
@003E 0000000000000000
@003F 0000000000000000
@0040 0000000000000000
@0041 0000000000000000
@0042 0000000000000000
@0043 0000000000000000
@0044 0000000000000000
@0045 0000000000000000
@0046 0000000000000000
@0047 0000000000000000
@0048 0000000000000000
@0049 0000000000000001
@004A -000000000000001
@004B 0000000000000000
@004C 0000000000000001
@004D 0000000000000000
@004E 0000000000000000
@004F 0000000000000000
@0050 0000000000000000
@0051 0000000000000000
@0052 -000000000000001
@0053 0000000000000000
@0054 0000000000000000
@0055 0000000000000000
@0056 0000000000000000
@0057 0000000000000000
@0058 0000000000000000
@0059 0000000000000000
@005A 0000000000000000
@005B 0000000000000000
@005C 0000000000000001
@005D 0000000000000000
@005E 0000000000000000
@005F 0000000000000000
@0060 0000000000000000
@0061 0000000000000000
@0062 0000000000000000
@0063 0000000000000000
@0064 0000000000000000
@0065 0000000000000000
@0066 0000000000000000
@0067 0000000000000000
@0068 0000000000000000
@0069 0000000000000000
@006A 0000000000000000
@006B 0000000000000000
@006C 0000000000000000
@006D 0000000000000000
@006E 0000000000000000
@006F 0000000000000000
@0070 0000000000000000
@0071 0000000000000002
@0072 0000000000000000
@0073 0000000000000000
@0074 0000000000000000
@0075 0000000000000000
@0076 0000000000000000
@0077 0000000000000001
@0078 0000000000000000
@0079 0000000000000000
@007A 0000000000000000
@007B 0000000000000000
@007C 0000000000000000
@007D 0000000000000000
@007E 0000000000000000
@007F 0000000000000000
@0080 0000000000000000
@0081 0000000000000000
@0082 0000000000000000
@0083 0000000000000000
@0084 0000000000000000
@0085 0000000000000000
@0086 0000000000000000
@0087 0000000000000000
@0088 0000000000000000
@0089 0000000000000000
@008A 0000000000000000
@008B 0000000000000001
@008C 0000000000000000
@008D 0000000000000000
@008E 0000000000000000
@008F 0000000000000000
@0090 0000000000000000
@0091 0000000000000000
@0092 0000000000000000
@0093 0000000000000001
@0094 0000000000000000
@0095 0000000000000000
@0096 0000000000000000
@0097 0000000000000000
@0098 0000000000000000
@0099 0000000000000000
@009A 0000000000000000
@009B 0000000000000000
@009C 0000000000000000
@009D 0000000000000000
@009E 0000000000000000
@009F 0000000000000000
@00A0 0000000000000000
@00A1 -000000000000001
@00A2 0000000000000000
@00A3 0000000000000000
@00A4 0000000000000000
@00A5 0000000000000000
@00A6 0000000000000000
@00A7 0000000000000000
@00A8 0000000000000000
@00A9 0000000000000000
@00AA 0000000000000000
@00AB 0000000000000000
@00AC 0000000000000000
@00AD -000000000000002
@00AE 0000000000000000
@00AF 0000000000000000
@00B0 0000000000000000
@00B1 0000000000000000
@00B2 0000000000000000
@00B3 0000000000000000
@00B4 0000000000000000
@00B5 0000000000000000
@00B6 -000000000000001
@00B7 0000000000000000
@00B8 0000000000000002
@00B9 0000000000000000
@00BA 0000000000000001
@00BB 0000000000000000
@00BC 0000000000000000
@00BD -000000000000001
@00BE 0000000000000001
@00BF 0000000000000000
@00C0 0000000000000000
@00C1 0000000000000000
@00C2 -000000000000002
@00C3 0000000000000000
@00C4 0000000000000001
@00C5 -000000000000002
@00C6 0000000000000000
@00C7 0000000000000000
@00C8 0000000000000000
@00C9 0000000000000000
@00CA 0000000000000000
@00CB 0000000000000000
@00CC 0000000000000000
@00CD 0000000000000000
@00CE 0000000000000000
@00CF 0000000000000000
@00D0 0000000000000000
@00D1 0000000000000000
@00D2 0000000000000000
@00D3 0000000000000000
@00D4 0000000000000000
@00D5 -000000000000001
@00D6 0000000000000000
@00D7 0000000000000000
@00D8 0000000000000001
@00D9 0000000000000000
@00DA 0000000000000000
@00DB 0000000000000000
@00DC 0000000000000000
@00DD 0000000000000000
@00DE 0000000000000000
@00DF 0000000000000000
@00E0 0000000000000000
@00E1 0000000000000000
@00E2 -000000000000001
@00E3 0000000000000000
@00E4 0000000000000000
@00E5 0000000000000000
@00E6 0000000000000002
@00E7 0000000000000000
@00E8 -000000000000001
@00E9 0000000000000000
@00EA 0000000000000000
@00EB 0000000000000000
@00EC 0000000000000000
@00ED 0000000000000000
@00EE 0000000000000000
@00EF 0000000000000000
@00F0 0000000000000000
@00F1 0000000000000000
@00F2 0000000000000000
@00F3 0000000000000001
@00F4 0000000000000000
@00F5 0000000000000000
@00F6 0000000000000000
@00F7 0000000000000000
@00F8 0000000000000000
@00F9 0000000000000000
@00FA 0000000000000002
@00FB 0000000000000000
@00FC -000000000000001
@00FD 0000000000000000
@00FE 0000000000000000
@00FF 0000000000000000
@0100 0000000000000000
@0101 0000000000000000
@0102 0000000000000000
@0103 0000000000000000
@0104 0000000000000000
@0105 0000000000000000
@0106 0000000000000000
@0107 0000000000000000
@0108 0000000000000000
@0109 0000000000000001
@010A -000000000000001
@010B 0000000000000000
@010C 0000000000000001
@010D 0000000000000000
@010E 0000000000000000
@010F 0000000000000000
@0110 0000000000000000
@0111 0000000000000000
@0112 -000000000000001
@0113 0000000000000000
@0114 0000000000000000
@0115 0000000000000000
@0116 0000000000000000
@0117 0000000000000000
@0118 0000000000000000
@0119 0000000000000000
@011A 0000000000000000
@011B 0000000000000000
@011C 0000000000000001
@011D 0000000000000000
@011E 0000000000000000
@011F 0000000000000000
@0120 0000000000000000
@0121 0000000000000000
@0122 0000000000000000
@0123 0000000000000000
@0124 0000000000000000
@0125 0000000000000000
@0126 0000000000000000
@0127 0000000000000000
@0128 0000000000000000
@0129 0000000000000000
@012A 0000000000000000
@012B 0000000000000000
@012C 0000000000000000
@012D 0000000000000000
@012E 0000000000000000
@012F 0000000000000000
@0130 0000000000000000
@0131 0000000000000003
@0132 0000000000000000
@0133 0000000000000000
@0134 0000000000000000
@0135 0000000000000000
@0136 0000000000000001
@0137 0000000000000001
@0138 0000000000000000
@0139 0000000000000000
@013A 0000000000000000
@013B 0000000000000000
@013C 0000000000000000
@013D 0000000000000000
@013E 0000000000000000
@013F 0000000000000000
@0140 0000000000000000
@0141 0000000000000000
@0142 0000000000000000
@0143 0000000000000000
@0144 0000000000000000
@0145 0000000000000000
@0146 0000000000000000
@0147 0000000000000000
@0148 0000000000000000
@0149 0000000000000000
@014A 0000000000000000
@014B 0000000000000001
@014C 0000000000000000
@014D 0000000000000000
@014E 0000000000000000
@014F 0000000000000000
@0150 0000000000000000
@0151 0000000000000000
@0152 0000000000000000
@0153 0000000000000001
@0154 0000000000000000
@0155 0000000000000000
@0156 0000000000000000
@0157 0000000000000000
@0158 0000000000000000
@0159 0000000000000000
@015A 0000000000000000
@015B 0000000000000000
@015C 0000000000000000
@015D 0000000000000000
@015E 0000000000000000
@015F 0000000000000000
@0160 0000000000000000
@0161 0000000000000000
@0162 0000000000000000
@0163 0000000000000000
@0164 0000000000000000
@0165 0000000000000000
@0166 0000000000000000
@0167 0000000000000000
@0168 0000000000000000
@0169 0000000000000000
@016A 0000000000000000
@016B 0000000000000000
@016C 0000000000000000
@016D -000000000000002
@016E 0000000000000000
@016F 0000000000000000
@0170 0000000000000000
@0171 0000000000000000
@0172 0000000000000000
@0173 0000000000000000
@0174 0000000000000000
@0175 0000000000000000
@0176 -000000000000001
@0177 0000000000000000
@0178 0000000000000001
@0179 0000000000000000
@017A 0000000000000001
@017B 0000000000000001
@017C 0000000000000000
@017D -000000000000001
@017E 0000000000000000
@017F 0000000000000000
@0180 0000000000000000
@0181 0000000000000000
@0182 -000000000000001
@0183 0000000000000000
@0184 0000000000000001
@0185 -000000000000002
@0186 0000000000000000
@0187 0000000000000000
@0188 0000000000000000
@0189 -000000000000001
@018A 0000000000000000
@018B 0000000000000000
@018C 0000000000000000
@018D 0000000000000000
@018E 0000000000000000
@018F 0000000000000000
@0190 0000000000000000
@0191 0000000000000000
@0192 0000000000000000
@0193 0000000000000000
@0194 0000000000000001
@0195 0000000000000000
@0196 0000000000000000
@0197 0000000000000000
@0198 0000000000000001
@0199 0000000000000000
@019A 0000000000000000
@019B 0000000000000000
@019C 0000000000000000
@019D 0000000000000000
@019E 0000000000000000
@019F 0000000000000000
@01A0 0000000000000000
@01A1 0000000000000000
@01A2 -000000000000001
@01A3 0000000000000000
@01A4 0000000000000000
@01A5 0000000000000000
@01A6 0000000000000002
@01A7 0000000000000000
@01A8 -000000000000001
@01A9 0000000000000000
@01AA 0000000000000000
@01AB 0000000000000000
@01AC 0000000000000000
@01AD 0000000000000000
@01AE 0000000000000000
@01AF 0000000000000000
@01B0 0000000000000000
@01B1 0000000000000000
@01B2 0000000000000000
@01B3 0000000000000001
@01B4 0000000000000000
@01B5 0000000000000000
@01B6 -000000000000001
@01B7 0000000000000000
@01B8 0000000000000000
@01B9 0000000000000000
@01BA 0000000000000002
@01BB 0000000000000000
@01BC 0000000000000000
@01BD 0000000000000000
@01BE 0000000000000000
@01BF 0000000000000000
@01C0 0000000000000000
@01C1 0000000000000000
@01C2 0000000000000000
@01C3 0000000000000000
@01C4 0000000000000000
@01C5 0000000000000000
@01C6 0000000000000000
@01C7 0000000000000000
@01C8 0000000000000000
@01C9 0000000000000001
@01CA -000000000000001
@01CB 0000000000000000
@01CC 0000000000000001
@01CD 0000000000000000
@01CE 0000000000000000
@01CF 0000000000000000
@01D0 -000000000000001
@01D1 0000000000000000
@01D2 0000000000000000
@01D3 0000000000000000
@01D4 0000000000000000
@01D5 0000000000000000
@01D6 0000000000000000
@01D7 0000000000000000
@01D8 0000000000000000
@01D9 0000000000000000
@01DA 0000000000000000
@01DB 0000000000000000
@01DC 0000000000000002
@01DD 0000000000000000
@01DE 0000000000000000
@01DF 0000000000000000
@01E0 0000000000000000
@01E1 0000000000000000
@01E2 -000000000000001
@01E3 0000000000000000
@01E4 0000000000000000
@01E5 0000000000000000
@01E6 0000000000000000
@01E7 0000000000000000
@01E8 0000000000000000
@01E9 0000000000000000
@01EA 0000000000000000
@01EB 0000000000000000
@01EC 0000000000000000
@01ED 0000000000000000
@01EE 0000000000000000
@01EF 0000000000000000
@01F0 -000000000000001
@01F1 0000000000000002
@01F2 0000000000000000
@01F3 0000000000000000
@01F4 0000000000000000
@01F5 0000000000000000
@01F6 0000000000000000
@01F7 0000000000000000
@01F8 0000000000000000
@01F9 0000000000000000
@01FA 0000000000000000
@01FB 0000000000000000
@01FC 0000000000000000
@01FD 0000000000000000
@01FE 0000000000000000
@01FF 0000000000000000
@0200 0000000000000000
@0201 0000000000000000
@0202 0000000000000000
@0203 0000000000000000
@0204 0000000000000000
@0205 0000000000000000
@0206 0000000000000000
@0207 0000000000000000
@0208 0000000000000000
@0209 0000000000000000
@020A 0000000000000000
@020B 0000000000000001
@020C 0000000000000000
@020D 0000000000000000
@020E 0000000000000000
@020F 0000000000000000
@0210 0000000000000000
@0211 0000000000000000
@0212 0000000000000000
@0213 0000000000000001
@0214 0000000000000000
@0215 0000000000000000
@0216 0000000000000000
@0217 0000000000000000
@0218 0000000000000000
@0219 0000000000000000
@021A 0000000000000000
@021B 0000000000000000
@021C 0000000000000000
@021D 0000000000000000
@021E 0000000000000000
@021F 0000000000000000
@0220 0000000000000000
@0221 -000000000000001
@0222 0000000000000000
@0223 0000000000000000
@0224 0000000000000000
@0225 0000000000000000
@0226 0000000000000000
@0227 0000000000000000
@0228 0000000000000000
@0229 0000000000000000
@022A 0000000000000000
@022B 0000000000000000
@022C 0000000000000000
@022D -000000000000001
@022E 0000000000000000
@022F 0000000000000000
@0230 0000000000000000
@0231 0000000000000000
@0232 0000000000000000
@0233 0000000000000000
@0234 0000000000000000
@0235 0000000000000000
@0236 -000000000000001
@0237 0000000000000000
@0238 0000000000000002
@0239 0000000000000000
@023A 0000000000000001
@023B 0000000000000000
@023C 0000000000000000
@023D -000000000000001
@023E 0000000000000000
@023F 0000000000000000
@0240 0000000000000000
@0241 0000000000000000
@0242 -000000000000001
@0243 0000000000000000
@0244 0000000000000001
@0245 -000000000000002
@0246 0000000000000000
@0247 0000000000000000
@0248 0000000000000000
@0249 -000000000000001
@024A 0000000000000000
@024B 0000000000000000
@024C 0000000000000000
@024D 0000000000000000
@024E 0000000000000000
@024F 0000000000000000
@0250 0000000000000000
@0251 0000000000000000
@0252 0000000000000000
@0253 0000000000000000
@0254 0000000000000001
@0255 0000000000000000
@0256 0000000000000000
@0257 0000000000000000
@0258 0000000000000001
@0259 0000000000000000
@025A 0000000000000000
@025B 0000000000000000
@025C 0000000000000000
@025D 0000000000000000
@025E 0000000000000000
@025F 0000000000000000
@0260 0000000000000000
@0261 0000000000000000
@0262 -000000000000001
@0263 0000000000000000
@0264 0000000000000000
@0265 0000000000000000
@0266 0000000000000002
@0267 0000000000000000
@0268 -000000000000001
@0269 0000000000000000
@026A 0000000000000000
@026B 0000000000000000
@026C 0000000000000000
@026D 0000000000000000
@026E 0000000000000000
@026F 0000000000000000
@0270 0000000000000000
@0271 0000000000000000
@0272 0000000000000000
@0273 0000000000000001
@0274 0000000000000000
@0275 0000000000000000
@0276 0000000000000000
@0277 0000000000000000
@0278 0000000000000000
@0279 0000000000000000
@027A 0000000000000002
@027B 0000000000000000
@027C 0000000000000000
@027D 0000000000000000
@027E 0000000000000000
@027F 0000000000000000
@0280 0000000000000000
@0281 0000000000000000
@0282 0000000000000000
@0283 0000000000000000
@0284 0000000000000000
@0285 0000000000000000
@0286 0000000000000000
@0287 0000000000000000
@0288 0000000000000000
@0289 0000000000000001
@028A 0000000000000000
@028B 0000000000000000
@028C 0000000000000000
@028D 0000000000000000
@028E 0000000000000000
@028F 0000000000000000
@0290 -000000000000001
@0291 0000000000000000
@0292 0000000000000000
@0293 0000000000000000
@0294 0000000000000000
@0295 0000000000000000
@0296 0000000000000000
@0297 0000000000000000
@0298 0000000000000000
@0299 0000000000000000
@029A 0000000000000000
@029B 0000000000000000
@029C 0000000000000002
@029D 0000000000000000
@029E 0000000000000000
@029F 0000000000000000
@02A0 0000000000000000
@02A1 0000000000000000
@02A2 -000000000000001
@02A3 0000000000000000
@02A4 0000000000000000
@02A5 0000000000000000
@02A6 0000000000000000
@02A7 0000000000000000
@02A8 0000000000000000
@02A9 0000000000000000
@02AA 0000000000000000
@02AB 0000000000000000
@02AC 0000000000000000
@02AD 0000000000000000
@02AE 0000000000000000
@02AF 0000000000000000
@02B0 0000000000000000
@02B1 0000000000000002
@02B2 0000000000000000
@02B3 0000000000000000
@02B4 0000000000000000
@02B5 0000000000000000
@02B6 0000000000000000
@02B7 0000000000000000
@02B8 0000000000000000
@02B9 0000000000000000
@02BA 0000000000000000
@02BB 0000000000000000
@02BC 0000000000000000
@02BD 0000000000000000
@02BE 0000000000000000
@02BF 0000000000000000
@02C0 0000000000000000
@02C1 0000000000000000
@02C2 0000000000000000
@02C3 0000000000000000
@02C4 0000000000000000
@02C5 0000000000000000
@02C6 0000000000000000
@02C7 0000000000000000
@02C8 0000000000000000
@02C9 0000000000000000
@02CA 0000000000000000
@02CB 0000000000000001
@02CC 0000000000000000
@02CD 0000000000000000
@02CE 0000000000000000
@02CF 0000000000000000
@02D0 0000000000000000
@02D1 0000000000000000
@02D2 0000000000000000
@02D3 0000000000000001
@02D4 0000000000000000
@02D5 0000000000000000
@02D6 0000000000000000
@02D7 0000000000000000
@02D8 0000000000000000
@02D9 0000000000000000
@02DA 0000000000000000
@02DB 0000000000000000
@02DC 0000000000000000
@02DD 0000000000000000
@02DE 0000000000000000
@02DF 0000000000000000
@02E0 0000000000000000
@02E1 0000000000000000
@02E2 0000000000000000
@02E3 0000000000000000
@02E4 0000000000000000
@02E5 0000000000000000
@02E6 0000000000000000
@02E7 0000000000000000
@02E8 0000000000000000
@02E9 0000000000000000
@02EA 0000000000000000
@02EB 0000000000000000
@02EC 0000000000000000
@02ED -000000000000001
@02EE 0000000000000000
@02EF 0000000000000000
@02F0 0000000000000000
@02F1 0000000000000000
@02F2 0000000000000000
@02F3 0000000000000000
@02F4 0000000000000000
@02F5 0000000000000000
@02F6 -000000000000001
@02F7 0000000000000000
@02F8 0000000000000002
@02F9 0000000000000000
@02FA 0000000000000001
@02FB 0000000000000000
@02FC 0000000000000000
@02FD -000000000000001
@02FE 0000000000000001
@02FF 0000000000000000
@0300 0000000000000000
@0301 0000000000000000
@0302 -000000000000002
@0303 0000000000000000
@0304 0000000000000001
@0305 -000000000000002
@0306 0000000000000000
@0307 0000000000000000
@0308 0000000000000000
@0309 0000000000000000
@030A 0000000000000000
@030B 0000000000000000
@030C 0000000000000000
@030D 0000000000000000
@030E 0000000000000000
@030F 0000000000000000
@0310 0000000000000000
@0311 0000000000000000
@0312 0000000000000000
@0313 0000000000000000
@0314 0000000000000001
@0315 0000000000000000
@0316 0000000000000000
@0317 0000000000000000
@0318 0000000000000001
@0319 0000000000000000
@031A 0000000000000000
@031B 0000000000000000
@031C 0000000000000000
@031D 0000000000000000
@031E 0000000000000000
@031F 0000000000000000
@0320 0000000000000000
@0321 0000000000000000
@0322 -000000000000001
@0323 0000000000000000
@0324 0000000000000000
@0325 0000000000000000
@0326 0000000000000002
@0327 0000000000000000
@0328 -000000000000001
@0329 0000000000000000
@032A 0000000000000000
@032B 0000000000000000
@032C 0000000000000000
@032D 0000000000000000
@032E 0000000000000000
@032F 0000000000000000
@0330 0000000000000000
@0331 0000000000000000
@0332 0000000000000000
@0333 0000000000000001
@0334 0000000000000000
@0335 0000000000000000
@0336 0000000000000000
@0337 0000000000000000
@0338 0000000000000000
@0339 0000000000000000
@033A 0000000000000002
@033B 0000000000000000
@033C -000000000000001
@033D 0000000000000000
@033E 0000000000000000
@033F 0000000000000000
@0340 0000000000000000
@0341 0000000000000000
@0342 0000000000000000
@0343 0000000000000000
@0344 0000000000000000
@0345 0000000000000000
@0346 0000000000000000
@0347 0000000000000000
@0348 0000000000000000
@0349 0000000000000001
@034A -000000000000001
@034B 0000000000000000
@034C 0000000000000000
@034D 0000000000000000
@034E 0000000000000000
@034F 0000000000000000
@0350 0000000000000000
@0351 0000000000000000
@0352 0000000000000000
@0353 0000000000000000
@0354 0000000000000000
@0355 0000000000000000
@0356 0000000000000000
@0357 0000000000000000
@0358 0000000000000000
@0359 0000000000000000
@035A 0000000000000000
@035B 0000000000000000
@035C 0000000000000001
@035D 0000000000000000
@035E 0000000000000000
@035F 0000000000000000
@0360 0000000000000000
@0361 0000000000000000
@0362 -000000000000001
@0363 0000000000000000
@0364 0000000000000000
@0365 0000000000000000
@0366 0000000000000000
@0367 0000000000000000
@0368 0000000000000000
@0369 0000000000000000
@036A 0000000000000000
@036B 0000000000000000
@036C 0000000000000000
@036D 0000000000000000
@036E 0000000000000000
@036F 0000000000000000
@0370 0000000000000000
@0371 0000000000000002
@0372 0000000000000000
@0373 0000000000000000
@0374 0000000000000000
@0375 0000000000000000
@0376 0000000000000000
@0377 0000000000000000
@0378 0000000000000000
@0379 0000000000000000
@037A 0000000000000000
@037B 0000000000000000
@037C 0000000000000000
@037D 0000000000000000
@037E 0000000000000000
@037F 0000000000000000
@0380 0000000000000000
@0381 0000000000000000
@0382 0000000000000000
@0383 0000000000000000
@0384 0000000000000000
@0385 0000000000000000
@0386 0000000000000000
@0387 0000000000000000
@0388 0000000000000000
@0389 0000000000000000
@038A 0000000000000000
@038B 0000000000000001
@038C 0000000000000000
@038D 0000000000000000
@038E 0000000000000000
@038F 0000000000000000
@0390 0000000000000000
@0391 0000000000000000
@0392 0000000000000000
@0393 0000000000000001
@0394 0000000000000000
@0395 0000000000000000
@0396 0000000000000000
@0397 0000000000000000
@0398 0000000000000000
@0399 0000000000000000
@039A 0000000000000000
@039B 0000000000000000
@039C 0000000000000000
@039D 0000000000000000
@039E 0000000000000000
@039F 0000000000000000
@03A0 0000000000000000
@03A1 0000000000000000
@03A2 0000000000000000
@03A3 0000000000000000
@03A4 0000000000000000
@03A5 0000000000000000
@03A6 0000000000000000
@03A7 0000000000000000
@03A8 0000000000000000
@03A9 0000000000000000
@03AA 0000000000000000
@03AB 0000000000000000
@03AC 0000000000000000
@03AD -000000000000002
@03AE 0000000000000000
@03AF 0000000000000000
@03B0 0000000000000000
@03B1 0000000000000000
@03B2 0000000000000000
@03B3 0000000000000000
@03B4 0000000000000000
@03B5 0000000000000000
@03B6 -000000000000001
@03B7 0000000000000000
@03B8 0000000000000001
@03B9 0000000000000000
@03BA 0000000000000000
@03BB 0000000000000000
@03BC 0000000000000000
@03BD -000000000000001
@03BE 0000000000000000
@03BF 0000000000000000
@03C0 0000000000000000
@03C1 0000000000000000
@03C2 -000000000000001
@03C3 0000000000000000
@03C4 0000000000000001
@03C5 -000000000000002
@03C6 0000000000000000
@03C7 0000000000000000
@03C8 0000000000000000
@03C9 -000000000000001
@03CA 0000000000000000
@03CB 0000000000000000
@03CC 0000000000000000
@03CD 0000000000000000
@03CE 0000000000000000
@03CF 0000000000000000
@03D0 0000000000000000
@03D1 0000000000000000
@03D2 0000000000000000
@03D3 0000000000000000
@03D4 0000000000000001
@03D5 0000000000000000
@03D6 0000000000000000
@03D7 0000000000000000
@03D8 0000000000000001
@03D9 0000000000000000
@03DA 0000000000000000
@03DB 0000000000000000
@03DC 0000000000000000
@03DD 0000000000000000
@03DE 0000000000000000
@03DF 0000000000000000
@03E0 0000000000000000
@03E1 0000000000000000
@03E2 -000000000000001
@03E3 0000000000000000
@03E4 0000000000000000
@03E5 0000000000000000
@03E6 0000000000000002
@03E7 0000000000000000
@03E8 -000000000000001
@03E9 0000000000000000
@03EA 0000000000000000
@03EB 0000000000000001
@03EC 0000000000000000
@03ED 0000000000000000
@03EE 0000000000000000
@03EF 0000000000000000
@03F0 0000000000000000
@03F1 0000000000000000
@03F2 0000000000000000
@03F3 0000000000000001
@03F4 0000000000000000
@03F5 0000000000000000
@03F6 0000000000000000
@03F7 0000000000000000
@03F8 0000000000000000
@03F9 0000000000000000
@03FA 0000000000000002
@03FB 0000000000000000
@03FC -000000000000001
@03FD 0000000000000000
@03FE 0000000000000000
@03FF 0000000000000000
@0400 0000000000000000
@0401 0000000000000000
@0402 0000000000000000
@0403 0000000000000000
@0404 0000000000000000
@0405 0000000000000000
@0406 0000000000000000
@0407 0000000000000000
@0408 0000000000000000
@0409 0000000000000001
@040A -000000000000001
@040B 0000000000000000
@040C 0000000000000001
@040D 0000000000000000
@040E 0000000000000000
@040F 0000000000000000
@0410 0000000000000000
@0411 0000000000000000
@0412 0000000000000000
@0413 0000000000000000
@0414 0000000000000000
@0415 0000000000000000
@0416 0000000000000000
@0417 0000000000000000
@0418 0000000000000000
@0419 0000000000000000
@041A 0000000000000000
@041B 0000000000000000
@041C 0000000000000001
@041D 0000000000000000
@041E 0000000000000000
@041F 0000000000000000
@0420 0000000000000000
@0421 0000000000000000
@0422 -000000000000001
@0423 0000000000000000
@0424 0000000000000000
@0425 0000000000000000
@0426 0000000000000000
@0427 0000000000000000
@0428 0000000000000000
@0429 0000000000000000
@042A 0000000000000000
@042B 0000000000000000
@042C 0000000000000000
@042D 0000000000000000
@042E 0000000000000000
@042F 0000000000000000
@0430 0000000000000000
@0431 0000000000000002
@0432 0000000000000000
@0433 0000000000000000
@0434 0000000000000000
@0435 0000000000000000
@0436 0000000000000000
@0437 0000000000000000
@0438 0000000000000000
@0439 0000000000000000
@043A 0000000000000000
@043B 0000000000000000
@043C 0000000000000000
@043D 0000000000000000
@043E 0000000000000000
@043F 0000000000000000
@0440 0000000000000000
@0441 0000000000000000
@0442 0000000000000000
@0443 0000000000000000
@0444 0000000000000000
@0445 0000000000000000
@0446 0000000000000000
@0447 0000000000000000
@0448 0000000000000000
@0449 0000000000000000
@044A 0000000000000000
@044B 0000000000000001
@044C 0000000000000000
@044D 0000000000000000
@044E 0000000000000000
@044F 0000000000000000
@0450 0000000000000000
@0451 0000000000000000
@0452 0000000000000000
@0453 0000000000000001
@0454 0000000000000000
@0455 0000000000000000
@0456 0000000000000000
@0457 0000000000000000
@0458 0000000000000000
@0459 0000000000000000
@045A 0000000000000000
@045B 0000000000000000
@045C 0000000000000000
@045D 0000000000000000
@045E 0000000000000000
@045F 0000000000000000
@0460 0000000000000000
@0461 -000000000000001
@0462 0000000000000000
@0463 0000000000000000
@0464 0000000000000000
@0465 0000000000000000
@0466 0000000000000000
@0467 0000000000000000
@0468 0000000000000000
@0469 0000000000000000
@046A 0000000000000000
@046B 0000000000000000
@046C 0000000000000000
@046D -000000000000002
@046E 0000000000000000
@046F 0000000000000000
@0470 0000000000000000
@0471 0000000000000000
@0472 0000000000000000
@0473 0000000000000000
@0474 0000000000000000
@0475 0000000000000000
@0476 -000000000000001
@0477 0000000000000000
@0478 0000000000000001
@0479 0000000000000000
@047A 0000000000000001
@047B 0000000000000000
@047C 0000000000000000
@047D -000000000000001
@047E 0000000000000000
@047F 0000000000000000
@0480 0000000000000000
@0481 0000000000000000
@0482 -000000000000001
@0483 0000000000000000
@0484 0000000000000001
@0485 -000000000000002
@0486 0000000000000000
@0487 0000000000000000
@0488 0000000000000000
@0489 -000000000000001
@048A 0000000000000000
@048B 0000000000000000
@048C 0000000000000000
@048D 0000000000000000
@048E 0000000000000000
@048F 0000000000000000
@0490 0000000000000000
@0491 0000000000000000
@0492 0000000000000000
@0493 0000000000000000
@0494 0000000000000001
@0495 0000000000000000
@0496 0000000000000000
@0497 0000000000000000
@0498 0000000000000001
@0499 0000000000000000
@049A 0000000000000000
@049B 0000000000000000
@049C 0000000000000000
@049D 0000000000000000
@049E 0000000000000000
@049F 0000000000000000
@04A0 0000000000000000
@04A1 0000000000000000
@04A2 -000000000000001
@04A3 0000000000000000
@04A4 0000000000000000
@04A5 0000000000000000
@04A6 0000000000000002
@04A7 0000000000000000
@04A8 -000000000000001
@04A9 0000000000000000
@04AA 0000000000000000
@04AB 0000000000000001
@04AC 0000000000000000
@04AD 0000000000000000
@04AE 0000000000000000
@04AF 0000000000000000
@04B0 0000000000000000
@04B1 0000000000000000
@04B2 0000000000000000
@04B3 0000000000000001
@04B4 0000000000000000
@04B5 0000000000000000
@04B6 0000000000000000
@04B7 0000000000000000
@04B8 0000000000000000
@04B9 0000000000000000
@04BA 0000000000000002
@04BB 0000000000000000
@04BC 0000000000000000
@04BD 0000000000000000
@04BE 0000000000000000
@04BF 0000000000000000
@04C0 0000000000000000
@04C1 0000000000000000
@04C2 0000000000000000
@04C3 0000000000000000
@04C4 0000000000000000
@04C5 0000000000000000
@04C6 0000000000000000
@04C7 0000000000000000
@04C8 0000000000000000
@04C9 0000000000000001
@04CA -000000000000001
@04CB 0000000000000000
@04CC 0000000000000001
@04CD 0000000000000000
@04CE 0000000000000000
@04CF 0000000000000000
@04D0 -000000000000001
@04D1 0000000000000000
@04D2 0000000000000000
@04D3 0000000000000000
@04D4 0000000000000000
@04D5 0000000000000000
@04D6 0000000000000000
@04D7 0000000000000000
@04D8 0000000000000000
@04D9 0000000000000000
@04DA 0000000000000000
@04DB 0000000000000000
@04DC 0000000000000001
@04DD 0000000000000000
@04DE 0000000000000000
@04DF 0000000000000000
@04E0 0000000000000000
@04E1 0000000000000000
@04E2 0000000000000000
@04E3 0000000000000000
@04E4 0000000000000000
@04E5 0000000000000000
@04E6 0000000000000000
@04E7 0000000000000000
@04E8 0000000000000000
@04E9 0000000000000000
@04EA 0000000000000000
@04EB 0000000000000000
@04EC 0000000000000000
@04ED 0000000000000000
@04EE 0000000000000000
@04EF 0000000000000000
@04F0 0000000000000000
@04F1 0000000000000002
@04F2 0000000000000000
@04F3 0000000000000000
@04F4 0000000000000000
@04F5 0000000000000000
@04F6 0000000000000001
@04F7 0000000000000000
@04F8 0000000000000000
@04F9 0000000000000000
@04FA 0000000000000000
@04FB 0000000000000000
@04FC 0000000000000000
@04FD 0000000000000000
@04FE 0000000000000000
@04FF 0000000000000000
@0500 0000000000000000
@0501 0000000000000000
@0502 0000000000000000
@0503 0000000000000000
@0504 0000000000000000
@0505 0000000000000000
@0506 0000000000000000
@0507 0000000000000000
@0508 0000000000000000
@0509 0000000000000000
@050A 0000000000000000
@050B 0000000000000001
@050C 0000000000000000
@050D 0000000000000000
@050E 0000000000000000
@050F 0000000000000000
@0510 0000000000000000
@0511 0000000000000000
@0512 0000000000000000
@0513 0000000000000001
@0514 0000000000000000
@0515 0000000000000000
@0516 0000000000000000
@0517 0000000000000000
@0518 0000000000000000
@0519 0000000000000000
@051A 0000000000000000
@051B 0000000000000000
@051C 0000000000000000
@051D 0000000000000000
@051E 0000000000000000
@051F 0000000000000000
@0520 0000000000000000
@0521 -000000000000001
@0522 0000000000000000
@0523 0000000000000000
@0524 0000000000000000
@0525 0000000000000000
@0526 0000000000000000
@0527 0000000000000000
@0528 0000000000000000
@0529 0000000000000000
@052A 0000000000000000
@052B 0000000000000000
@052C 0000000000000000
@052D -000000000000001
@052E 0000000000000000
@052F 0000000000000000
@0530 0000000000000000
@0531 0000000000000000
@0532 0000000000000000
@0533 0000000000000000
@0534 0000000000000000
@0535 0000000000000000
@0536 -000000000000001
@0537 0000000000000000
@0538 0000000000000002
@0539 0000000000000000
@053A 0000000000000001
@053B 0000000000000000
@053C 0000000000000000
@053D -000000000000001
@053E 0000000000000000
@053F 0000000000000000
@0540 0000000000000000
@0541 0000000000000000
@0542 -000000000000001
@0543 0000000000000000
@0544 0000000000000001
@0545 -000000000000002
@0546 0000000000000000
@0547 0000000000000000
@0548 0000000000000000
@0549 -000000000000001
@054A 0000000000000000
@054B 0000000000000000
@054C 0000000000000000
@054D 0000000000000000
@054E 0000000000000000
@054F 0000000000000000
@0550 0000000000000000
@0551 0000000000000000
@0552 0000000000000000
@0553 0000000000000000
@0554 0000000000000001
@0555 0000000000000000
@0556 0000000000000000
@0557 0000000000000000
@0558 0000000000000001
@0559 0000000000000000
@055A 0000000000000000
@055B 0000000000000000
@055C 0000000000000000
@055D 0000000000000000
@055E 0000000000000000
@055F 0000000000000000
@0560 0000000000000000
@0561 0000000000000000
@0562 -000000000000001
@0563 0000000000000000
@0564 0000000000000000
@0565 0000000000000000
@0566 0000000000000002
@0567 0000000000000000
@0568 -000000000000001
@0569 0000000000000000
@056A 0000000000000000
@056B 0000000000000000
@056C 0000000000000000
@056D 0000000000000000
@056E 0000000000000000
@056F 0000000000000000
@0570 0000000000000000
@0571 0000000000000000
@0572 0000000000000000
@0573 0000000000000001
@0574 0000000000000000
@0575 0000000000000000
@0576 0000000000000000
@0577 0000000000000000
@0578 0000000000000000
@0579 0000000000000000
@057A 0000000000000002
@057B 0000000000000000
@057C 0000000000000000
@057D 0000000000000000
@057E 0000000000000000
@057F 0000000000000000
@0580 0000000000000000
@0581 0000000000000000
@0582 0000000000000000
@0583 0000000000000000
@0584 0000000000000000
@0585 0000000000000000
@0586 0000000000000000
@0587 0000000000000000
@0588 0000000000000000
@0589 0000000000000001
@058A -000000000000001
@058B 0000000000000000
@058C 0000000000000001
@058D 0000000000000000
@058E 0000000000000000
@058F 0000000000000000
@0590 -000000000000001
@0591 0000000000000000
@0592 0000000000000000
@0593 0000000000000000
@0594 0000000000000000
@0595 0000000000000000
@0596 0000000000000000
@0597 0000000000000000
@0598 0000000000000000
@0599 0000000000000000
@059A 0000000000000000
@059B 0000000000000000
@059C 0000000000000002
@059D 0000000000000000
@059E 0000000000000000
@059F 0000000000000000
@05A0 0000000000000000
@05A1 0000000000000000
@05A2 -000000000000001
@05A3 0000000000000000
@05A4 0000000000000000
@05A5 0000000000000000
@05A6 0000000000000000
@05A7 0000000000000000
@05A8 0000000000000000
@05A9 0000000000000000
@05AA 0000000000000000
@05AB 0000000000000000
@05AC 0000000000000000
@05AD 0000000000000000
@05AE 0000000000000000
@05AF 0000000000000000
@05B0 0000000000000000
@05B1 0000000000000002
@05B2 0000000000000000
@05B3 0000000000000000
@05B4 0000000000000000
@05B5 0000000000000000
@05B6 0000000000000000
@05B7 0000000000000001
@05B8 0000000000000000
@05B9 0000000000000000
@05BA 0000000000000000
@05BB 0000000000000000
@05BC 0000000000000000
@05BD 0000000000000000
@05BE 0000000000000000
@05BF 0000000000000000
@05C0 0000000000000000
@05C1 0000000000000000
@05C2 0000000000000000
@05C3 0000000000000000
@05C4 0000000000000000
@05C5 0000000000000000
@05C6 0000000000000000
@05C7 0000000000000000
@05C8 0000000000000000
@05C9 0000000000000000
@05CA 0000000000000000
@05CB 0000000000000001
@05CC 0000000000000000
@05CD 0000000000000000
@05CE 0000000000000000
@05CF 0000000000000000
@05D0 0000000000000000
@05D1 0000000000000000
@05D2 0000000000000000
@05D3 0000000000000001
@05D4 0000000000000000
@05D5 0000000000000000
@05D6 0000000000000000
@05D7 0000000000000000
@05D8 0000000000000000
@05D9 0000000000000000
@05DA 0000000000000000
@05DB 0000000000000000
@05DC 0000000000000000
@05DD 0000000000000000
@05DE 0000000000000000
@05DF 0000000000000000
@05E0 0000000000000000
@05E1 -000000000000001
@05E2 0000000000000000
@05E3 0000000000000000
@05E4 0000000000000000
@05E5 0000000000000000
@05E6 0000000000000000
@05E7 0000000000000000
@05E8 0000000000000000
@05E9 0000000000000000
@05EA 0000000000000000
@05EB 0000000000000000
@05EC 0000000000000000
@05ED -000000000000001
@05EE 0000000000000000
@05EF 0000000000000000
@05F0 0000000000000000
@05F1 0000000000000000
@05F2 0000000000000000
@05F3 0000000000000000
@05F4 0000000000000000
@05F5 0000000000000000
@05F6 -000000000000001
@05F7 0000000000000000
@05F8 0000000000000002
@05F9 0000000000000000
@05FA 0000000000000001
@05FB 0000000000000000
@05FC 0000000000000000
@05FD -000000000000001
@05FE 0000000000000000
@05FF 0000000000000000
@0600 0000000000000000
@0601 0000000000000000
@0602 -000000000000001
@0603 0000000000000000
@0604 0000000000000001
@0605 -000000000000002
@0606 0000000000000000
@0607 0000000000000000
@0608 0000000000000000
@0609 -000000000000001
@060A 0000000000000000
@060B 0000000000000000
@060C 0000000000000000
@060D 0000000000000000
@060E 0000000000000000
@060F 0000000000000000
@0610 0000000000000000
@0611 0000000000000000
@0612 0000000000000000
@0613 0000000000000000
@0614 0000000000000001
@0615 0000000000000000
@0616 0000000000000000
@0617 0000000000000000
@0618 0000000000000001
@0619 0000000000000000
@061A 0000000000000000
@061B 0000000000000000
@061C 0000000000000000
@061D 0000000000000000
@061E 0000000000000000
@061F 0000000000000000
@0620 0000000000000000
@0621 0000000000000000
@0622 -000000000000001
@0623 0000000000000000
@0624 0000000000000000
@0625 0000000000000000
@0626 0000000000000002
@0627 0000000000000000
@0628 -000000000000001
@0629 0000000000000000
@062A 0000000000000000
@062B 0000000000000000
@062C 0000000000000000
@062D 0000000000000000
@062E 0000000000000000
@062F 0000000000000000
@0630 0000000000000000
@0631 0000000000000000
@0632 0000000000000000
@0633 0000000000000001
@0634 0000000000000000
@0635 0000000000000000
@0636 0000000000000000
@0637 0000000000000000
@0638 0000000000000000
@0639 0000000000000000
@063A 0000000000000002
@063B 0000000000000000
@063C 0000000000000000
@063D 0000000000000000
@063E 0000000000000000
@063F 0000000000000000
@0640 0000000000000000
@0641 0000000000000000
@0642 0000000000000000
@0643 0000000000000000
@0644 0000000000000000
@0645 0000000000000000
@0646 0000000000000000
@0647 0000000000000000
@0648 0000000000000000
@0649 0000000000000001
@064A 0000000000000000
@064B 0000000000000000
@064C 0000000000000001
@064D 0000000000000000
@064E 0000000000000000
@064F 0000000000000000
@0650 0000000000000000
@0651 0000000000000000
@0652 0000000000000000
@0653 0000000000000000
@0654 0000000000000000
@0655 0000000000000000
@0656 0000000000000000
@0657 0000000000000000
@0658 0000000000000000
@0659 0000000000000000
@065A 0000000000000000
@065B 0000000000000000
@065C 0000000000000001
@065D 0000000000000000
@065E 0000000000000000
@065F 0000000000000000
@0660 0000000000000000
@0661 0000000000000001
@0662 -000000000000001
@0663 0000000000000000
@0664 0000000000000000
@0665 0000000000000000
@0666 0000000000000000
@0667 0000000000000000
@0668 0000000000000000
@0669 0000000000000000
@066A 0000000000000000
@066B 0000000000000000
@066C 0000000000000000
@066D 0000000000000000
@066E 0000000000000000
@066F 0000000000000000
@0670 0000000000000000
@0671 0000000000000003
@0672 0000000000000000
@0673 0000000000000000
@0674 0000000000000000
@0675 0000000000000000
@0676 0000000000000000
@0677 0000000000000001
@0678 0000000000000000
@0679 0000000000000000
@067A 0000000000000000
@067B 0000000000000000
@067C 0000000000000000
@067D 0000000000000000
@067E 0000000000000000
@067F 0000000000000000
@0680 0000000000000000
@0681 0000000000000000
@0682 0000000000000000
@0683 0000000000000000
@0684 0000000000000000
@0685 0000000000000000
@0686 0000000000000000
@0687 0000000000000000
@0688 0000000000000000
@0689 0000000000000000
@068A 0000000000000000
@068B 0000000000000001
@068C 0000000000000000
@068D 0000000000000000
@068E 0000000000000000
@068F 0000000000000000
@0690 0000000000000000
@0691 0000000000000000
@0692 0000000000000000
@0693 0000000000000001
@0694 0000000000000000
@0695 0000000000000000
@0696 0000000000000000
@0697 0000000000000000
@0698 0000000000000000
@0699 0000000000000000
@069A 0000000000000000
@069B 0000000000000000
@069C 0000000000000000
@069D 0000000000000000
@069E 0000000000000000
@069F 0000000000000000
@06A0 0000000000000000
@06A1 -000000000000001
@06A2 0000000000000000
@06A3 0000000000000000
@06A4 0000000000000000
@06A5 0000000000000000
@06A6 0000000000000000
@06A7 0000000000000000
@06A8 0000000000000000
@06A9 0000000000000000
@06AA 0000000000000000
@06AB 0000000000000000
@06AC 0000000000000000
@06AD -000000000000001
@06AE 0000000000000000
@06AF 0000000000000000
@06B0 0000000000000000
@06B1 0000000000000000
@06B2 0000000000000000
@06B3 0000000000000000
@06B4 0000000000000000
@06B5 0000000000000000
@06B6 -000000000000001
@06B7 0000000000000000
@06B8 0000000000000001
@06B9 0000000000000000
@06BA 0000000000000000
@06BB 0000000000000000
@06BC 0000000000000000
@06BD -000000000000001
@06BE 0000000000000000
@06BF 0000000000000000
@06C0 0000000000000000
@06C1 0000000000000000
@06C2 -000000000000001
@06C3 0000000000000000
@06C4 0000000000000001
@06C5 -000000000000002
@06C6 0000000000000000
@06C7 0000000000000000
@06C8 0000000000000000
@06C9 -000000000000001
@06CA 0000000000000000
@06CB 0000000000000000
@06CC 0000000000000000
@06CD 0000000000000000
@06CE 0000000000000000
@06CF 0000000000000000
@06D0 0000000000000000
@06D1 0000000000000000
@06D2 0000000000000000
@06D3 0000000000000000
@06D4 0000000000000001
@06D5 0000000000000000
@06D6 0000000000000000
@06D7 0000000000000000
@06D8 0000000000000001
@06D9 0000000000000000
@06DA 0000000000000000
@06DB 0000000000000000
@06DC 0000000000000000
@06DD 0000000000000000
@06DE 0000000000000000
@06DF 0000000000000000
@06E0 0000000000000000
@06E1 0000000000000000
@06E2 -000000000000001
@06E3 0000000000000000
@06E4 0000000000000000
@06E5 0000000000000000
@06E6 0000000000000002
@06E7 0000000000000000
@06E8 -000000000000001
@06E9 0000000000000000
@06EA 0000000000000000
@06EB 0000000000000000
@06EC 0000000000000000
@06ED 0000000000000000
@06EE 0000000000000000
@06EF 0000000000000000
@06F0 0000000000000000
@06F1 0000000000000000
@06F2 0000000000000000
@06F3 0000000000000001
@06F4 0000000000000000
@06F5 0000000000000000
@06F6 0000000000000000
@06F7 0000000000000000
@06F8 0000000000000000
@06F9 0000000000000000
@06FA 0000000000000002
@06FB 0000000000000000
@06FC 0000000000000000
@06FD 0000000000000000
@06FE 0000000000000000
@06FF 0000000000000000
@0700 0000000000000000
@0701 0000000000000000
@0702 0000000000000000
@0703 0000000000000000
@0704 0000000000000000
@0705 0000000000000000
@0706 0000000000000000
@0707 0000000000000000
@0708 0000000000000000
@0709 0000000000000001
@070A -000000000000001
@070B 0000000000000000
@070C 0000000000000001
@070D 0000000000000000
@070E 0000000000000000
@070F 0000000000000000
@0710 -000000000000001
@0711 0000000000000000
@0712 0000000000000000
@0713 0000000000000000
@0714 0000000000000000
@0715 0000000000000000
@0716 0000000000000000
@0717 0000000000000000
@0718 0000000000000000
@0719 0000000000000000
@071A 0000000000000000
@071B 0000000000000000
@071C 0000000000000001
@071D 0000000000000000
@071E 0000000000000000
@071F 0000000000000000
@0720 0000000000000000
@0721 0000000000000001
@0722 -000000000000001
@0723 0000000000000000
@0724 0000000000000000
@0725 0000000000000000
@0726 0000000000000000
@0727 0000000000000000
@0728 0000000000000000
@0729 0000000000000000
@072A 0000000000000000
@072B 0000000000000000
@072C 0000000000000000
@072D 0000000000000000
@072E 0000000000000000
@072F 0000000000000000
@0730 0000000000000000
@0731 0000000000000002
@0732 0000000000000000
@0733 0000000000000000
@0734 0000000000000000
@0735 0000000000000000
@0736 0000000000000000
@0737 0000000000000000
@0738 0000000000000000
@0739 0000000000000000
@073A 0000000000000000
@073B 0000000000000000
@073C 0000000000000000
@073D 0000000000000000
@073E 0000000000000000
@073F 0000000000000000
@0740 0000000000000000
@0741 0000000000000000
@0742 0000000000000000
@0743 0000000000000000
@0744 0000000000000000
@0745 0000000000000000
@0746 0000000000000000
@0747 0000000000000000
@0748 0000000000000000
@0749 0000000000000000
@074A 0000000000000000
@074B 0000000000000001
@074C 0000000000000000
@074D 0000000000000000
@074E 0000000000000000
@074F 0000000000000000
@0750 0000000000000000
@0751 0000000000000000
@0752 0000000000000000
@0753 0000000000000001
@0754 0000000000000000
@0755 0000000000000000
@0756 0000000000000000
@0757 0000000000000000
@0758 0000000000000000
@0759 0000000000000000
@075A 0000000000000000
@075B 0000000000000000
@075C 0000000000000000
@075D 0000000000000000
@075E 0000000000000000
@075F 0000000000000000
@0760 0000000000000000
@0761 -000000000000001
@0762 0000000000000000
@0763 0000000000000000
@0764 0000000000000000
@0765 0000000000000000
@0766 0000000000000000
@0767 0000000000000000
@0768 0000000000000000
@0769 0000000000000000
@076A 0000000000000000
@076B 0000000000000000
@076C 0000000000000000
@076D -000000000000001
@076E 0000000000000000
@076F 0000000000000000
@0770 0000000000000000
@0771 0000000000000000
@0772 0000000000000000
@0773 0000000000000000
@0774 0000000000000000
@0775 0000000000000000
@0776 -000000000000001
@0777 0000000000000000
@0778 0000000000000001
@0779 0000000000000000
@077A 0000000000000001
@077B 0000000000000000
@077C 0000000000000000
@077D -000000000000001
@077E 0000000000000000
@077F 0000000000000000
@0780 0000000000000000
@0781 0000000000000000
@0782 -000000000000001
@0783 0000000000000000
@0784 0000000000000001
@0785 -000000000000002
@0786 0000000000000000
@0787 0000000000000000
@0788 0000000000000000
@0789 -000000000000001
@078A 0000000000000000
@078B 0000000000000000
@078C 0000000000000000
@078D 0000000000000000
@078E 0000000000000000
@078F 0000000000000000
@0790 0000000000000000
@0791 0000000000000000
@0792 0000000000000000
@0793 0000000000000000
@0794 0000000000000001
@0795 0000000000000000
@0796 0000000000000000
@0797 0000000000000000
@0798 0000000000000001
@0799 0000000000000000
@079A 0000000000000000
@079B 0000000000000000
@079C 0000000000000000
@079D 0000000000000000
@079E 0000000000000000
@079F 0000000000000000
@07A0 0000000000000000
@07A1 0000000000000000
@07A2 -000000000000001
@07A3 0000000000000000
@07A4 0000000000000000
@07A5 0000000000000000
@07A6 0000000000000002
@07A7 0000000000000000
@07A8 -000000000000001
@07A9 0000000000000000
@07AA 0000000000000000
@07AB 0000000000000000
@07AC 0000000000000000
@07AD 0000000000000000
@07AE 0000000000000000
@07AF 0000000000000000
@07B0 0000000000000000
@07B1 0000000000000000
@07B2 0000000000000000
@07B3 0000000000000001
@07B4 0000000000000000
@07B5 0000000000000000
@07B6 0000000000000000
@07B7 0000000000000000
@07B8 0000000000000000
@07B9 0000000000000000
@07BA 0000000000000002
@07BB 0000000000000000
@07BC 0000000000000000
@07BD 0000000000000000
@07BE 0000000000000000
@07BF 0000000000000000
@07C0 0000000000000000
@07C1 0000000000000000
@07C2 0000000000000000
@07C3 0000000000000000
@07C4 0000000000000000
@07C5 0000000000000000
@07C6 0000000000000000
@07C7 0000000000000000
@07C8 0000000000000000
@07C9 0000000000000001
@07CA -000000000000001
@07CB 0000000000000000
@07CC 0000000000000001
@07CD 0000000000000000
@07CE 0000000000000000
@07CF 0000000000000000
@07D0 -000000000000001
@07D1 0000000000000000
@07D2 0000000000000000
@07D3 0000000000000000
@07D4 0000000000000000
@07D5 0000000000000000
@07D6 0000000000000000
@07D7 0000000000000000
@07D8 0000000000000000
@07D9 0000000000000000
@07DA 0000000000000000
@07DB 0000000000000000
@07DC 0000000000000002
@07DD 0000000000000000
@07DE 0000000000000000
@07DF 0000000000000000
@07E0 0000000000000000
@07E1 0000000000000000
@07E2 -000000000000001
@07E3 0000000000000000
@07E4 0000000000000000
@07E5 0000000000000000
@07E6 0000000000000000
@07E7 0000000000000000
@07E8 0000000000000000
@07E9 0000000000000000
@07EA 0000000000000000
@07EB 0000000000000000
@07EC 0000000000000000
@07ED 0000000000000000
@07EE 0000000000000000
@07EF 0000000000000000
@07F0 0000000000000000
@07F1 0000000000000002
@07F2 0000000000000000
@07F3 0000000000000000
@07F4 0000000000000000
@07F5 0000000000000000
@07F6 0000000000000000
@07F7 0000000000000000
@07F8 0000000000000000
@07F9 0000000000000000
@07FA 0000000000000000
@07FB 0000000000000000
@07FC 0000000000000000
@07FD 0000000000000000
@07FE 0000000000000000
@07FF 0000000000000000
@0800 0000000000000000
@0801 0000000000000000
@0802 0000000000000000
@0803 0000000000000000
@0804 0000000000000000
@0805 0000000000000000
@0806 0000000000000000
@0807 0000000000000000
@0808 0000000000000000
@0809 0000000000000000
@080A 0000000000000000
@080B 0000000000000001
@080C 0000000000000000
@080D 0000000000000000
@080E 0000000000000000
@080F 0000000000000000
@0810 0000000000000000
@0811 0000000000000000
@0812 0000000000000000
@0813 0000000000000001
@0814 0000000000000000
@0815 0000000000000000
@0816 0000000000000000
@0817 0000000000000000
@0818 0000000000000000
@0819 0000000000000000
@081A 0000000000000000
@081B 0000000000000000
@081C 0000000000000000
@081D 0000000000000000
@081E 0000000000000000
@081F 0000000000000000
@0820 0000000000000000
@0821 0000000000000000
@0822 0000000000000000
@0823 0000000000000000
@0824 0000000000000000
@0825 0000000000000000
@0826 0000000000000000
@0827 0000000000000000
@0828 0000000000000000
@0829 0000000000000000
@082A 0000000000000000
@082B 0000000000000000
@082C 0000000000000000
@082D -000000000000002
@082E 0000000000000000
@082F 0000000000000000
@0830 0000000000000000
@0831 0000000000000000
@0832 0000000000000000
@0833 0000000000000000
@0834 0000000000000000
@0835 0000000000000000
@0836 -000000000000001
@0837 0000000000000000
@0838 0000000000000002
@0839 0000000000000000
@083A 0000000000000001
@083B 0000000000000000
@083C 0000000000000000
@083D -000000000000001
@083E 0000000000000000
@083F 0000000000000000
@0840 0000000000000000
@0841 0000000000000000
@0842 -000000000000001
@0843 0000000000000000
@0844 0000000000000001
@0845 -000000000000002
@0846 0000000000000000
@0847 0000000000000000
@0848 0000000000000000
@0849 -000000000000001
@084A 0000000000000000
@084B 0000000000000000
@084C 0000000000000000
@084D 0000000000000000
@084E 0000000000000000
@084F 0000000000000000
@0850 0000000000000000
@0851 0000000000000000
@0852 0000000000000000
@0853 0000000000000000
@0854 0000000000000001
@0855 0000000000000000
@0856 0000000000000000
@0857 0000000000000000
@0858 0000000000000001
@0859 0000000000000000
@085A 0000000000000000
@085B 0000000000000000
@085C 0000000000000000
@085D 0000000000000000
@085E 0000000000000000
@085F 0000000000000000
@0860 0000000000000000
@0861 0000000000000000
@0862 -000000000000001
@0863 0000000000000000
@0864 0000000000000000
@0865 0000000000000000
@0866 0000000000000002
@0867 0000000000000000
@0868 -000000000000001
@0869 0000000000000000
@086A 0000000000000000
@086B 0000000000000000
@086C 0000000000000000
@086D 0000000000000000
@086E 0000000000000000
@086F 0000000000000000
@0870 0000000000000000
@0871 0000000000000000
@0872 0000000000000000
@0873 0000000000000001
@0874 0000000000000000
@0875 0000000000000000
@0876 0000000000000000
@0877 0000000000000000
@0878 0000000000000000
@0879 0000000000000000
@087A 0000000000000002
@087B 0000000000000000
@087C 0000000000000000
@087D 0000000000000000
@087E 0000000000000000
@087F 0000000000000000
@0880 0000000000000000
@0881 0000000000000000
@0882 0000000000000000
@0883 0000000000000000
@0884 0000000000000000
@0885 0000000000000000
@0886 0000000000000000
@0887 0000000000000000
@0888 0000000000000000
@0889 0000000000000001
@088A -000000000000001
@088B 0000000000000000
@088C 0000000000000001
@088D 0000000000000000
@088E 0000000000000000
@088F 0000000000000000
@0890 -000000000000001
@0891 0000000000000000
@0892 0000000000000000
@0893 0000000000000000
@0894 0000000000000000
@0895 0000000000000000
@0896 0000000000000000
@0897 0000000000000000
@0898 0000000000000000
@0899 0000000000000000
@089A 0000000000000000
@089B 0000000000000000
@089C 0000000000000001
@089D 0000000000000000
@089E 0000000000000000
@089F 0000000000000000
@08A0 0000000000000000
@08A1 0000000000000000
@08A2 -000000000000001
@08A3 0000000000000000
@08A4 0000000000000000
@08A5 0000000000000000
@08A6 0000000000000000
@08A7 0000000000000000
@08A8 0000000000000000
@08A9 0000000000000000
@08AA 0000000000000000
@08AB 0000000000000000
@08AC 0000000000000000
@08AD 0000000000000000
@08AE 0000000000000000
@08AF 0000000000000000
@08B0 0000000000000000
@08B1 0000000000000002
@08B2 0000000000000000
@08B3 0000000000000000
@08B4 0000000000000000
@08B5 0000000000000000
@08B6 0000000000000000
@08B7 0000000000000000
@08B8 0000000000000000
@08B9 0000000000000000
@08BA 0000000000000000
@08BB 0000000000000000
@08BC 0000000000000000
@08BD 0000000000000000
@08BE 0000000000000000
@08BF 0000000000000000
@08C0 0000000000000000
@08C1 0000000000000000
@08C2 0000000000000000
@08C3 0000000000000000
@08C4 0000000000000000
@08C5 0000000000000000
@08C6 0000000000000000
@08C7 0000000000000000
@08C8 0000000000000000
@08C9 0000000000000000
@08CA 0000000000000000
@08CB 0000000000000001
@08CC 0000000000000000
@08CD 0000000000000000
@08CE 0000000000000000
@08CF 0000000000000000
@08D0 0000000000000000
@08D1 0000000000000000
@08D2 0000000000000000
@08D3 0000000000000001
@08D4 0000000000000000
@08D5 0000000000000000
@08D6 0000000000000000
@08D7 0000000000000000
@08D8 0000000000000000
@08D9 0000000000000000
@08DA 0000000000000000
@08DB 0000000000000000
@08DC 0000000000000000
@08DD 0000000000000000
@08DE 0000000000000000
@08DF 0000000000000000
@08E0 0000000000000000
@08E1 -000000000000001
@08E2 0000000000000000
@08E3 0000000000000000
@08E4 0000000000000000
@08E5 0000000000000000
@08E6 0000000000000000
@08E7 0000000000000000
@08E8 0000000000000000
@08E9 0000000000000000
@08EA 0000000000000000
@08EB 0000000000000000
@08EC 0000000000000000
@08ED -000000000000002
@08EE 0000000000000000
@08EF 0000000000000000
@08F0 0000000000000000
@08F1 0000000000000000
@08F2 0000000000000000
@08F3 0000000000000000
@08F4 0000000000000000
@08F5 0000000000000000
@08F6 -000000000000001
@08F7 0000000000000000
@08F8 0000000000000002
@08F9 0000000000000000
@08FA 0000000000000001
@08FB 0000000000000000
@08FC 0000000000000000
@08FD -000000000000001
@08FE 0000000000000000
@08FF 0000000000000000
@0900 0000000000000000
@0901 0000000000000000
@0902 -000000000000001
@0903 0000000000000000
@0904 0000000000000001
@0905 -000000000000002
@0906 0000000000000000
@0907 0000000000000000
@0908 0000000000000000
@0909 -000000000000001
@090A 0000000000000000
@090B 0000000000000000
@090C 0000000000000000
@090D 0000000000000000
@090E 0000000000000000
@090F 0000000000000000
@0910 0000000000000000
@0911 0000000000000000
@0912 0000000000000000
@0913 0000000000000000
@0914 0000000000000001
@0915 0000000000000000
@0916 0000000000000000
@0917 0000000000000000
@0918 0000000000000001
@0919 0000000000000000
@091A 0000000000000000
@091B 0000000000000000
@091C 0000000000000000
@091D 0000000000000000
@091E 0000000000000000
@091F 0000000000000000
@0920 0000000000000000
@0921 0000000000000000
@0922 -000000000000001
@0923 0000000000000000
@0924 0000000000000000
@0925 0000000000000000
@0926 0000000000000002
@0927 0000000000000000
@0928 -000000000000001
@0929 0000000000000000
@092A 0000000000000000
@092B 0000000000000000
@092C 0000000000000000
@092D 0000000000000000
@092E 0000000000000000
@092F 0000000000000000
@0930 0000000000000000
@0931 0000000000000000
@0932 0000000000000000
@0933 0000000000000001
@0934 0000000000000000
@0935 0000000000000000
@0936 -000000000000001
@0937 0000000000000000
@0938 0000000000000000
@0939 0000000000000000
@093A 0000000000000002
@093B 0000000000000000
@093C 0000000000000000
@093D 0000000000000000
@093E 0000000000000000
@093F 0000000000000000
@0940 0000000000000000
@0941 0000000000000000
@0942 0000000000000000
@0943 0000000000000000
@0944 0000000000000000
@0945 0000000000000000
@0946 0000000000000000
@0947 0000000000000000
@0948 0000000000000000
@0949 0000000000000001
@094A -000000000000001
@094B 0000000000000000
@094C 0000000000000001
@094D 0000000000000000
@094E 0000000000000000
@094F 0000000000000000
@0950 -000000000000001
@0951 0000000000000000
@0952 0000000000000000
@0953 0000000000000000
@0954 0000000000000000
@0955 0000000000000000
@0956 0000000000000000
@0957 0000000000000000
@0958 0000000000000000
@0959 0000000000000000
@095A 0000000000000000
@095B 0000000000000000
@095C 0000000000000001
@095D 0000000000000000
@095E 0000000000000000
@095F 0000000000000000
@0960 0000000000000000
@0961 0000000000000000
@0962 -000000000000001
@0963 0000000000000000
@0964 0000000000000000
@0965 0000000000000000
@0966 0000000000000000
@0967 0000000000000000
@0968 0000000000000000
@0969 0000000000000000
@096A 0000000000000000
@096B 0000000000000000
@096C 0000000000000000
@096D 0000000000000000
@096E 0000000000000000
@096F 0000000000000000
@0970 0000000000000000
@0971 0000000000000002
@0972 0000000000000000
@0973 0000000000000000
@0974 0000000000000000
@0975 0000000000000000
@0976 0000000000000000
@0977 0000000000000001
@0978 0000000000000000
@0979 0000000000000000
@097A 0000000000000000
@097B 0000000000000000
@097C 0000000000000000
@097D 0000000000000000
@097E 0000000000000000
@097F 0000000000000000
@0980 0000000000000000
@0981 0000000000000000
@0982 0000000000000000
@0983 0000000000000000
@0984 0000000000000000
@0985 0000000000000000
@0986 0000000000000000
@0987 0000000000000000
@0988 0000000000000000
@0989 0000000000000000
@098A 0000000000000000
@098B 0000000000000001
@098C 0000000000000000
@098D 0000000000000000
@098E 0000000000000000
@098F 0000000000000000
@0990 0000000000000000
@0991 0000000000000000
@0992 0000000000000000
@0993 0000000000000001
@0994 0000000000000000
@0995 0000000000000000
@0996 0000000000000000
@0997 0000000000000000
@0998 0000000000000000
@0999 0000000000000000
@099A 0000000000000000
@099B 0000000000000000
@099C 0000000000000000
@099D 0000000000000000
@099E 0000000000000000
@099F 0000000000000000
@09A0 0000000000000000
@09A1 -000000000000001
@09A2 0000000000000000
@09A3 0000000000000000
@09A4 0000000000000000
@09A5 0000000000000000
@09A6 0000000000000000
@09A7 0000000000000000
@09A8 0000000000000000
@09A9 0000000000000000
@09AA 0000000000000000
@09AB 0000000000000000
@09AC 0000000000000000
@09AD -000000000000002
@09AE 0000000000000000
@09AF 0000000000000000
@09B0 0000000000000000
@09B1 0000000000000000
@09B2 0000000000000000
@09B3 0000000000000000
@09B4 0000000000000000
@09B5 0000000000000000
@09B6 -000000000000001
@09B7 0000000000000000
@09B8 0000000000000002
@09B9 0000000000000000
@09BA 0000000000000001
@09BB 0000000000000000
@09BC 0000000000000000
@09BD -000000000000001
@09BE 0000000000000000
@09BF 0000000000000000
@09C0 0000000000000000
@09C1 0000000000000000
@09C2 -000000000000001
@09C3 0000000000000000
@09C4 0000000000000001
@09C5 -000000000000002
@09C6 0000000000000000
@09C7 0000000000000000
@09C8 0000000000000000
@09C9 -000000000000001
@09CA 0000000000000000
@09CB 0000000000000000
@09CC 0000000000000000
@09CD 0000000000000000
@09CE 0000000000000000
@09CF 0000000000000000
@09D0 0000000000000000
@09D1 0000000000000000
@09D2 0000000000000000
@09D3 0000000000000000
@09D4 0000000000000001
@09D5 0000000000000000
@09D6 0000000000000000
@09D7 0000000000000000
@09D8 0000000000000001
@09D9 0000000000000000
@09DA 0000000000000000
@09DB 0000000000000000
@09DC 0000000000000000
@09DD 0000000000000000
@09DE 0000000000000000
@09DF 0000000000000000
@09E0 0000000000000000
@09E1 0000000000000000
@09E2 -000000000000001
@09E3 0000000000000000
@09E4 0000000000000000
@09E5 0000000000000000
@09E6 0000000000000002
@09E7 0000000000000000
@09E8 -000000000000001
@09E9 0000000000000000
@09EA 0000000000000000
@09EB 0000000000000000
@09EC 0000000000000000
@09ED 0000000000000000
@09EE 0000000000000000
@09EF 0000000000000000
@09F0 0000000000000000
@09F1 0000000000000000
@09F2 0000000000000000
@09F3 0000000000000001
@09F4 0000000000000000
@09F5 0000000000000000
@09F6 -000000000000001
@09F7 0000000000000000
@09F8 0000000000000000
@09F9 0000000000000000
@09FA 0000000000000002
@09FB 0000000000000000
@09FC 0000000000000000
@09FD 0000000000000000
@09FE 0000000000000000
@09FF 0000000000000000
@0A00 0000000000000000
@0A01 0000000000000000
@0A02 0000000000000000
@0A03 0000000000000000
@0A04 0000000000000000
@0A05 0000000000000000
@0A06 0000000000000000
@0A07 0000000000000000
@0A08 0000000000000000
@0A09 0000000000000001
@0A0A -000000000000001
@0A0B 0000000000000000
@0A0C 0000000000000001
@0A0D 0000000000000000
@0A0E 0000000000000000
@0A0F 0000000000000000
@0A10 -000000000000001
@0A11 0000000000000000
@0A12 0000000000000000
@0A13 0000000000000000
@0A14 0000000000000000
@0A15 0000000000000000
@0A16 0000000000000000
@0A17 0000000000000000
@0A18 0000000000000000
@0A19 0000000000000000
@0A1A 0000000000000000
@0A1B 0000000000000000
@0A1C 0000000000000001
@0A1D 0000000000000000
@0A1E 0000000000000000
@0A1F 0000000000000000
@0A20 0000000000000000
@0A21 0000000000000000
@0A22 -000000000000001
@0A23 0000000000000000
@0A24 0000000000000000
@0A25 0000000000000000
@0A26 0000000000000000
@0A27 0000000000000000
@0A28 0000000000000000
@0A29 0000000000000000
@0A2A 0000000000000000
@0A2B 0000000000000000
@0A2C 0000000000000000
@0A2D 0000000000000000
@0A2E 0000000000000000
@0A2F 0000000000000000
@0A30 0000000000000000
@0A31 0000000000000003
@0A32 0000000000000000
@0A33 0000000000000000
@0A34 0000000000000001
@0A35 0000000000000000
@0A36 0000000000000000
@0A37 0000000000000001
@0A38 0000000000000000
@0A39 0000000000000000
@0A3A 0000000000000000
@0A3B 0000000000000000
@0A3C 0000000000000000
@0A3D 0000000000000000
@0A3E 0000000000000000
@0A3F 0000000000000000
@0A40 0000000000000000
@0A41 0000000000000000
@0A42 0000000000000000
@0A43 0000000000000000
@0A44 0000000000000000
@0A45 0000000000000000
@0A46 0000000000000000
@0A47 0000000000000000
@0A48 0000000000000000
@0A49 0000000000000000
@0A4A 0000000000000000
@0A4B 0000000000000001
@0A4C 0000000000000000
@0A4D 0000000000000000
@0A4E 0000000000000000
@0A4F 0000000000000000
@0A50 0000000000000000
@0A51 0000000000000000
@0A52 0000000000000000
@0A53 0000000000000001
@0A54 0000000000000000
@0A55 0000000000000000
@0A56 0000000000000000
@0A57 0000000000000000
@0A58 0000000000000000
@0A59 0000000000000000
@0A5A 0000000000000000
@0A5B 0000000000000000
@0A5C 0000000000000000
@0A5D 0000000000000000
@0A5E 0000000000000000
@0A5F 0000000000000000
@0A60 0000000000000000
@0A61 0000000000000000
@0A62 0000000000000000
@0A63 0000000000000000
@0A64 0000000000000000
@0A65 0000000000000000
@0A66 0000000000000000
@0A67 0000000000000000
@0A68 0000000000000000
@0A69 0000000000000000
@0A6A 0000000000000000
@0A6B 0000000000000000
@0A6C 0000000000000000
@0A6D -000000000000002
@0A6E 0000000000000000
@0A6F 0000000000000000
@0A70 0000000000000000
@0A71 0000000000000000
@0A72 0000000000000000
@0A73 0000000000000000
@0A74 0000000000000000
@0A75 0000000000000000
@0A76 -000000000000001
@0A77 0000000000000000
@0A78 0000000000000002
@0A79 0000000000000000
@0A7A 0000000000000001
@0A7B 0000000000000000
@0A7C 0000000000000000
@0A7D -000000000000001
@0A7E 0000000000000000
@0A7F 0000000000000000
@0A80 0000000000000000
@0A81 0000000000000000
@0A82 -000000000000001
@0A83 0000000000000000
@0A84 0000000000000001
@0A85 -000000000000002
@0A86 0000000000000000
@0A87 0000000000000000
@0A88 0000000000000000
@0A89 -000000000000001
@0A8A 0000000000000000
@0A8B 0000000000000000
@0A8C 0000000000000000
@0A8D 0000000000000000
@0A8E 0000000000000000
@0A8F 0000000000000000
@0A90 0000000000000000
@0A91 0000000000000000
@0A92 0000000000000000
@0A93 0000000000000000
@0A94 0000000000000001
@0A95 0000000000000000
@0A96 0000000000000000
@0A97 0000000000000000
@0A98 0000000000000001
@0A99 0000000000000000
@0A9A 0000000000000000
@0A9B 0000000000000000
@0A9C 0000000000000000
@0A9D 0000000000000000
@0A9E 0000000000000000
@0A9F 0000000000000000
@0AA0 0000000000000000
@0AA1 0000000000000000
@0AA2 -000000000000001
@0AA3 0000000000000000
@0AA4 0000000000000000
@0AA5 0000000000000000
@0AA6 0000000000000002
@0AA7 0000000000000000
@0AA8 -000000000000001
@0AA9 0000000000000000
@0AAA 0000000000000000
@0AAB 0000000000000000
@0AAC 0000000000000000
@0AAD 0000000000000000
@0AAE 0000000000000000
@0AAF 0000000000000000
@0AB0 0000000000000000
@0AB1 0000000000000000
@0AB2 0000000000000000
@0AB3 0000000000000001
@0AB4 0000000000000000
@0AB5 0000000000000000
@0AB6 -000000000000001
@0AB7 0000000000000000
@0AB8 0000000000000000
@0AB9 0000000000000000
@0ABA 0000000000000002
@0ABB 0000000000000000
@0ABC 0000000000000000
@0ABD 0000000000000000
@0ABE 0000000000000000
@0ABF 0000000000000000
@0AC0 0000000000000000
@0AC1 0000000000000000
@0AC2 0000000000000000
@0AC3 0000000000000000
@0AC4 0000000000000000
@0AC5 0000000000000000
@0AC6 0000000000000000
@0AC7 0000000000000000
@0AC8 0000000000000000
@0AC9 0000000000000001
@0ACA 0000000000000000
@0ACB 0000000000000000
@0ACC 0000000000000001
@0ACD 0000000000000000
@0ACE 0000000000000000
@0ACF 0000000000000000
@0AD0 -000000000000001
@0AD1 0000000000000000
@0AD2 0000000000000000
@0AD3 0000000000000000
@0AD4 0000000000000000
@0AD5 0000000000000000
@0AD6 0000000000000000
@0AD7 0000000000000000
@0AD8 0000000000000000
@0AD9 0000000000000000
@0ADA 0000000000000000
@0ADB 0000000000000000
@0ADC 0000000000000002
@0ADD 0000000000000000
@0ADE 0000000000000000
@0ADF 0000000000000000
@0AE0 0000000000000000
@0AE1 0000000000000000
@0AE2 -000000000000001
@0AE3 0000000000000000
@0AE4 0000000000000000
@0AE5 0000000000000000
@0AE6 0000000000000000
@0AE7 0000000000000000
@0AE8 0000000000000000
@0AE9 0000000000000000
@0AEA 0000000000000000
@0AEB 0000000000000000
@0AEC 0000000000000000
@0AED 0000000000000000
@0AEE 0000000000000000
@0AEF 0000000000000000
@0AF0 -000000000000001
@0AF1 0000000000000002
@0AF2 0000000000000000
@0AF3 0000000000000000
@0AF4 0000000000000000
@0AF5 0000000000000000
@0AF6 0000000000000000
@0AF7 0000000000000001
@0AF8 0000000000000000
@0AF9 0000000000000000
@0AFA 0000000000000000
@0AFB 0000000000000000
@0AFC 0000000000000000
@0AFD 0000000000000000
@0AFE 0000000000000000
@0AFF 0000000000000000
@0B00 0000000000000000
@0B01 0000000000000000
@0B02 0000000000000000
@0B03 0000000000000000
@0B04 0000000000000000
@0B05 0000000000000000
@0B06 0000000000000000
@0B07 0000000000000000
@0B08 0000000000000000
@0B09 0000000000000000
@0B0A 0000000000000000
@0B0B 0000000000000001
@0B0C 0000000000000000
@0B0D 0000000000000000
@0B0E 0000000000000000
@0B0F 0000000000000000
@0B10 0000000000000000
@0B11 0000000000000000
@0B12 0000000000000000
@0B13 0000000000000001
@0B14 0000000000000000
@0B15 0000000000000000
@0B16 0000000000000000
@0B17 0000000000000000
@0B18 0000000000000000
@0B19 0000000000000000
@0B1A 0000000000000000
@0B1B 0000000000000000
@0B1C 0000000000000000
@0B1D 0000000000000000
@0B1E 0000000000000000
@0B1F 0000000000000000
@0B20 0000000000000000
@0B21 -000000000000001
@0B22 0000000000000000
@0B23 0000000000000000
@0B24 0000000000000000
@0B25 0000000000000000
@0B26 0000000000000000
@0B27 0000000000000000
@0B28 0000000000000000
@0B29 0000000000000000
@0B2A 0000000000000000
@0B2B 0000000000000000
@0B2C 0000000000000000
@0B2D -000000000000001
@0B2E 0000000000000000
@0B2F 0000000000000000
@0B30 0000000000000000
@0B31 0000000000000000
@0B32 0000000000000000
@0B33 0000000000000000
@0B34 0000000000000000
@0B35 0000000000000000
@0B36 -000000000000001
@0B37 0000000000000000
@0B38 0000000000000002
@0B39 0000000000000000
@0B3A 0000000000000000
@0B3B 0000000000000000
@0B3C 0000000000000000
@0B3D -000000000000001
@0B3E 0000000000000000
@0B3F 0000000000000000
@0B40 0000000000000000
@0B41 0000000000000000
@0B42 -000000000000001
@0B43 0000000000000000
@0B44 0000000000000001
@0B45 -000000000000002
@0B46 0000000000000000
@0B47 0000000000000000
@0B48 0000000000000001
@0B49 -000000000000001
@0B4A 0000000000000001
@0B4B 0000000000000000
@0B4C 0000000000000000
@0B4D 0000000000000000
@0B4E 0000000000000000
@0B4F 0000000000000000
@0B50 0000000000000000
@0B51 0000000000000000
@0B52 0000000000000000
@0B53 0000000000000000
@0B54 0000000000000001
@0B55 0000000000000000
@0B56 0000000000000000
@0B57 0000000000000000
@0B58 0000000000000001
@0B59 0000000000000000
@0B5A 0000000000000000
@0B5B 0000000000000000
@0B5C 0000000000000000
@0B5D 0000000000000000
@0B5E 0000000000000000
@0B5F 0000000000000000
@0B60 0000000000000000
@0B61 0000000000000000
@0B62 -000000000000001
@0B63 0000000000000000
@0B64 0000000000000000
@0B65 0000000000000000
@0B66 0000000000000002
@0B67 0000000000000000
@0B68 -000000000000001
@0B69 0000000000000000
@0B6A 0000000000000000
@0B6B 0000000000000000
@0B6C 0000000000000000
@0B6D 0000000000000000
@0B6E 0000000000000000
@0B6F 0000000000000000
@0B70 0000000000000000
@0B71 0000000000000000
@0B72 -000000000000001
@0B73 0000000000000001
@0B74 0000000000000000
@0B75 0000000000000000
@0B76 0000000000000000
@0B77 0000000000000000
@0B78 0000000000000000
@0B79 0000000000000000
@0B7A 0000000000000002
@0B7B 0000000000000000
@0B7C 0000000000000000
@0B7D 0000000000000000
@0B7E 0000000000000000
@0B7F 0000000000000000
@0B80 0000000000000000
@0B81 0000000000000000
@0B82 0000000000000000
@0B83 0000000000000000
@0B84 0000000000000000
@0B85 0000000000000000
@0B86 0000000000000000
@0B87 0000000000000000
@0B88 0000000000000000
@0B89 0000000000000001
@0B8A 0000000000000000
@0B8B 0000000000000000
@0B8C 0000000000000001
@0B8D 0000000000000000
@0B8E 0000000000000000
@0B8F 0000000000000000
@0B90 -000000000000001
@0B91 0000000000000000
@0B92 0000000000000001
@0B93 0000000000000000
@0B94 0000000000000000
@0B95 0000000000000000
@0B96 0000000000000000
@0B97 0000000000000000
@0B98 0000000000000000
@0B99 0000000000000000
@0B9A 0000000000000000
@0B9B 0000000000000000
@0B9C 0000000000000002
@0B9D 0000000000000000
@0B9E 0000000000000000
@0B9F 0000000000000000
@0BA0 0000000000000000
@0BA1 0000000000000001
@0BA2 -000000000000001
@0BA3 0000000000000000
@0BA4 0000000000000000
@0BA5 0000000000000000
@0BA6 0000000000000000
@0BA7 0000000000000000
@0BA8 0000000000000000
@0BA9 0000000000000000
@0BAA 0000000000000000
@0BAB 0000000000000000
@0BAC 0000000000000000
@0BAD 0000000000000000
@0BAE -000000000000001
@0BAF 0000000000000000
@0BB0 -000000000000001
@0BB1 0000000000000002
@0BB2 0000000000000000
@0BB3 0000000000000000
@0BB4 0000000000000000
@0BB5 0000000000000000
@0BB6 0000000000000000
@0BB7 0000000000000001
@0BB8 0000000000000000
@0BB9 0000000000000000
@0BBA 0000000000000000
@0BBB 0000000000000000
@0BBC 0000000000000000
@0BBD -000000000000001
@0BBE 0000000000000000
@0BBF 0000000000000000
@0BC0 0000000000000000
@0BC1 0000000000000000
@0BC2 0000000000000000
@0BC3 0000000000000000
@0BC4 0000000000000000
@0BC5 0000000000000000
@0BC6 0000000000000000
@0BC7 0000000000000000
@0BC8 0000000000000000
@0BC9 0000000000000000
@0BCA 0000000000000000
@0BCB 0000000000000001
@0BCC 0000000000000000
@0BCD 0000000000000000
@0BCE 0000000000000000
@0BCF 0000000000000000
@0BD0 0000000000000000
@0BD1 0000000000000000
@0BD2 0000000000000000
@0BD3 0000000000000000
@0BD4 0000000000000000
@0BD5 0000000000000000
@0BD6 0000000000000000
@0BD7 -000000000000001
@0BD8 0000000000000000
@0BD9 0000000000000000
@0BDA 0000000000000000
@0BDB 0000000000000000
@0BDC 0000000000000000
@0BDD 0000000000000001
@0BDE 0000000000000000
@0BDF 0000000000000000
@0BE0 0000000000000000
@0BE1 -000000000000001
@0BE2 0000000000000000
@0BE3 0000000000000000
@0BE4 0000000000000000
@0BE5 0000000000000000
@0BE6 0000000000000000
@0BE7 0000000000000000
@0BE8 0000000000000001
@0BE9 0000000000000000
@0BEA 0000000000000000
@0BEB 0000000000000000
@0BEC 0000000000000000
@0BED -000000000000001
@0BEE 0000000000000000
@0BEF 0000000000000000
@0BF0 0000000000000000
@0BF1 0000000000000000
@0BF2 0000000000000000
@0BF3 0000000000000000
@0BF4 0000000000000000
@0BF5 0000000000000000
@0BF6 0000000000000000
@0BF7 0000000000000000
@0BF8 0000000000000001
@0BF9 0000000000000000
@0BFA 0000000000000000
@0BFB 0000000000000000
@0BFC 0000000000000000
@0BFD 0000000000000000
@0BFE 0000000000000000
@0BFF 0000000000000000
@0C00 0000000000000000
@0C01 0000000000000000
@0C02 -000000000000001
@0C03 0000000000000000
@0C04 0000000000000001
@0C05 -000000000000002
@0C06 0000000000000000
@0C07 0000000000000000
@0C08 0000000000000000
@0C09 0000000000000000
@0C0A 0000000000000000
@0C0B 0000000000000000
@0C0C 0000000000000000
@0C0D 0000000000000000
@0C0E 0000000000000000
@0C0F 0000000000000000
@0C10 0000000000000000
@0C11 0000000000000000
@0C12 0000000000000000
@0C13 -000000000000001
@0C14 0000000000000001
@0C15 0000000000000000
@0C16 0000000000000000
@0C17 0000000000000000
@0C18 0000000000000002
@0C19 0000000000000000
@0C1A 0000000000000000
@0C1B 0000000000000000
@0C1C 0000000000000000
@0C1D -000000000000001
@0C1E 0000000000000000
@0C1F 0000000000000000
@0C20 0000000000000000
@0C21 0000000000000001
@0C22 -000000000000001
@0C23 -000000000000001
@0C24 0000000000000000
@0C25 0000000000000001
@0C26 0000000000000002
@0C27 0000000000000000
@0C28 -000000000000001
@0C29 0000000000000000
@0C2A -000000000000001
@0C2B 0000000000000001
@0C2C 0000000000000000
@0C2D 0000000000000000
@0C2E 0000000000000000
@0C2F 0000000000000000
@0C30 0000000000000000
@0C31 0000000000000000
@0C32 0000000000000000
@0C33 0000000000000001
@0C34 0000000000000000
@0C35 0000000000000000
@0C36 0000000000000000
@0C37 -000000000000001
@0C38 0000000000000000
@0C39 0000000000000000
@0C3A 0000000000000002
@0C3B 0000000000000000
@0C3C -000000000000001
@0C3D 0000000000000000
@0C3E 0000000000000000
@0C3F 0000000000000000
@0C40 0000000000000000
@0C41 0000000000000000
@0C42 0000000000000000
@0C43 0000000000000000
@0C44 0000000000000000
@0C45 0000000000000000
@0C46 0000000000000000
@0C47 0000000000000000
@0C48 0000000000000000
@0C49 0000000000000001
@0C4A 0000000000000000
@0C4B 0000000000000000
@0C4C 0000000000000000
@0C4D 0000000000000000
@0C4E 0000000000000000
@0C4F 0000000000000000
@0C50 -000000000000001
@0C51 0000000000000000
@0C52 0000000000000004
@0C53 0000000000000000
@0C54 0000000000000000
@0C55 0000000000000000
@0C56 0000000000000000
@0C57 0000000000000000
@0C58 0000000000000000
@0C59 -000000000000001
@0C5A 0000000000000000
@0C5B 0000000000000000
@0C5C 0000000000000002
@0C5D 0000000000000000
@0C5E 0000000000000000
@0C5F 0000000000000000
@0C60 0000000000000000
@0C61 0000000000000000
@0C62 0000000000000000
@0C63 0000000000000000
@0C64 0000000000000000
@0C65 0000000000000000
@0C66 0000000000000000
@0C67 0000000000000000
@0C68 0000000000000000
@0C69 0000000000000000
@0C6A 0000000000000000
@0C6B 0000000000000000
@0C6C -000000000000001
@0C6D 0000000000000000
@0C6E -000000000000002
@0C6F 0000000000000000
@0C70 -000000000000001
@0C71 0000000000000002
@0C72 0000000000000000
@0C73 0000000000000000
@0C74 0000000000000000
@0C75 0000000000000000
@0C76 0000000000000000
@0C77 0000000000000000
@0C78 0000000000000000
@0C79 0000000000000001
@0C7A 0000000000000000
@0C7B 0000000000000000
@0C7C 0000000000000000
@0C7D -000000000000001
@0C7E 0000000000000000
@0C7F 0000000000000000
@0C80 0000000000000000
@0C81 0000000000000000
@0C82 -000000000000001
@0C83 0000000000000000
@0C84 0000000000000000
@0C85 0000000000000001
@0C86 0000000000000000
@0C87 0000000000000000
@0C88 0000000000000000
@0C89 0000000000000000
@0C8A 0000000000000000
@0C8B 0000000000000000
@0C8C 0000000000000000
@0C8D 0000000000000000
@0C8E 0000000000000000
@0C8F 0000000000000000
@0C90 0000000000000000
@0C91 0000000000000000
@0C92 0000000000000000
@0C93 0000000000000000
@0C94 0000000000000000
@0C95 0000000000000000
@0C96 0000000000000000
@0C97 0000000000000000
@0C98 0000000000000000
@0C99 0000000000000000
@0C9A 0000000000000000
@0C9B 0000000000000000
@0C9C 0000000000000000
@0C9D 0000000000000000
@0C9E 0000000000000001
@0C9F 0000000000000000
@0CA0 0000000000000000
@0CA1 0000000000000001
@0CA2 0000000000000000
@0CA3 -000000000000001
@0CA4 0000000000000000
@0CA5 0000000000000000
@0CA6 0000000000000000
@0CA7 0000000000000000
@0CA8 0000000000000000
@0CA9 0000000000000000
@0CAA 0000000000000000
@0CAB 0000000000000000
@0CAC 0000000000000000
@0CAD -000000000000002
@0CAE 0000000000000000
@0CAF 0000000000000000
@0CB0 0000000000000000
@0CB1 0000000000000000
@0CB2 0000000000000000
@0CB3 0000000000000000
@0CB4 0000000000000000
@0CB5 0000000000000000
@0CB6 0000000000000000
@0CB7 0000000000000000
@0CB8 0000000000000001
@0CB9 0000000000000000
@0CBA 0000000000000000
@0CBB 0000000000000000
@0CBC -000000000000001
@0CBD -000000000000001
@0CBE 0000000000000001
@0CBF 0000000000000000
@0CC0 0000000000000000
@0CC1 0000000000000000
@0CC2 -000000000000001
@0CC3 0000000000000000
@0CC4 0000000000000001
@0CC5 -000000000000002
@0CC6 0000000000000000
@0CC7 0000000000000000
@0CC8 0000000000000000
@0CC9 0000000000000000
@0CCA 0000000000000000
@0CCB 0000000000000000
@0CCC 0000000000000000
@0CCD 0000000000000000
@0CCE 0000000000000000
@0CCF 0000000000000000
@0CD0 0000000000000000
@0CD1 0000000000000000
@0CD2 0000000000000000
@0CD3 -000000000000001
@0CD4 0000000000000001
@0CD5 0000000000000000
@0CD6 0000000000000000
@0CD7 -000000000000001
@0CD8 0000000000000001
@0CD9 0000000000000000
@0CDA 0000000000000000
@0CDB 0000000000000000
@0CDC 0000000000000000
@0CDD 0000000000000000
@0CDE 0000000000000000
@0CDF 0000000000000000
@0CE0 0000000000000000
@0CE1 0000000000000000
@0CE2 -000000000000001
@0CE3 0000000000000000
@0CE4 0000000000000000
@0CE5 0000000000000001
@0CE6 0000000000000002
@0CE7 0000000000000000
@0CE8 -000000000000001
@0CE9 0000000000000000
@0CEA -000000000000001
@0CEB 0000000000000001
@0CEC 0000000000000000
@0CED 0000000000000000
@0CEE 0000000000000000
@0CEF 0000000000000000
@0CF0 0000000000000000
@0CF1 0000000000000000
@0CF2 0000000000000000
@0CF3 0000000000000001
@0CF4 0000000000000000
@0CF5 0000000000000000
@0CF6 0000000000000000
@0CF7 -000000000000001
@0CF8 0000000000000000
@0CF9 0000000000000000
@0CFA 0000000000000002
@0CFB 0000000000000000
@0CFC 0000000000000000
@0CFD 0000000000000000
@0CFE 0000000000000000
@0CFF 0000000000000000
@0D00 0000000000000000
@0D01 0000000000000000
@0D02 0000000000000000
@0D03 0000000000000000
@0D04 0000000000000000
@0D05 0000000000000000
@0D06 0000000000000000
@0D07 0000000000000000
@0D08 0000000000000000
@0D09 0000000000000001
@0D0A 0000000000000000
@0D0B 0000000000000000
@0D0C 0000000000000000
@0D0D 0000000000000000
@0D0E 0000000000000000
@0D0F 0000000000000000
@0D10 -000000000000001
@0D11 0000000000000000
@0D12 0000000000000003
@0D13 0000000000000000
@0D14 0000000000000000
@0D15 0000000000000000
@0D16 -000000000000001
@0D17 0000000000000000
@0D18 0000000000000000
@0D19 -000000000000001
@0D1A 0000000000000000
@0D1B 0000000000000000
@0D1C 0000000000000002
@0D1D 0000000000000000
@0D1E 0000000000000000
@0D1F 0000000000000000
@0D20 0000000000000000
@0D21 0000000000000000
@0D22 0000000000000000
@0D23 0000000000000000
@0D24 0000000000000000
@0D25 0000000000000000
@0D26 0000000000000000
@0D27 0000000000000000
@0D28 0000000000000000
@0D29 0000000000000001
@0D2A 0000000000000000
@0D2B 0000000000000000
@0D2C 0000000000000000
@0D2D 0000000000000000
@0D2E -000000000000002
@0D2F 0000000000000000
@0D30 -000000000000001
@0D31 0000000000000002
@0D32 0000000000000000
@0D33 0000000000000000
@0D34 0000000000000000
@0D35 0000000000000000
@0D36 0000000000000001
@0D37 0000000000000000
@0D38 0000000000000000
@0D39 0000000000000000
@0D3A 0000000000000000
@0D3B 0000000000000000
@0D3C 0000000000000000
@0D3D 0000000000000000
@0D3E 0000000000000000
@0D3F 0000000000000000
@0D40 0000000000000000
@0D41 0000000000000000
@0D42 -000000000000001
@0D43 0000000000000000
@0D44 0000000000000000
@0D45 0000000000000000
@0D46 0000000000000000
@0D47 0000000000000000
@0D48 0000000000000000
@0D49 0000000000000000
@0D4A 0000000000000000
@0D4B 0000000000000000
@0D4C 0000000000000000
@0D4D 0000000000000000
@0D4E 0000000000000000
@0D4F 0000000000000000
@0D50 0000000000000000
@0D51 0000000000000000
@0D52 0000000000000000
@0D53 0000000000000001
@0D54 0000000000000000
@0D55 0000000000000000
@0D56 0000000000000000
@0D57 0000000000000000
@0D58 0000000000000000
@0D59 0000000000000000
@0D5A 0000000000000000
@0D5B 0000000000000000
@0D5C 0000000000000000
@0D5D 0000000000000001
@0D5E 0000000000000000
@0D5F 0000000000000000
@0D60 0000000000000000
@0D61 0000000000000001
@0D62 0000000000000000
@0D63 0000000000000000
@0D64 0000000000000000
@0D65 0000000000000000
@0D66 0000000000000000
@0D67 0000000000000000
@0D68 0000000000000001
@0D69 0000000000000000
@0D6A 0000000000000000
@0D6B 0000000000000000
@0D6C 0000000000000000
@0D6D -000000000000002
@0D6E 0000000000000000
@0D6F 0000000000000000
@0D70 0000000000000000
@0D71 0000000000000000
@0D72 0000000000000000
@0D73 0000000000000000
@0D74 0000000000000000
@0D75 0000000000000000
@0D76 0000000000000000
@0D77 0000000000000000
@0D78 0000000000000001
@0D79 0000000000000000
@0D7A 0000000000000001
@0D7B 0000000000000000
@0D7C -000000000000001
@0D7D -000000000000001
@0D7E 0000000000000001
@0D7F 0000000000000000
@0D80 0000000000000000
@0D81 0000000000000000
@0D82 0000000000000000
@0D83 0000000000000000
@0D84 0000000000000001
@0D85 -000000000000002
@0D86 0000000000000000
@0D87 0000000000000000
@0D88 0000000000000000
@0D89 -000000000000001
@0D8A 0000000000000000
@0D8B 0000000000000000
@0D8C 0000000000000000
@0D8D 0000000000000000
@0D8E 0000000000000000
@0D8F 0000000000000000
@0D90 0000000000000000
@0D91 -000000000000001
@0D92 0000000000000000
@0D93 -000000000000001
@0D94 0000000000000001
@0D95 0000000000000000
@0D96 0000000000000000
@0D97 -000000000000001
@0D98 0000000000000003
@0D99 0000000000000000
@0D9A 0000000000000000
@0D9B 0000000000000000
@0D9C 0000000000000000
@0D9D 0000000000000000
@0D9E 0000000000000000
@0D9F 0000000000000001
@0DA0 0000000000000000
@0DA1 0000000000000001
@0DA2 -000000000000001
@0DA3 -000000000000001
@0DA4 0000000000000000
@0DA5 0000000000000001
@0DA6 0000000000000003
@0DA7 0000000000000000
@0DA8 -000000000000002
@0DA9 0000000000000000
@0DAA -000000000000001
@0DAB 0000000000000001
@0DAC 0000000000000000
@0DAD 0000000000000000
@0DAE 0000000000000000
@0DAF 0000000000000000
@0DB0 0000000000000000
@0DB1 0000000000000000
@0DB2 0000000000000000
@0DB3 0000000000000000
@0DB4 0000000000000000
@0DB5 0000000000000000
@0DB6 0000000000000000
@0DB7 0000000000000000
@0DB8 0000000000000000
@0DB9 0000000000000000
@0DBA 0000000000000002
@0DBB 0000000000000000
@0DBC -000000000000001
@0DBD -000000000000001
@0DBE 0000000000000000
@0DBF 0000000000000000
@0DC0 0000000000000001
@0DC1 0000000000000000
@0DC2 0000000000000000
@0DC3 0000000000000000
@0DC4 0000000000000000
@0DC5 -000000000000001
@0DC6 0000000000000000
@0DC7 0000000000000000
@0DC8 0000000000000000
@0DC9 0000000000000001
@0DCA 0000000000000000
@0DCB 0000000000000000
@0DCC 0000000000000000
@0DCD -000000000000001
@0DCE 0000000000000000
@0DCF 0000000000000000
@0DD0 -000000000000001
@0DD1 0000000000000000
@0DD2 0000000000000006
@0DD3 0000000000000000
@0DD4 0000000000000000
@0DD5 0000000000000000
@0DD6 0000000000000000
@0DD7 -000000000000001
@0DD8 0000000000000000
@0DD9 -000000000000001
@0DDA 0000000000000000
@0DDB 0000000000000000
@0DDC 0000000000000003
@0DDD 0000000000000000
@0DDE 0000000000000000
@0DDF 0000000000000000
@0DE0 0000000000000001
@0DE1 0000000000000000
@0DE2 0000000000000000
@0DE3 0000000000000000
@0DE4 0000000000000000
@0DE5 0000000000000000
@0DE6 0000000000000001
@0DE7 0000000000000000
@0DE8 0000000000000000
@0DE9 0000000000000000
@0DEA 0000000000000000
@0DEB 0000000000000000
@0DEC -000000000000001
@0DED -000000000000001
@0DEE -000000000000003
@0DEF 0000000000000000
@0DF0 0000000000000000
@0DF1 0000000000000002
@0DF2 0000000000000000
@0DF3 0000000000000000
@0DF4 0000000000000000
@0DF5 0000000000000000
@0DF6 0000000000000001
@0DF7 0000000000000000
@0DF8 0000000000000000
@0DF9 0000000000000000
@0DFA 0000000000000000
@0DFB 0000000000000000
@0DFC 0000000000000000
@0DFD -000000000000001
@0DFE 0000000000000000
@0DFF 0000000000000000
@0E00 0000000000000000
@0E01 0000000000000000
@0E02 -000000000000001
@0E03 0000000000000000
@0E04 0000000000000000
@0E05 0000000000000001
@0E06 0000000000000000
@0E07 0000000000000000
@0E08 0000000000000000
@0E09 0000000000000000
@0E0A 0000000000000000
@0E0B 0000000000000000
@0E0C 0000000000000000
@0E0D 0000000000000000
@0E0E -000000000000001
@0E0F 0000000000000000
@0E10 -000000000000001
@0E11 0000000000000000
@0E12 0000000000000000
@0E13 0000000000000000
@0E14 0000000000000000
@0E15 0000000000000000
@0E16 0000000000000000
@0E17 0000000000000000
@0E18 0000000000000000
@0E19 0000000000000000
@0E1A 0000000000000000
@0E1B 0000000000000000
@0E1C 0000000000000001
@0E1D 0000000000000000
@0E1E 0000000000000001
@0E1F 0000000000000000
@0E20 0000000000000000
@0E21 0000000000000001
@0E22 -000000000000001
@0E23 -000000000000001
@0E24 0000000000000000
@0E25 0000000000000000
@0E26 0000000000000000
@0E27 -000000000000001
@0E28 0000000000000000
@0E29 0000000000000000
@0E2A 0000000000000000
@0E2B 0000000000000000
@0E2C 0000000000000000
@0E2D -000000000000002
@0E2E 0000000000000001
@0E2F 0000000000000000
@0E30 0000000000000000
@0E31 0000000000000000
@0E32 0000000000000000
@0E33 0000000000000000
@0E34 0000000000000001
@0E35 0000000000000000
@0E36 0000000000000000
@0E37 0000000000000000
@0E38 0000000000000001
@0E39 0000000000000000
@0E3A 0000000000000001
@0E3B 0000000000000000
@0E3C -000000000000001
@0E3D -000000000000001
@0E3E 0000000000000002
@0E3F 0000000000000000
@0E40 0000000000000000
@0E41 0000000000000000
@0E42 -000000000000002
@0E43 -000000000000001
@0E44 0000000000000001
@0E45 -000000000000002
@0E46 0000000000000000
@0E47 0000000000000000
@0E48 0000000000000000
@0E49 -000000000000001
@0E4A 0000000000000000
@0E4B 0000000000000000
@0E4C 0000000000000000
@0E4D 0000000000000000
@0E4E 0000000000000000
@0E4F 0000000000000000
@0E50 0000000000000000
@0E51 0000000000000000
@0E52 0000000000000001
@0E53 0000000000000000
@0E54 0000000000000001
@0E55 0000000000000000
@0E56 0000000000000000
@0E57 -000000000000001
@0E58 0000000000000001
@0E59 0000000000000000
@0E5A 0000000000000000
@0E5B 0000000000000000
@0E5C 0000000000000000
@0E5D 0000000000000000
@0E5E 0000000000000000
@0E5F 0000000000000000
@0E60 0000000000000000
@0E61 0000000000000000
@0E62 0000000000000000
@0E63 0000000000000000
@0E64 0000000000000001
@0E65 0000000000000001
@0E66 0000000000000002
@0E67 0000000000000000
@0E68 -000000000000001
@0E69 0000000000000000
@0E6A 0000000000000000
@0E6B 0000000000000002
@0E6C 0000000000000000
@0E6D 0000000000000000
@0E6E 0000000000000000
@0E6F 0000000000000000
@0E70 0000000000000000
@0E71 0000000000000000
@0E72 0000000000000000
@0E73 0000000000000001
@0E74 0000000000000000
@0E75 0000000000000000
@0E76 0000000000000000
@0E77 -000000000000001
@0E78 0000000000000000
@0E79 0000000000000000
@0E7A 0000000000000003
@0E7B 0000000000000000
@0E7C -000000000000001
@0E7D 0000000000000000
@0E7E 0000000000000000
@0E7F -000000000000001
@0E80 0000000000000000
@0E81 0000000000000000
@0E82 0000000000000000
@0E83 0000000000000000
@0E84 0000000000000000
@0E85 0000000000000000
@0E86 0000000000000000
@0E87 -000000000000001
@0E88 0000000000000000
@0E89 0000000000000001
@0E8A -000000000000001
@0E8B 0000000000000000
@0E8C 0000000000000000
@0E8D 0000000000000000
@0E8E 0000000000000000
@0E8F 0000000000000000
@0E90 -000000000000001
@0E91 0000000000000000
@0E92 0000000000000002
@0E93 0000000000000000
@0E94 0000000000000000
@0E95 -000000000000001
@0E96 0000000000000000
@0E97 0000000000000000
@0E98 -000000000000001
@0E99 -000000000000001
@0E9A 0000000000000000
@0E9B 0000000000000001
@0E9C 0000000000000001
@0E9D 0000000000000000
@0E9E 0000000000000000
@0E9F 0000000000000000
@0EA0 0000000000000000
@0EA1 0000000000000000
@0EA2 0000000000000000
@0EA3 0000000000000000
@0EA4 -000000000000001
@0EA5 0000000000000000
@0EA6 0000000000000000
@0EA7 0000000000000000
@0EA8 0000000000000000
@0EA9 0000000000000000
@0EAA 0000000000000000
@0EAB 0000000000000000
@0EAC 0000000000000000
@0EAD 0000000000000000
@0EAE -000000000000001
@0EAF 0000000000000000
@0EB0 0000000000000000
@0EB1 0000000000000002
@0EB2 0000000000000000
@0EB3 0000000000000000
@0EB4 0000000000000000
@0EB5 0000000000000000
@0EB6 0000000000000000
@0EB7 0000000000000001
@0EB8 0000000000000000
@0EB9 0000000000000000
@0EBA 0000000000000000
@0EBB 0000000000000000
@0EBC 0000000000000001
@0EBD 0000000000000000
@0EBE 0000000000000000
@0EBF 0000000000000000
@0EC0 0000000000000000
@0EC1 -000000000000001
@0EC2 0000000000000000
@0EC3 0000000000000000
@0EC4 0000000000000000
@0EC5 0000000000000000
@0EC6 0000000000000000
@0EC7 0000000000000001
@0EC8 0000000000000000
@0EC9 -000000000000001
@0ECA 0000000000000000
@0ECB 0000000000000000
@0ECC 0000000000000000
@0ECD 0000000000000000
@0ECE 0000000000000000
@0ECF 0000000000000000
@0ED0 0000000000000001
@0ED1 0000000000000000
@0ED2 0000000000000000
@0ED3 0000000000000000
@0ED4 0000000000000000
@0ED5 0000000000000001
@0ED6 0000000000000000
@0ED7 0000000000000000
@0ED8 0000000000000000
@0ED9 0000000000000000
@0EDA 0000000000000000
@0EDB 0000000000000000
@0EDC 0000000000000001
@0EDD 0000000000000001
@0EDE 0000000000000000
@0EDF 0000000000000000
@0EE0 0000000000000000
@0EE1 0000000000000001
@0EE2 -000000000000001
@0EE3 -000000000000001
@0EE4 0000000000000000
@0EE5 0000000000000000
@0EE6 0000000000000000
@0EE7 0000000000000000
@0EE8 0000000000000001
@0EE9 0000000000000000
@0EEA 0000000000000000
@0EEB -000000000000001
@0EEC 0000000000000000
@0EED -000000000000002
@0EEE 0000000000000000
@0EEF -000000000000001
@0EF0 0000000000000000
@0EF1 0000000000000000
@0EF2 0000000000000000
@0EF3 0000000000000000
@0EF4 0000000000000000
@0EF5 0000000000000000
@0EF6 0000000000000000
@0EF7 0000000000000000
@0EF8 0000000000000001
@0EF9 0000000000000000
@0EFA 0000000000000002
@0EFB 0000000000000000
@0EFC 0000000000000000
@0EFD 0000000000000000
@0EFE 0000000000000000
@0EFF 0000000000000000
@0F00 0000000000000000
@0F01 0000000000000000
@0F02 -000000000000001
@0F03 0000000000000000
@0F04 0000000000000001
@0F05 -000000000000002
@0F06 0000000000000000
@0F07 0000000000000000
@0F08 0000000000000000
@0F09 0000000000000000
@0F0A 0000000000000000
@0F0B 0000000000000000
@0F0C 0000000000000000
@0F0D 0000000000000000
@0F0E 0000000000000000
@0F0F 0000000000000000
@0F10 0000000000000000
@0F11 0000000000000000
@0F12 0000000000000000
@0F13 0000000000000000
@0F14 0000000000000001
@0F15 0000000000000000
@0F16 0000000000000000
@0F17 0000000000000000
@0F18 0000000000000001
@0F19 0000000000000000
@0F1A 0000000000000000
@0F1B 0000000000000000
@0F1C 0000000000000000
@0F1D 0000000000000000
@0F1E 0000000000000000
@0F1F 0000000000000000
@0F20 0000000000000000
@0F21 0000000000000000
@0F22 -000000000000001
@0F23 0000000000000000
@0F24 0000000000000000
@0F25 0000000000000000
@0F26 0000000000000002
@0F27 0000000000000000
@0F28 -000000000000001
@0F29 0000000000000000
@0F2A 0000000000000000
@0F2B 0000000000000001
@0F2C 0000000000000000
@0F2D 0000000000000000
@0F2E 0000000000000000
@0F2F 0000000000000000
@0F30 0000000000000000
@0F31 0000000000000000
@0F32 0000000000000000
@0F33 0000000000000001
@0F34 0000000000000000
@0F35 0000000000000000
@0F36 0000000000000000
@0F37 0000000000000000
@0F38 0000000000000000
@0F39 0000000000000000
@0F3A 0000000000000002
@0F3B 0000000000000000
@0F3C -000000000000001
@0F3D 0000000000000000
@0F3E 0000000000000000
@0F3F 0000000000000000
@0F40 0000000000000000
@0F41 0000000000000000
@0F42 0000000000000000
@0F43 0000000000000000
@0F44 0000000000000000
@0F45 0000000000000000
@0F46 0000000000000000
@0F47 0000000000000000
@0F48 0000000000000000
@0F49 0000000000000001
@0F4A -000000000000001
@0F4B 0000000000000000
@0F4C 0000000000000001
@0F4D 0000000000000000
@0F4E 0000000000000000
@0F4F 0000000000000000
@0F50 -000000000000001
@0F51 0000000000000000
@0F52 0000000000000000
@0F53 0000000000000000
@0F54 0000000000000000
@0F55 0000000000000000
@0F56 0000000000000000
@0F57 0000000000000000
@0F58 0000000000000000
@0F59 0000000000000000
@0F5A 0000000000000000
@0F5B 0000000000000000
@0F5C 0000000000000001
@0F5D 0000000000000000
@0F5E 0000000000000000
@0F5F 0000000000000000
@0F60 0000000000000000
@0F61 0000000000000000
@0F62 -000000000000001
@0F63 0000000000000000
@0F64 0000000000000000
@0F65 0000000000000000
@0F66 0000000000000000
@0F67 0000000000000000
@0F68 0000000000000000
@0F69 0000000000000000
@0F6A 0000000000000000
@0F6B 0000000000000000
@0F6C 0000000000000000
@0F6D 0000000000000000
@0F6E 0000000000000000
@0F6F 0000000000000000
@0F70 0000000000000000
@0F71 0000000000000002
@0F72 0000000000000000
@0F73 0000000000000000
@0F74 0000000000000000
@0F75 0000000000000000
@0F76 0000000000000000
@0F77 0000000000000001
@0F78 0000000000000000
@0F79 0000000000000000
@0F7A 0000000000000000
@0F7B 0000000000000000
@0F7C 0000000000000000
@0F7D 0000000000000000
@0F7E 0000000000000000
@0F7F 0000000000000000
@0F80 0000000000000000
@0F81 0000000000000000
@0F82 0000000000000000
@0F83 0000000000000000
@0F84 0000000000000000
@0F85 0000000000000000
@0F86 0000000000000000
@0F87 0000000000000000
@0F88 0000000000000000
@0F89 0000000000000000
@0F8A 0000000000000000
@0F8B 0000000000000001
@0F8C 0000000000000000
@0F8D 0000000000000000
@0F8E 0000000000000000
@0F8F 0000000000000000
@0F90 0000000000000000
@0F91 0000000000000000
@0F92 0000000000000000
@0F93 0000000000000001
@0F94 0000000000000000
@0F95 0000000000000000
@0F96 0000000000000000
@0F97 0000000000000000
@0F98 0000000000000000
@0F99 0000000000000000
@0F9A 0000000000000000
@0F9B 0000000000000000
@0F9C 0000000000000000
@0F9D 0000000000000000
@0F9E 0000000000000000
@0F9F 0000000000000000
@0FA0 0000000000000000
@0FA1 -000000000000001
@0FA2 0000000000000000
@0FA3 0000000000000000
@0FA4 0000000000000000
@0FA5 0000000000000000
@0FA6 0000000000000000
@0FA7 0000000000000000
@0FA8 0000000000000001
@0FA9 0000000000000000
@0FAA 0000000000000000
@0FAB 0000000000000000
@0FAC 0000000000000000
@0FAD -000000000000001
@0FAE 0000000000000000
@0FAF 0000000000000000
@0FB0 0000000000000000
@0FB1 0000000000000000
@0FB2 0000000000000000
@0FB3 0000000000000000
@0FB4 0000000000000000
@0FB5 0000000000000000
@0FB6 -000000000000001
@0FB7 0000000000000000
@0FB8 0000000000000001
@0FB9 0000000000000000
@0FBA 0000000000000001
@0FBB 0000000000000000
@0FBC 0000000000000000
@0FBD -000000000000001
@0FBE 0000000000000000
@0FBF 0000000000000000
@0FC0 0000000000000000
@0FC1 0000000000000000
@0FC2 -000000000000001
@0FC3 0000000000000000
@0FC4 0000000000000001
@0FC5 -000000000000002
@0FC6 0000000000000000
@0FC7 0000000000000000
@0FC8 0000000000000000
@0FC9 -000000000000001
@0FCA 0000000000000000
@0FCB 0000000000000000
@0FCC 0000000000000000
@0FCD 0000000000000000
@0FCE 0000000000000000
@0FCF 0000000000000000
@0FD0 0000000000000000
@0FD1 0000000000000000
@0FD2 0000000000000000
@0FD3 0000000000000000
@0FD4 0000000000000001
@0FD5 0000000000000000
@0FD6 0000000000000000
@0FD7 0000000000000000
@0FD8 0000000000000001
@0FD9 0000000000000000
@0FDA 0000000000000000
@0FDB 0000000000000000
@0FDC 0000000000000000
@0FDD 0000000000000000
@0FDE 0000000000000000
@0FDF 0000000000000000
@0FE0 0000000000000000
@0FE1 0000000000000000
@0FE2 -000000000000001
@0FE3 0000000000000000
@0FE4 0000000000000000
@0FE5 0000000000000000
@0FE6 0000000000000002
@0FE7 0000000000000000
@0FE8 -000000000000001
@0FE9 0000000000000000
@0FEA 0000000000000000
@0FEB 0000000000000000
@0FEC 0000000000000000
@0FED 0000000000000000
@0FEE 0000000000000000
@0FEF 0000000000000000
@0FF0 0000000000000000
@0FF1 0000000000000000
@0FF2 0000000000000000
@0FF3 0000000000000001
@0FF4 0000000000000000
@0FF5 0000000000000000
@0FF6 0000000000000000
@0FF7 0000000000000000
@0FF8 0000000000000000
@0FF9 0000000000000000
@0FFA 0000000000000002
@0FFB 0000000000000000
@0FFC -000000000000001
@0FFD 0000000000000000
@0FFE 0000000000000000
@0FFF 0000000000000000
@1000 0000000000000000
@1001 0000000000000000
@1002 0000000000000000
@1003 0000000000000000
@1004 0000000000000000
@1005 0000000000000000
@1006 0000000000000000
@1007 0000000000000000
@1008 0000000000000000
@1009 0000000000000001
@100A 0000000000000000
@100B 0000000000000000
@100C 0000000000000001
@100D 0000000000000000
@100E 0000000000000000
@100F 0000000000000000
@1010 -000000000000001
@1011 0000000000000000
@1012 0000000000000000
@1013 0000000000000000
@1014 0000000000000000
@1015 0000000000000000
@1016 0000000000000000
@1017 0000000000000000
@1018 0000000000000000
@1019 0000000000000000
@101A 0000000000000000
@101B 0000000000000000
@101C 0000000000000002
@101D 0000000000000000
@101E 0000000000000000
@101F 0000000000000000
@1020 0000000000000000
@1021 0000000000000000
@1022 -000000000000001
@1023 0000000000000000
@1024 0000000000000000
@1025 0000000000000000
@1026 0000000000000000
@1027 0000000000000000
@1028 0000000000000000
@1029 0000000000000000
@102A 0000000000000000
@102B 0000000000000000
@102C 0000000000000000
@102D 0000000000000000
@102E 0000000000000000
@102F 0000000000000000
@1030 0000000000000000
@1031 0000000000000002
@1032 0000000000000000
@1033 0000000000000000
@1034 0000000000000000
@1035 0000000000000000
@1036 0000000000000000
@1037 0000000000000000
@1038 0000000000000000
@1039 0000000000000000
@103A 0000000000000000
@103B 0000000000000000
@103C 0000000000000000
@103D 0000000000000000
@103E 0000000000000000
@103F 0000000000000000
@1040 0000000000000000
@1041 0000000000000000
@1042 0000000000000000
@1043 0000000000000000
@1044 0000000000000000
@1045 0000000000000000
@1046 0000000000000000
@1047 0000000000000000
@1048 0000000000000000
@1049 0000000000000000
@104A 0000000000000000
@104B 0000000000000001
@104C 0000000000000000
@104D 0000000000000000
@104E 0000000000000000
@104F 0000000000000000
@1050 0000000000000000
@1051 0000000000000000
@1052 0000000000000000
@1053 0000000000000001
@1054 0000000000000000
@1055 0000000000000000
@1056 0000000000000000
@1057 0000000000000000
@1058 0000000000000000
@1059 0000000000000000
@105A 0000000000000000
@105B 0000000000000000
@105C 0000000000000000
@105D 0000000000000000
@105E 0000000000000000
@105F 0000000000000000
@1060 0000000000000000
@1061 0000000000000000
@1062 0000000000000000
@1063 0000000000000000
@1064 0000000000000000
@1065 0000000000000000
@1066 0000000000000000
@1067 0000000000000000
@1068 0000000000000000
@1069 0000000000000000
@106A 0000000000000000
@106B 0000000000000000
@106C 0000000000000000
@106D -000000000000002
@106E 0000000000000000
@106F 0000000000000000
@1070 0000000000000000
@1071 0000000000000000
@1072 0000000000000000
@1073 0000000000000000
@1074 0000000000000000
@1075 0000000000000000
@1076 -000000000000001
@1077 0000000000000000
@1078 0000000000000001
@1079 0000000000000000
@107A 0000000000000000
@107B 0000000000000000
@107C 0000000000000000
@107D -000000000000001
@107E 0000000000000000
@107F 0000000000000000
@1080 0000000000000000
@1081 0000000000000000
@1082 -000000000000002
@1083 0000000000000000
@1084 0000000000000001
@1085 -000000000000002
@1086 0000000000000000
@1087 0000000000000000
@1088 0000000000000000
@1089 -000000000000002
@108A 0000000000000000
@108B 0000000000000000
@108C 0000000000000000
@108D 0000000000000000
@108E 0000000000000000
@108F 0000000000000000
@1090 0000000000000000
@1091 0000000000000000
@1092 0000000000000000
@1093 0000000000000000
@1094 0000000000000001
@1095 0000000000000000
@1096 0000000000000000
@1097 0000000000000000
@1098 0000000000000001
@1099 0000000000000000
@109A 0000000000000000
@109B 0000000000000000
@109C 0000000000000000
@109D 0000000000000000
@109E 0000000000000000
@109F 0000000000000000
@10A0 0000000000000000
@10A1 0000000000000000
@10A2 -000000000000001
@10A3 0000000000000000
@10A4 0000000000000000
@10A5 0000000000000000
@10A6 0000000000000002
@10A7 0000000000000000
@10A8 -000000000000001
@10A9 0000000000000000
@10AA 0000000000000000
@10AB 0000000000000000
@10AC 0000000000000000
@10AD 0000000000000000
@10AE -000000000000001
@10AF 0000000000000000
@10B0 0000000000000000
@10B1 0000000000000000
@10B2 0000000000000000
@10B3 0000000000000000
@10B4 0000000000000000
@10B5 0000000000000000
@10B6 0000000000000000
@10B7 0000000000000000
@10B8 -000000000000002
@10B9 0000000000000000
@10BA 0000000000000001
@10BB 0000000000000000
@10BC 0000000000000001
@10BD 0000000000000000
@10BE 0000000000000000
@10BF -000000000000001
@10C0 0000000000000000
@10C1 0000000000000001
@10C2 0000000000000001
@10C3 0000000000000001
@10C4 0000000000000000
@10C5 0000000000000000
@10C6 0000000000000000
@10C7 0000000000000000
@10C8 0000000000000000
@10C9 0000000000000001
@10CA 0000000000000000
@10CB -000000000000001
@10CC 0000000000000001
@10CD 0000000000000000
@10CE 0000000000000000
@10CF 0000000000000000
@10D0 -000000000000001
@10D1 0000000000000000
@10D2 0000000000000002
@10D3 0000000000000001
@10D4 0000000000000000
@10D5 -000000000000001
@10D6 0000000000000000
@10D7 0000000000000000
@10D8 0000000000000000
@10D9 0000000000000000
@10DA -000000000000001
@10DB 0000000000000000
@10DC 0000000000000000
@10DD 0000000000000000
@10DE 0000000000000000
@10DF 0000000000000000
@10E0 -000000000000001
@10E1 0000000000000001
@10E2 -000000000000001
@10E3 0000000000000000
@10E4 -000000000000001
@10E5 0000000000000000
@10E6 0000000000000000
@10E7 0000000000000000
@10E8 0000000000000001
@10E9 0000000000000000
@10EA 0000000000000000
@10EB 0000000000000000
@10EC -000000000000001
@10ED 0000000000000000
@10EE -000000000000001
@10EF 0000000000000000
@10F0 0000000000000000
@10F1 0000000000000004
@10F2 0000000000000000
@10F3 0000000000000000
@10F4 0000000000000000
@10F5 0000000000000000
@10F6 0000000000000001
@10F7 0000000000000000
@10F8 0000000000000000
@10F9 0000000000000000
@10FA 0000000000000000
@10FB 0000000000000000
@10FC 0000000000000000
@10FD -000000000000001
@10FE 0000000000000000
@10FF 0000000000000000
@1100 0000000000000000
@1101 0000000000000000
@1102 0000000000000001
@1103 0000000000000000
@1104 0000000000000000
@1105 -000000000000001
@1106 0000000000000000
@1107 0000000000000000
@1108 0000000000000000
@1109 0000000000000000
@110A 0000000000000000
@110B 0000000000000000
@110C 0000000000000001
@110D -000000000000001
@110E -000000000000001
@110F 0000000000000000
@1110 0000000000000000
@1111 0000000000000001
@1112 0000000000000001
@1113 0000000000000002
@1114 0000000000000000
@1115 0000000000000000
@1116 0000000000000000
@1117 0000000000000000
@1118 0000000000000000
@1119 0000000000000000
@111A -000000000000001
@111B 0000000000000000
@111C 0000000000000000
@111D 0000000000000000
@111E 0000000000000000
@111F 0000000000000000
@1120 0000000000000001
@1121 0000000000000000
@1122 -000000000000001
@1123 0000000000000000
@1124 0000000000000000
@1125 0000000000000000
@1126 0000000000000000
@1127 0000000000000000
@1128 0000000000000000
@1129 -000000000000001
@112A 0000000000000000
@112B -000000000000001
@112C 0000000000000000
@112D -000000000000001
@112E -000000000000002
@112F -000000000000001
@1130 -000000000000001
@1131 0000000000000000
@1132 -000000000000001
@1133 0000000000000001
@1134 0000000000000000
@1135 0000000000000000
@1136 0000000000000000
@1137 0000000000000000
@1138 0000000000000000
@1139 0000000000000001
@113A 0000000000000001
@113B 0000000000000000
@113C 0000000000000000
@113D -000000000000001
@113E 0000000000000001
@113F 0000000000000001
@1140 0000000000000000
@1141 0000000000000000
@1142 -000000000000001
@1143 0000000000000000
@1144 0000000000000001
@1145 -000000000000002
@1146 0000000000000000
@1147 0000000000000000
@1148 0000000000000000
@1149 -000000000000001
@114A 0000000000000000
@114B 0000000000000000
@114C 0000000000000000
@114D 0000000000000000
@114E 0000000000000000
@114F 0000000000000000
@1150 0000000000000000
@1151 0000000000000000
@1152 0000000000000000
@1153 0000000000000000
@1154 0000000000000001
@1155 0000000000000000
@1156 0000000000000000
@1157 0000000000000000
@1158 0000000000000001
@1159 0000000000000000
@115A 0000000000000000
@115B 0000000000000000
@115C 0000000000000000
@115D 0000000000000000
@115E 0000000000000000
@115F 0000000000000000
@1160 0000000000000000
@1161 0000000000000000
@1162 -000000000000001
@1163 0000000000000000
@1164 0000000000000000
@1165 0000000000000000
@1166 0000000000000002
@1167 0000000000000000
@1168 -000000000000001
@1169 0000000000000000
@116A 0000000000000000
@116B 0000000000000000
@116C 0000000000000000
@116D 0000000000000000
@116E 0000000000000000
@116F 0000000000000000
@1170 0000000000000000
@1171 0000000000000000
@1172 0000000000000000
@1173 0000000000000001
@1174 0000000000000000
@1175 0000000000000000
@1176 0000000000000000
@1177 0000000000000000
@1178 0000000000000000
@1179 0000000000000000
@117A 0000000000000002
@117B 0000000000000000
@117C 0000000000000000
@117D 0000000000000000
@117E 0000000000000000
@117F 0000000000000000
@1180 0000000000000000
@1181 0000000000000000
@1182 0000000000000000
@1183 0000000000000000
@1184 0000000000000000
@1185 0000000000000000
@1186 0000000000000000
@1187 0000000000000000
@1188 0000000000000000
@1189 0000000000000001
@118A -000000000000001
@118B 0000000000000000
@118C 0000000000000001
@118D 0000000000000000
@118E 0000000000000000
@118F 0000000000000000
@1190 -000000000000001
@1191 0000000000000000
@1192 0000000000000000
@1193 0000000000000000
@1194 0000000000000000
@1195 0000000000000000
@1196 0000000000000000
@1197 0000000000000000
@1198 0000000000000000
@1199 0000000000000000
@119A 0000000000000000
@119B 0000000000000000
@119C 0000000000000002
@119D 0000000000000000
@119E 0000000000000000
@119F 0000000000000000
@11A0 0000000000000000
@11A1 0000000000000000
@11A2 -000000000000001
@11A3 0000000000000000
@11A4 0000000000000000
@11A5 0000000000000000
@11A6 0000000000000000
@11A7 0000000000000000
@11A8 0000000000000000
@11A9 0000000000000000
@11AA 0000000000000000
@11AB 0000000000000000
@11AC 0000000000000000
@11AD 0000000000000000
@11AE 0000000000000000
@11AF 0000000000000000
@11B0 0000000000000000
@11B1 0000000000000002
@11B2 0000000000000000
@11B3 0000000000000000
@11B4 0000000000000001
@11B5 0000000000000000
@11B6 0000000000000000
@11B7 0000000000000000
@11B8 0000000000000000
@11B9 0000000000000000
@11BA 0000000000000000
@11BB 0000000000000000
@11BC 0000000000000000
@11BD 0000000000000000
@11BE 0000000000000000
@11BF 0000000000000000
@11C0 0000000000000000
@11C1 0000000000000000
@11C2 0000000000000000
@11C3 0000000000000000
@11C4 0000000000000000
@11C5 0000000000000000
@11C6 0000000000000000
@11C7 0000000000000000
@11C8 0000000000000000
@11C9 0000000000000000
@11CA 0000000000000000
@11CB 0000000000000001
@11CC 0000000000000000
@11CD 0000000000000000
@11CE 0000000000000000
@11CF 0000000000000000
@11D0 0000000000000000
@11D1 0000000000000000
@11D2 0000000000000000
@11D3 0000000000000001
@11D4 0000000000000000
@11D5 0000000000000000
@11D6 0000000000000000
@11D7 0000000000000000
@11D8 0000000000000000
@11D9 0000000000000000
@11DA 0000000000000000
@11DB 0000000000000000
@11DC 0000000000000000
@11DD 0000000000000000
@11DE 0000000000000000
@11DF 0000000000000000
@11E0 0000000000000000
@11E1 0000000000000000
@11E2 0000000000000000
@11E3 0000000000000000
@11E4 0000000000000000
@11E5 0000000000000000
@11E6 0000000000000000
@11E7 0000000000000000
@11E8 0000000000000000
@11E9 0000000000000000
@11EA 0000000000000000
@11EB 0000000000000000
@11EC 0000000000000000
@11ED -000000000000002
@11EE 0000000000000000
@11EF 0000000000000000
@11F0 0000000000000000
@11F1 0000000000000000
@11F2 0000000000000000
@11F3 0000000000000000
@11F4 0000000000000000
@11F5 0000000000000000
@11F6 -000000000000001
@11F7 0000000000000000
@11F8 0000000000000001
@11F9 0000000000000000
@11FA 0000000000000001
@11FB 0000000000000000
@11FC 0000000000000000
@11FD -000000000000001
@11FE 0000000000000000
@11FF 0000000000000000
@1200 0000000000000000
@1201 0000000000000000
@1202 -000000000000001
@1203 0000000000000000
@1204 0000000000000001
@1205 -000000000000002
@1206 0000000000000000
@1207 0000000000000000
@1208 0000000000000000
@1209 -000000000000001
@120A 0000000000000000
@120B 0000000000000000
@120C 0000000000000000
@120D 0000000000000000
@120E 0000000000000000
@120F 0000000000000000
@1210 0000000000000000
@1211 0000000000000000
@1212 0000000000000000
@1213 0000000000000000
@1214 0000000000000001
@1215 0000000000000000
@1216 0000000000000000
@1217 0000000000000000
@1218 0000000000000001
@1219 0000000000000000
@121A 0000000000000000
@121B 0000000000000000
@121C 0000000000000000
@121D 0000000000000000
@121E 0000000000000000
@121F 0000000000000000
@1220 0000000000000000
@1221 0000000000000000
@1222 -000000000000001
@1223 0000000000000000
@1224 0000000000000000
@1225 0000000000000000
@1226 0000000000000002
@1227 0000000000000000
@1228 -000000000000001
@1229 0000000000000000
@122A 0000000000000000
@122B 0000000000000001
@122C 0000000000000000
@122D 0000000000000000
@122E 0000000000000000
@122F 0000000000000000
@1230 0000000000000000
@1231 0000000000000000
@1232 0000000000000000
@1233 0000000000000001
@1234 0000000000000000
@1235 0000000000000000
@1236 0000000000000000
@1237 0000000000000000
@1238 0000000000000000
@1239 0000000000000000
@123A 0000000000000002
@123B 0000000000000000
@123C -000000000000001
@123D 0000000000000000
@123E 0000000000000000
@123F 0000000000000000
@1240 0000000000000000
@1241 0000000000000000
@1242 0000000000000000
@1243 0000000000000000
@1244 0000000000000000
@1245 0000000000000000
@1246 0000000000000000
@1247 0000000000000000
@1248 0000000000000000
@1249 0000000000000001
@124A -000000000000001
@124B 0000000000000000
@124C 0000000000000001
@124D 0000000000000000
@124E 0000000000000000
@124F 0000000000000000
@1250 -000000000000001
@1251 0000000000000000
@1252 0000000000000000
@1253 0000000000000000
@1254 0000000000000000
@1255 0000000000000000
@1256 0000000000000000
@1257 0000000000000000
@1258 0000000000000000
@1259 0000000000000000
@125A 0000000000000000
@125B 0000000000000000
@125C 0000000000000002
@125D 0000000000000000
@125E 0000000000000000
@125F 0000000000000000
@1260 0000000000000000
@1261 0000000000000000
@1262 0000000000000000
@1263 0000000000000000
@1264 0000000000000000
@1265 0000000000000000
@1266 0000000000000000
@1267 0000000000000000
@1268 0000000000000000
@1269 0000000000000000
@126A 0000000000000000
@126B 0000000000000000
@126C 0000000000000000
@126D 0000000000000000
@126E 0000000000000000
@126F 0000000000000000
@1270 0000000000000000
@1271 0000000000000002
@1272 0000000000000000
@1273 0000000000000000
@1274 0000000000000000
@1275 0000000000000000
@1276 0000000000000000
@1277 0000000000000000
@1278 0000000000000000
@1279 0000000000000000
@127A 0000000000000000
@127B 0000000000000000
@127C 0000000000000000
@127D 0000000000000000
@127E 0000000000000000
@127F 0000000000000000
@1280 0000000000000000
@1281 0000000000000000
@1282 0000000000000000
@1283 0000000000000000
@1284 0000000000000000
@1285 0000000000000000
@1286 0000000000000000
@1287 0000000000000000
@1288 0000000000000000
@1289 0000000000000000
@128A 0000000000000000
@128B 0000000000000001
@128C 0000000000000000
@128D 0000000000000000
@128E 0000000000000000
@128F 0000000000000000
@1290 0000000000000000
@1291 0000000000000000
@1292 0000000000000000
@1293 0000000000000001
@1294 0000000000000000
@1295 0000000000000000
@1296 0000000000000000
@1297 0000000000000000
@1298 0000000000000000
@1299 0000000000000000
@129A 0000000000000000
@129B 0000000000000000
@129C 0000000000000000
@129D 0000000000000000
@129E 0000000000000000
@129F 0000000000000000
@12A0 0000000000000000
@12A1 -000000000000001
@12A2 0000000000000000
@12A3 0000000000000000
@12A4 0000000000000000
@12A5 0000000000000000
@12A6 0000000000000000
@12A7 0000000000000000
@12A8 0000000000000000
@12A9 0000000000000000
@12AA 0000000000000000
@12AB 0000000000000000
@12AC 0000000000000000
@12AD -000000000000002
@12AE 0000000000000000
@12AF 0000000000000000
@12B0 0000000000000000
@12B1 0000000000000000
@12B2 0000000000000000
@12B3 0000000000000000
@12B4 0000000000000000
@12B5 0000000000000000
@12B6 -000000000000001
@12B7 0000000000000000
@12B8 0000000000000001
@12B9 0000000000000000
@12BA 0000000000000001
@12BB 0000000000000000
@12BC 0000000000000000
@12BD -000000000000001
@12BE 0000000000000000
@12BF 0000000000000000
@12C0 0000000000000000
@12C1 0000000000000000
@12C2 -000000000000001
@12C3 0000000000000000
@12C4 0000000000000001
@12C5 -000000000000002
@12C6 0000000000000000
@12C7 0000000000000000
@12C8 0000000000000000
@12C9 -000000000000001
@12CA 0000000000000000
@12CB 0000000000000000
@12CC 0000000000000000
@12CD 0000000000000000
@12CE 0000000000000000
@12CF 0000000000000000
@12D0 0000000000000000
@12D1 0000000000000000
@12D2 0000000000000000
@12D3 0000000000000000
@12D4 0000000000000001
@12D5 0000000000000000
@12D6 0000000000000000
@12D7 0000000000000000
@12D8 0000000000000001
@12D9 0000000000000000
@12DA 0000000000000000
@12DB 0000000000000000
@12DC 0000000000000000
@12DD 0000000000000000
@12DE 0000000000000000
@12DF 0000000000000000
@12E0 0000000000000000
@12E1 0000000000000000
@12E2 -000000000000001
@12E3 0000000000000000
@12E4 0000000000000000
@12E5 0000000000000000
@12E6 0000000000000002
@12E7 0000000000000000
@12E8 -000000000000001
@12E9 0000000000000000
@12EA 0000000000000000
@12EB 0000000000000000
@12EC 0000000000000000
@12ED 0000000000000000
@12EE 0000000000000000
@12EF 0000000000000000
@12F0 0000000000000000
@12F1 0000000000000000
@12F2 0000000000000000
@12F3 0000000000000001
@12F4 0000000000000000
@12F5 0000000000000000
@12F6 0000000000000000
@12F7 0000000000000000
@12F8 0000000000000000
@12F9 0000000000000000
@12FA 0000000000000002
@12FB 0000000000000000
@12FC 0000000000000000
@12FD 0000000000000000
@12FE 0000000000000000
@12FF 0000000000000000
@1300 0000000000000000
@1301 0000000000000000
@1302 0000000000000000
@1303 0000000000000000
@1304 0000000000000000
@1305 0000000000000000
@1306 0000000000000000
@1307 0000000000000000
@1308 0000000000000000
@1309 0000000000000001
@130A -000000000000001
@130B 0000000000000000
@130C 0000000000000001
@130D 0000000000000000
@130E 0000000000000000
@130F 0000000000000000
@1310 -000000000000001
@1311 0000000000000000
@1312 0000000000000000
@1313 0000000000000000
@1314 0000000000000000
@1315 0000000000000000
@1316 0000000000000000
@1317 0000000000000000
@1318 0000000000000000
@1319 0000000000000000
@131A 0000000000000000
@131B 0000000000000000
@131C 0000000000000002
@131D 0000000000000000
@131E 0000000000000000
@131F 0000000000000000
@1320 0000000000000000
@1321 0000000000000000
@1322 -000000000000001
@1323 0000000000000000
@1324 0000000000000000
@1325 0000000000000000
@1326 0000000000000000
@1327 0000000000000000
@1328 0000000000000000
@1329 0000000000000000
@132A 0000000000000000
@132B 0000000000000000
@132C 0000000000000000
@132D 0000000000000000
@132E 0000000000000000
@132F 0000000000000000
@1330 0000000000000000
@1331 0000000000000002
@1332 0000000000000000
@1333 0000000000000000
@1334 0000000000000001
@1335 0000000000000000
@1336 0000000000000000
@1337 0000000000000001
@1338 0000000000000000
@1339 0000000000000000
@133A 0000000000000000
@133B 0000000000000000
@133C 0000000000000000
@133D 0000000000000000
@133E 0000000000000000
@133F 0000000000000000
@1340 0000000000000000
@1341 0000000000000000
@1342 0000000000000000
@1343 0000000000000000
@1344 0000000000000000
@1345 0000000000000000
@1346 0000000000000000
@1347 0000000000000000
@1348 0000000000000000
@1349 0000000000000000
@134A 0000000000000000
@134B 0000000000000001
@134C 0000000000000000
@134D 0000000000000000
@134E 0000000000000000
@134F 0000000000000000
@1350 0000000000000000
@1351 0000000000000000
@1352 0000000000000000
@1353 0000000000000001
@1354 0000000000000000
@1355 0000000000000000
@1356 0000000000000000
@1357 0000000000000000
@1358 0000000000000000
@1359 0000000000000000
@135A 0000000000000000
@135B 0000000000000000
@135C 0000000000000000
@135D 0000000000000000
@135E 0000000000000000
@135F 0000000000000000
@1360 0000000000000000
@1361 0000000000000000
@1362 0000000000000000
@1363 0000000000000000
@1364 0000000000000000
@1365 0000000000000000
@1366 0000000000000000
@1367 0000000000000000
@1368 0000000000000000
@1369 0000000000000000
@136A 0000000000000000
@136B 0000000000000000
@136C 0000000000000000
@136D -000000000000002
@136E 0000000000000000
@136F 0000000000000000
@1370 0000000000000000
@1371 0000000000000000
@1372 0000000000000000
@1373 0000000000000000
@1374 0000000000000000
@1375 0000000000000000
@1376 -000000000000001
@1377 0000000000000000
@1378 0000000000000002
@1379 0000000000000000
@137A 0000000000000001
@137B 0000000000000000
@137C 0000000000000000
@137D -000000000000001
@137E 0000000000000000
@137F 0000000000000000
@1380 0000000000000000
@1381 0000000000000000
@1382 -000000000000002
@1383 0000000000000000
@1384 0000000000000001
@1385 -000000000000002
@1386 0000000000000000
@1387 0000000000000000
@1388 0000000000000000
@1389 -000000000000001
@138A 0000000000000000
@138B 0000000000000000
@138C 0000000000000000
@138D 0000000000000000
@138E 0000000000000000
@138F 0000000000000000
@1390 0000000000000000
@1391 0000000000000000
@1392 0000000000000000
@1393 0000000000000000
@1394 0000000000000001
@1395 0000000000000000
@1396 0000000000000000
@1397 0000000000000000
@1398 0000000000000001
@1399 0000000000000000
@139A 0000000000000000
@139B 0000000000000000
@139C 0000000000000000
@139D 0000000000000000
@139E 0000000000000000
@139F 0000000000000000
@13A0 0000000000000000
@13A1 0000000000000000
@13A2 -000000000000001
@13A3 0000000000000000
@13A4 0000000000000000
@13A5 0000000000000000
@13A6 0000000000000002
@13A7 0000000000000000
@13A8 -000000000000001
@13A9 0000000000000000
@13AA 0000000000000000
@13AB 0000000000000000
@13AC 0000000000000000
@13AD 0000000000000000
@13AE 0000000000000000
@13AF 0000000000000000
@13B0 0000000000000000
@13B1 0000000000000000
@13B2 0000000000000000
@13B3 0000000000000001
@13B4 0000000000000000
@13B5 0000000000000000
@13B6 -000000000000001
@13B7 0000000000000000
@13B8 0000000000000000
@13B9 0000000000000000
@13BA 0000000000000002
@13BB 0000000000000000
@13BC 0000000000000000
@13BD 0000000000000000
@13BE 0000000000000000
@13BF 0000000000000000
@13C0 0000000000000000
@13C1 0000000000000000
@13C2 0000000000000000
@13C3 0000000000000000
@13C4 0000000000000000
@13C5 0000000000000000
@13C6 0000000000000000
@13C7 0000000000000000
@13C8 0000000000000000
@13C9 0000000000000001
@13CA -000000000000001
@13CB 0000000000000000
@13CC 0000000000000001
@13CD 0000000000000000
@13CE 0000000000000000
@13CF 0000000000000000
@13D0 -000000000000001
@13D1 0000000000000000
@13D2 0000000000000000
@13D3 0000000000000000
@13D4 0000000000000000
@13D5 0000000000000000
@13D6 0000000000000000
@13D7 0000000000000000
@13D8 0000000000000000
@13D9 0000000000000000
@13DA 0000000000000000
@13DB 0000000000000000
@13DC 0000000000000001
@13DD 0000000000000000
@13DE 0000000000000000
@13DF 0000000000000000
@13E0 0000000000000000
@13E1 0000000000000000
@13E2 -000000000000001
@13E3 0000000000000000
@13E4 0000000000000000
@13E5 0000000000000000
@13E6 0000000000000000
@13E7 0000000000000000
@13E8 0000000000000000
@13E9 0000000000000000
@13EA 0000000000000000
@13EB 0000000000000000
@13EC 0000000000000000
@13ED 0000000000000000
@13EE 0000000000000000
@13EF 0000000000000000
@13F0 0000000000000000
@13F1 0000000000000003
@13F2 0000000000000000
@13F3 0000000000000000
@13F4 0000000000000000
@13F5 0000000000000000
@13F6 0000000000000000
@13F7 0000000000000000
@13F8 0000000000000000
@13F9 0000000000000000
@13FA 0000000000000000
@13FB 0000000000000000
@13FC 0000000000000000
@13FD 0000000000000000
@13FE 0000000000000000
@13FF 0000000000000000
@1400 0000000000000000
@1401 0000000000000000
@1402 0000000000000000
@1403 0000000000000000
@1404 0000000000000000
@1405 0000000000000000
@1406 0000000000000000
@1407 0000000000000000
@1408 0000000000000000
@1409 0000000000000000
@140A 0000000000000000
@140B 0000000000000001
@140C 0000000000000000
@140D 0000000000000000
@140E 0000000000000000
@140F 0000000000000000
@1410 0000000000000000
@1411 0000000000000000
@1412 0000000000000000
@1413 0000000000000001
@1414 0000000000000000
@1415 0000000000000000
@1416 0000000000000000
@1417 0000000000000000
@1418 0000000000000000
@1419 0000000000000000
@141A 0000000000000000
@141B 0000000000000000
@141C 0000000000000000
@141D 0000000000000000
@141E 0000000000000000
@141F 0000000000000000
@1420 0000000000000000
@1421 0000000000000000
@1422 0000000000000000
@1423 0000000000000000
@1424 0000000000000000
@1425 0000000000000000
@1426 0000000000000000
@1427 0000000000000000
@1428 0000000000000000
@1429 0000000000000000
@142A 0000000000000000
@142B 0000000000000000
@142C 0000000000000000
@142D -000000000000002
@142E 0000000000000000
@142F 0000000000000000
@1430 0000000000000000
@1431 0000000000000000
@1432 0000000000000000
@1433 0000000000000000
@1434 0000000000000000
@1435 0000000000000000
@1436 -000000000000001
@1437 0000000000000000
@1438 0000000000000001
@1439 0000000000000000
@143A 0000000000000001
@143B 0000000000000000
@143C 0000000000000000
@143D -000000000000001
@143E 0000000000000000
@143F 0000000000000000
@1440 0000000000000000
@1441 0000000000000000
@1442 -000000000000001
@1443 0000000000000000
@1444 0000000000000001
@1445 -000000000000002
@1446 0000000000000000
@1447 0000000000000000
@1448 0000000000000000
@1449 -000000000000001
@144A 0000000000000000
@144B 0000000000000000
@144C 0000000000000000
@144D 0000000000000000
@144E 0000000000000000
@144F 0000000000000000
@1450 0000000000000000
@1451 0000000000000000
@1452 0000000000000000
@1453 0000000000000000
@1454 0000000000000001
@1455 0000000000000000
@1456 0000000000000000
@1457 0000000000000000
@1458 0000000000000001
@1459 0000000000000000
@145A 0000000000000000
@145B 0000000000000000
@145C 0000000000000000
@145D 0000000000000000
@145E 0000000000000000
@145F 0000000000000000
@1460 0000000000000000
@1461 0000000000000000
@1462 -000000000000001
@1463 0000000000000000
@1464 0000000000000000
@1465 0000000000000000
@1466 0000000000000002
@1467 0000000000000000
@1468 -000000000000001
@1469 0000000000000000
@146A 0000000000000000
@146B 0000000000000000
@146C 0000000000000000
@146D 0000000000000000
@146E 0000000000000000
@146F 0000000000000000
@1470 0000000000000000
@1471 0000000000000000
@1472 0000000000000000
@1473 0000000000000001
@1474 0000000000000000
@1475 0000000000000000
@1476 -000000000000001
@1477 0000000000000000
@1478 0000000000000000
@1479 0000000000000000
@147A 0000000000000002
@147B 0000000000000000
@147C 0000000000000000
@147D 0000000000000000
@147E 0000000000000000
@147F 0000000000000000
@1480 0000000000000000
@1481 0000000000000000
@1482 0000000000000000
@1483 0000000000000000
@1484 0000000000000000
@1485 0000000000000000
@1486 0000000000000000
@1487 0000000000000000
@1488 0000000000000000
@1489 0000000000000001
@148A -000000000000001
@148B 0000000000000000
@148C 0000000000000001
@148D 0000000000000000
@148E 0000000000000000
@148F 0000000000000000
@1490 -000000000000001
@1491 0000000000000000
@1492 0000000000000000
@1493 0000000000000000
@1494 0000000000000000
@1495 0000000000000000
@1496 0000000000000000
@1497 0000000000000000
@1498 0000000000000000
@1499 0000000000000000
@149A 0000000000000000
@149B 0000000000000000
@149C 0000000000000002
@149D 0000000000000000
@149E 0000000000000000
@149F 0000000000000000
@14A0 0000000000000000
@14A1 0000000000000000
@14A2 -000000000000001
@14A3 0000000000000000
@14A4 0000000000000000
@14A5 0000000000000000
@14A6 0000000000000000
@14A7 0000000000000000
@14A8 0000000000000000
@14A9 0000000000000000
@14AA 0000000000000000
@14AB 0000000000000000
@14AC 0000000000000000
@14AD 0000000000000000
@14AE 0000000000000000
@14AF 0000000000000000
@14B0 0000000000000000
@14B1 0000000000000002
@14B2 0000000000000000
@14B3 0000000000000000
@14B4 0000000000000001
@14B5 0000000000000000
@14B6 0000000000000000
@14B7 0000000000000000
@14B8 0000000000000000
@14B9 0000000000000000
@14BA 0000000000000000
@14BB 0000000000000000
@14BC 0000000000000000
@14BD 0000000000000000
@14BE 0000000000000000
@14BF 0000000000000000
@14C0 0000000000000000
@14C1 0000000000000000
@14C2 0000000000000000
@14C3 0000000000000000
@14C4 0000000000000000
@14C5 0000000000000000
@14C6 0000000000000000
@14C7 0000000000000000
@14C8 0000000000000000
@14C9 0000000000000000
@14CA 0000000000000000
@14CB 0000000000000001
@14CC 0000000000000000
@14CD 0000000000000000
@14CE 0000000000000000
@14CF 0000000000000000
@14D0 0000000000000000
@14D1 0000000000000000
@14D2 0000000000000000
@14D3 0000000000000001
@14D4 0000000000000000
@14D5 0000000000000000
@14D6 0000000000000000
@14D7 0000000000000000
@14D8 0000000000000000
@14D9 0000000000000000
@14DA 0000000000000000
@14DB 0000000000000000
@14DC 0000000000000000
@14DD 0000000000000000
@14DE 0000000000000000
@14DF 0000000000000000
@14E0 0000000000000000
@14E1 0000000000000000
@14E2 0000000000000000
@14E3 0000000000000000
@14E4 0000000000000000
@14E5 0000000000000000
@14E6 0000000000000000
@14E7 0000000000000000
@14E8 0000000000000000
@14E9 0000000000000000
@14EA 0000000000000000
@14EB 0000000000000000
@14EC 0000000000000000
@14ED -000000000000002
@14EE 0000000000000000
@14EF 0000000000000000
@14F0 0000000000000000
@14F1 0000000000000000
@14F2 0000000000000000
@14F3 0000000000000000
@14F4 0000000000000000
@14F5 0000000000000000
@14F6 -000000000000001
@14F7 0000000000000000
@14F8 0000000000000002
@14F9 0000000000000000
@14FA 0000000000000001
@14FB 0000000000000000
@14FC 0000000000000000
@14FD -000000000000001
@14FE 0000000000000000
@14FF 0000000000000000
@1500 0000000000000000
@1501 0000000000000000
@1502 -000000000000001
@1503 0000000000000000
@1504 0000000000000001
@1505 -000000000000002
@1506 0000000000000000
@1507 0000000000000000
@1508 -000000000000002
@1509 -000000000000002
@150A 0000000000000000
@150B 0000000000000000
@150C 0000000000000000
@150D 0000000000000000
@150E 0000000000000000
@150F 0000000000000000
@1510 0000000000000000
@1511 0000000000000000
@1512 0000000000000000
@1513 0000000000000000
@1514 0000000000000001
@1515 -000000000000001
@1516 0000000000000000
@1517 0000000000000000
@1518 0000000000000000
@1519 0000000000000000
@151A 0000000000000000
@151B 0000000000000000
@151C 0000000000000000
@151D 0000000000000000
@151E 0000000000000000
@151F 0000000000000000
@1520 0000000000000001
@1521 0000000000000000
@1522 -000000000000001
@1523 0000000000000000
@1524 -000000000000001
@1525 0000000000000001
@1526 0000000000000002
@1527 0000000000000000
@1528 -000000000000001
@1529 0000000000000000
@152A 0000000000000001
@152B 0000000000000000
@152C -000000000000001
@152D 0000000000000000
@152E 0000000000000000
@152F 0000000000000000
@1530 0000000000000000
@1531 0000000000000001
@1532 0000000000000000
@1533 0000000000000001
@1534 0000000000000000
@1535 0000000000000000
@1536 0000000000000000
@1537 0000000000000000
@1538 0000000000000000
@1539 -000000000000001
@153A 0000000000000001
@153B 0000000000000000
@153C 0000000000000000
@153D 0000000000000000
@153E 0000000000000000
@153F 0000000000000000
@1540 0000000000000000
@1541 0000000000000000
@1542 0000000000000000
@1543 0000000000000000
@1544 0000000000000000
@1545 0000000000000000
@1546 0000000000000000
@1547 0000000000000000
@1548 0000000000000000
@1549 0000000000000001
@154A 0000000000000000
@154B 0000000000000000
@154C 0000000000000001
@154D -000000000000001
@154E 0000000000000000
@154F 0000000000000000
@1550 0000000000000000
@1551 0000000000000000
@1552 0000000000000001
@1553 0000000000000000
@1554 0000000000000000
@1555 0000000000000000
@1556 0000000000000000
@1557 0000000000000000
@1558 0000000000000000
@1559 0000000000000000
@155A 0000000000000000
@155B 0000000000000000
@155C 0000000000000001
@155D 0000000000000000
@155E 0000000000000001
@155F 0000000000000000
@1560 0000000000000000
@1561 0000000000000000
@1562 -000000000000002
@1563 0000000000000000
@1564 0000000000000000
@1565 0000000000000000
@1566 0000000000000000
@1567 0000000000000000
@1568 0000000000000000
@1569 0000000000000000
@156A 0000000000000000
@156B 0000000000000000
@156C 0000000000000000
@156D 0000000000000001
@156E -000000000000001
@156F 0000000000000000
@1570 0000000000000000
@1571 0000000000000003
@1572 0000000000000000
@1573 0000000000000000
@1574 0000000000000000
@1575 0000000000000000
@1576 0000000000000000
@1577 0000000000000001
@1578 0000000000000000
@1579 0000000000000000
@157A 0000000000000000
@157B 0000000000000000
@157C 0000000000000000
@157D 0000000000000000
@157E 0000000000000000
@157F 0000000000000000
@1580 0000000000000000
@1581 0000000000000000
@1582 0000000000000001
@1583 0000000000000000
@1584 0000000000000000
@1585 0000000000000000
@1586 0000000000000000
@1587 0000000000000000
@1588 0000000000000000
@1589 -000000000000001
@158A 0000000000000000
@158B 0000000000000002
@158C 0000000000000000
@158D 0000000000000000
@158E 0000000000000000
@158F 0000000000000000
@1590 0000000000000000
@1591 0000000000000000
@1592 0000000000000000
@1593 0000000000000000
@1594 0000000000000000
@1595 0000000000000000
@1596 0000000000000000
@1597 0000000000000000
@1598 0000000000000000
@1599 0000000000000000
@159A 0000000000000001
@159B 0000000000000000
@159C 0000000000000001
@159D 0000000000000000
@159E 0000000000000000
@159F 0000000000000000
@15A0 0000000000000000
@15A1 -000000000000001
@15A2 0000000000000000
@15A3 0000000000000000
@15A4 0000000000000000
@15A5 0000000000000000
@15A6 0000000000000000
@15A7 0000000000000000
@15A8 0000000000000000
@15A9 0000000000000000
@15AA 0000000000000000
@15AB 0000000000000000
@15AC 0000000000000000
@15AD -000000000000001
@15AE 0000000000000000
@15AF 0000000000000000
@15B0 0000000000000000
@15B1 0000000000000000
@15B2 0000000000000000
@15B3 0000000000000000
@15B4 0000000000000001
@15B5 0000000000000000
@15B6 0000000000000000
@15B7 0000000000000000
@15B8 0000000000000001
@15B9 0000000000000000
@15BA 0000000000000000
@15BB 0000000000000000
@15BC 0000000000000000
@15BD 0000000000000000
@15BE 0000000000000000
@15BF 0000000000000001
@15C0 0000000000000000
@15C1 0000000000000000
@15C2 -000000000000002
@15C3 0000000000000000
@15C4 0000000000000001
@15C5 -000000000000001
@15C6 -000000000000001
@15C7 0000000000000000
@15C8 0000000000000000
@15C9 -000000000000001
@15CA 0000000000000000
@15CB 0000000000000000
@15CC 0000000000000000
@15CD 0000000000000001
@15CE 0000000000000000
@15CF -000000000000001
@15D0 -000000000000001
@15D1 0000000000000000
@15D2 0000000000000000
@15D3 0000000000000000
@15D4 0000000000000001
@15D5 0000000000000000
@15D6 0000000000000000
@15D7 0000000000000001
@15D8 0000000000000001
@15D9 -000000000000001
@15DA 0000000000000000
@15DB 0000000000000000
@15DC 0000000000000000
@15DD 0000000000000000
@15DE 0000000000000000
@15DF 0000000000000000
@15E0 0000000000000000
@15E1 0000000000000000
@15E2 -000000000000002
@15E3 0000000000000000
@15E4 0000000000000000
@15E5 0000000000000000
@15E6 0000000000000002
@15E7 0000000000000000
@15E8 0000000000000000
@15E9 0000000000000000
@15EA -000000000000001
@15EB 0000000000000000
@15EC 0000000000000000
@15ED 0000000000000000
@15EE 0000000000000000
@15EF 0000000000000000
@15F0 0000000000000000
@15F1 0000000000000000
@15F2 0000000000000000
@15F3 0000000000000001
@15F4 0000000000000000
@15F5 0000000000000000
@15F6 0000000000000000
@15F7 0000000000000000
@15F8 0000000000000000
@15F9 -000000000000001
@15FA 0000000000000001
@15FB 0000000000000000
@15FC 0000000000000000
@15FD 0000000000000000
@15FE 0000000000000000
@15FF 0000000000000000
@1600 -000000000000001
@1601 0000000000000000
@1602 0000000000000001
@1603 0000000000000000
@1604 0000000000000000
@1605 0000000000000000
@1606 0000000000000000
@1607 0000000000000000
@1608 0000000000000000
@1609 0000000000000001
@160A -000000000000001
@160B 0000000000000000
@160C 0000000000000001
@160D 0000000000000000
@160E 0000000000000000
@160F 0000000000000000
@1610 0000000000000000
@1611 0000000000000000
@1612 -000000000000001
@1613 0000000000000000
@1614 0000000000000000
@1615 0000000000000000
@1616 -000000000000001
@1617 0000000000000000
@1618 0000000000000001
@1619 0000000000000000
@161A 0000000000000000
@161B 0000000000000000
@161C 0000000000000001
@161D 0000000000000000
@161E 0000000000000000
@161F 0000000000000000
@1620 0000000000000000
@1621 0000000000000001
@1622 -000000000000001
@1623 0000000000000000
@1624 0000000000000000
@1625 -000000000000002
@1626 0000000000000000
@1627 0000000000000000
@1628 0000000000000000
@1629 0000000000000001
@162A 0000000000000001
@162B 0000000000000000
@162C 0000000000000000
@162D 0000000000000001
@162E 0000000000000000
@162F 0000000000000000
@1630 0000000000000000
@1631 0000000000000003
@1632 0000000000000000
@1633 0000000000000000
@1634 0000000000000000
@1635 0000000000000000
@1636 0000000000000000
@1637 0000000000000001
@1638 0000000000000000
@1639 0000000000000000
@163A -000000000000001
@163B 0000000000000000
@163C 0000000000000000
@163D 0000000000000000
@163E -000000000000002
@163F 0000000000000000
@1640 0000000000000000
@1641 -000000000000001
@1642 0000000000000001
@1643 0000000000000000
@1644 0000000000000000
@1645 -000000000000001
@1646 0000000000000000
@1647 0000000000000000
@1648 0000000000000000
@1649 0000000000000001
@164A 0000000000000000
@164B 0000000000000002
@164C 0000000000000000
@164D 0000000000000000
@164E 0000000000000000
@164F 0000000000000000
@1650 0000000000000000
@1651 0000000000000000
@1652 0000000000000000
@1653 0000000000000001
@1654 0000000000000000
@1655 0000000000000000
@1656 0000000000000000
@1657 0000000000000000
@1658 0000000000000000
@1659 0000000000000000
@165A 0000000000000001
@165B 0000000000000000
@165C 0000000000000000
@165D 0000000000000000
@165E 0000000000000000
@165F 0000000000000000
@1660 0000000000000001
@1661 -000000000000001
@1662 0000000000000000
@1663 0000000000000000
@1664 0000000000000000
@1665 0000000000000000
@1666 0000000000000000
@1667 0000000000000000
@1668 0000000000000001
@1669 0000000000000000
@166A 0000000000000000
@166B 0000000000000000
@166C 0000000000000000
@166D -000000000000001
@166E 0000000000000000
@166F 0000000000000000
@1670 0000000000000000
@1671 -000000000000001
@1672 -000000000000001
@1673 0000000000000000
@1674 0000000000000000
@1675 0000000000000000
@1676 0000000000000000
@1677 0000000000000000
@1678 0000000000000000
@1679 0000000000000000
@167A -000000000000001
@167B 0000000000000000
@167C 0000000000000001
@167D -000000000000001
@167E 0000000000000000
@167F 0000000000000000
@1680 0000000000000000
@1681 0000000000000000
@1682 -000000000000001
@1683 0000000000000000
@1684 0000000000000000
@1685 -000000000000002
@1686 0000000000000000
@1687 0000000000000000
@1688 0000000000000000
@1689 0000000000000000
@168A 0000000000000000
@168B 0000000000000000
@168C 0000000000000000
@168D 0000000000000000
@168E 0000000000000000
@168F -000000000000001
@1690 -000000000000001
@1691 0000000000000000
@1692 0000000000000000
@1693 0000000000000000
@1694 0000000000000000
@1695 -000000000000001
@1696 0000000000000000
@1697 0000000000000000
@1698 0000000000000000
@1699 0000000000000000
@169A 0000000000000000
@169B 0000000000000001
@169C 0000000000000000
@169D 0000000000000000
@169E 0000000000000000
@169F 0000000000000001
@16A0 0000000000000000
@16A1 0000000000000001
@16A2 -000000000000001
@16A3 0000000000000000
@16A4 0000000000000000
@16A5 0000000000000000
@16A6 0000000000000002
@16A7 0000000000000000
@16A8 -000000000000001
@16A9 0000000000000000
@16AA 0000000000000000
@16AB 0000000000000001
@16AC 0000000000000000
@16AD 0000000000000000
@16AE 0000000000000000
@16AF 0000000000000000
@16B0 0000000000000000
@16B1 -000000000000001
@16B2 0000000000000000
@16B3 0000000000000001
@16B4 0000000000000000
@16B5 0000000000000000
@16B6 0000000000000000
@16B7 0000000000000000
@16B8 0000000000000000
@16B9 0000000000000000
@16BA 0000000000000002
@16BB 0000000000000000
@16BC -000000000000002
@16BD 0000000000000000
@16BE 0000000000000000
@16BF 0000000000000000
@16C0 0000000000000000
@16C1 0000000000000000
@16C2 0000000000000001
@16C3 0000000000000000
@16C4 0000000000000000
@16C5 0000000000000000
@16C6 0000000000000000
@16C7 0000000000000000
@16C8 0000000000000000
@16C9 0000000000000001
@16CA -000000000000002
@16CB 0000000000000000
@16CC 0000000000000000
@16CD 0000000000000000
@16CE 0000000000000000
@16CF 0000000000000000
@16D0 0000000000000000
@16D1 0000000000000000
@16D2 -000000000000003
@16D3 0000000000000000
@16D4 0000000000000000
@16D5 0000000000000000
@16D6 0000000000000000
@16D7 0000000000000000
@16D8 0000000000000000
@16D9 0000000000000000
@16DA 0000000000000000
@16DB 0000000000000000
@16DC 0000000000000002
@16DD 0000000000000000
@16DE 0000000000000000
@16DF 0000000000000000
@16E0 0000000000000000
@16E1 0000000000000000
@16E2 0000000000000000
@16E3 0000000000000001
@16E4 0000000000000000
@16E5 -000000000000001
@16E6 0000000000000000
@16E7 0000000000000000
@16E8 0000000000000000
@16E9 0000000000000000
@16EA 0000000000000000
@16EB 0000000000000000
@16EC 0000000000000000
@16ED 0000000000000000
@16EE 0000000000000000
@16EF 0000000000000000
@16F0 0000000000000000
@16F1 0000000000000001
@16F2 0000000000000000
@16F3 0000000000000000
@16F4 0000000000000000
@16F5 0000000000000000
@16F6 0000000000000001
@16F7 0000000000000001
@16F8 -000000000000001
@16F9 0000000000000000
@16FA 0000000000000000
@16FB 0000000000000000
@16FC 0000000000000000
@16FD -000000000000001
@16FE -000000000000001
@16FF 0000000000000000
@1700 0000000000000000
@1701 0000000000000000
@1702 -000000000000001
@1703 0000000000000000
@1704 0000000000000000
@1705 0000000000000000
@1706 0000000000000000
@1707 0000000000000000
@1708 0000000000000000
@1709 0000000000000000
@170A 0000000000000000
@170B 0000000000000002
@170C 0000000000000000
@170D 0000000000000000
@170E 0000000000000000
@170F 0000000000000000
@1710 0000000000000000
@1711 0000000000000001
@1712 0000000000000000
@1713 0000000000000001
@1714 0000000000000000
@1715 0000000000000000
@1716 0000000000000000
@1717 0000000000000000
@1718 0000000000000000
@1719 0000000000000000
@171A 0000000000000000
@171B 0000000000000000
@171C 0000000000000000
@171D 0000000000000000
@171E 0000000000000000
@171F 0000000000000000
@1720 0000000000000000
@1721 -000000000000001
@1722 0000000000000000
@1723 -000000000000001
@1724 0000000000000000
@1725 0000000000000000
@1726 0000000000000000
@1727 0000000000000000
@1728 0000000000000001
@1729 0000000000000000
@172A 0000000000000000
@172B 0000000000000000
@172C 0000000000000000
@172D -000000000000002
@172E 0000000000000001
@172F -000000000000001
@1730 0000000000000000
@1731 0000000000000000
@1732 0000000000000000
@1733 0000000000000000
@1734 0000000000000000
@1735 0000000000000000
@1736 -000000000000001
@1737 0000000000000000
@1738 0000000000000000
@1739 0000000000000000
@173A 0000000000000000
@173B 0000000000000000
@173C 0000000000000000
@173D -000000000000001
@173E 0000000000000001
@173F 0000000000000000
@1740 0000000000000000
@1741 0000000000000000
@1742 -000000000000001
@1743 0000000000000000
@1744 0000000000000000
@1745 -000000000000001
@1746 0000000000000000
@1747 0000000000000001
@1748 0000000000000000
@1749 0000000000000000
@174A 0000000000000000
@174B 0000000000000000
@174C 0000000000000000
@174D 0000000000000000
@174E 0000000000000000
@174F 0000000000000000
@1750 0000000000000000
@1751 0000000000000000
@1752 0000000000000000
@1753 0000000000000000
@1754 0000000000000000
@1755 -000000000000001
@1756 0000000000000000
@1757 0000000000000000
@1758 0000000000000001
@1759 0000000000000000
@175A 0000000000000000
@175B 0000000000000000
@175C 0000000000000000
@175D 0000000000000000
@175E 0000000000000000
@175F 0000000000000000
@1760 0000000000000000
@1761 0000000000000000
@1762 -000000000000001
@1763 0000000000000000
@1764 0000000000000000
@1765 0000000000000000
@1766 0000000000000002
@1767 0000000000000000
@1768 -000000000000001
@1769 0000000000000000
@176A 0000000000000000
@176B 0000000000000001
@176C 0000000000000000
@176D 0000000000000000
@176E 0000000000000000
@176F 0000000000000000
@1770 0000000000000000
@1771 0000000000000000
@1772 0000000000000000
@1773 0000000000000001
@1774 0000000000000000
@1775 0000000000000000
@1776 0000000000000000
@1777 0000000000000000
@1778 0000000000000000
@1779 -000000000000001
@177A 0000000000000002
@177B 0000000000000000
@177C -000000000000001
@177D 0000000000000000
@177E 0000000000000000
@177F 0000000000000000
@1780 0000000000000000
@1781 0000000000000000
@1782 0000000000000001
@1783 0000000000000000
@1784 0000000000000000
@1785 0000000000000000
@1786 0000000000000000
@1787 0000000000000000
@1788 0000000000000000
@1789 0000000000000001
@178A -000000000000001
@178B 0000000000000000
@178C 0000000000000000
@178D 0000000000000000
@178E 0000000000000000
@178F 0000000000000000
@1790 0000000000000000
@1791 0000000000000000
@1792 -000000000000002
@1793 0000000000000000
@1794 0000000000000000
@1795 0000000000000000
@1796 0000000000000000
@1797 0000000000000000
@1798 0000000000000000
@1799 0000000000000000
@179A 0000000000000000
@179B 0000000000000000
@179C 0000000000000002
@179D 0000000000000000
@179E 0000000000000000
@179F 0000000000000000
@17A0 0000000000000000
@17A1 0000000000000000
@17A2 0000000000000000
@17A3 0000000000000000
@17A4 0000000000000000
@17A5 0000000000000000
@17A6 0000000000000000
@17A7 0000000000000000
@17A8 0000000000000000
@17A9 0000000000000000
@17AA 0000000000000000
@17AB 0000000000000000
@17AC 0000000000000000
@17AD 0000000000000000
@17AE 0000000000000000
@17AF 0000000000000000
@17B0 -000000000000001
@17B1 0000000000000002
@17B2 0000000000000000
@17B3 0000000000000000
@17B4 0000000000000000
@17B5 0000000000000000
@17B6 0000000000000000
@17B7 0000000000000001
@17B8 -000000000000001
@17B9 0000000000000000
@17BA 0000000000000000
@17BB 0000000000000000
@17BC 0000000000000000
@17BD 0000000000000000
@17BE 0000000000000000
@17BF 0000000000000000
@17C0 0000000000000000
@17C1 0000000000000000
@17C2 0000000000000000
@17C3 0000000000000000
@17C4 0000000000000000
@17C5 0000000000000000
@17C6 0000000000000000
@17C7 0000000000000000
@17C8 0000000000000000
@17C9 0000000000000000
@17CA 0000000000000000
@17CB 0000000000000002
@17CC 0000000000000000
@17CD 0000000000000000
@17CE 0000000000000000
@17CF 0000000000000000
@17D0 0000000000000000
@17D1 0000000000000000
@17D2 0000000000000000
@17D3 0000000000000001
@17D4 0000000000000000
@17D5 0000000000000000
@17D6 0000000000000000
@17D7 0000000000000000
@17D8 0000000000000000
@17D9 0000000000000000
@17DA 0000000000000000
@17DB 0000000000000000
@17DC 0000000000000000
@17DD 0000000000000000
@17DE 0000000000000000
@17DF 0000000000000000
@17E0 0000000000000000
@17E1 -000000000000001
@17E2 0000000000000000
@17E3 0000000000000000
@17E4 0000000000000000
@17E5 0000000000000000
@17E6 0000000000000000
@17E7 0000000000000000
@17E8 0000000000000000
@17E9 0000000000000000
@17EA 0000000000000000
@17EB 0000000000000000
@17EC 0000000000000000
@17ED -000000000000001
@17EE 0000000000000000
@17EF 0000000000000000
@17F0 0000000000000000
@17F1 0000000000000000
@17F2 0000000000000000
@17F3 0000000000000000
@17F4 0000000000000000
@17F5 0000000000000000
@17F6 0000000000000000
@17F7 0000000000000000
@17F8 0000000000000000
@17F9 0000000000000000
@17FA -000000000000001
@17FB 0000000000000001
@17FC 0000000000000000
@17FD -000000000000001
@17FE 0000000000000001
@17FF 0000000000000000
@1800 0000000000000000
@1801 0000000000000000
@1802 -000000000000002
@1803 0000000000000000
@1804 0000000000000000
@1805 -000000000000002
@1806 0000000000000000
@1807 0000000000000000
@1808 0000000000000000
@1809 -000000000000001
@180A 0000000000000000
@180B 0000000000000000
@180C 0000000000000000
@180D 0000000000000000
@180E 0000000000000000
@180F 0000000000000000
@1810 -000000000000001
@1811 0000000000000000
@1812 0000000000000000
@1813 0000000000000000
@1814 0000000000000000
@1815 -000000000000001
@1816 0000000000000000
@1817 0000000000000000
@1818 0000000000000001
@1819 0000000000000000
@181A 0000000000000000
@181B 0000000000000000
@181C 0000000000000000
@181D 0000000000000000
@181E 0000000000000000
@181F 0000000000000000
@1820 0000000000000000
@1821 0000000000000000
@1822 -000000000000001
@1823 0000000000000000
@1824 0000000000000000
@1825 0000000000000000
@1826 0000000000000002
@1827 0000000000000000
@1828 -000000000000001
@1829 0000000000000000
@182A 0000000000000000
@182B 0000000000000000
@182C 0000000000000000
@182D 0000000000000000
@182E 0000000000000000
@182F 0000000000000000
@1830 0000000000000000
@1831 0000000000000000
@1832 0000000000000000
@1833 0000000000000001
@1834 0000000000000000
@1835 0000000000000000
@1836 0000000000000000
@1837 0000000000000000
@1838 0000000000000000
@1839 -000000000000002
@183A 0000000000000001
@183B 0000000000000000
@183C -000000000000001
@183D 0000000000000000
@183E 0000000000000000
@183F 0000000000000000
@1840 0000000000000000
@1841 0000000000000000
@1842 0000000000000001
@1843 0000000000000000
@1844 0000000000000000
@1845 0000000000000000
@1846 0000000000000000
@1847 0000000000000000
@1848 0000000000000000
@1849 0000000000000001
@184A -000000000000001
@184B 0000000000000000
@184C 0000000000000001
@184D 0000000000000000
@184E 0000000000000000
@184F 0000000000000000
@1850 0000000000000001
@1851 0000000000000000
@1852 -000000000000002
@1853 0000000000000000
@1854 0000000000000000
@1855 0000000000000000
@1856 0000000000000000
@1857 0000000000000000
@1858 0000000000000000
@1859 0000000000000000
@185A 0000000000000000
@185B 0000000000000000
@185C 0000000000000001
@185D 0000000000000000
@185E 0000000000000000
@185F 0000000000000000
@1860 0000000000000000
@1861 0000000000000000
@1862 0000000000000000
@1863 0000000000000000
@1864 0000000000000000
@1865 -000000000000001
@1866 0000000000000000
@1867 0000000000000000
@1868 0000000000000000
@1869 0000000000000000
@186A 0000000000000000
@186B 0000000000000000
@186C 0000000000000000
@186D 0000000000000000
@186E 0000000000000000
@186F 0000000000000000
@1870 0000000000000000
@1871 0000000000000002
@1872 0000000000000000
@1873 0000000000000000
@1874 0000000000000000
@1875 0000000000000000
@1876 0000000000000000
@1877 0000000000000001
@1878 -000000000000001
@1879 0000000000000000
@187A 0000000000000000
@187B 0000000000000000
@187C 0000000000000000
@187D 0000000000000000
@187E 0000000000000000
@187F 0000000000000000
@1880 0000000000000000
@1881 0000000000000000
@1882 0000000000000000
@1883 0000000000000000
@1884 0000000000000000
@1885 0000000000000000
@1886 0000000000000000
@1887 0000000000000000
@1888 0000000000000000
@1889 0000000000000000
@188A 0000000000000000
@188B 0000000000000001
@188C 0000000000000000
@188D 0000000000000000
@188E 0000000000000000
@188F 0000000000000000
@1890 0000000000000000
@1891 0000000000000001
@1892 0000000000000000
@1893 0000000000000001
@1894 0000000000000000
@1895 0000000000000000
@1896 0000000000000000
@1897 0000000000000000
@1898 0000000000000000
@1899 0000000000000000
@189A 0000000000000000
@189B 0000000000000000
@189C 0000000000000000
@189D 0000000000000000
@189E 0000000000000000
@189F 0000000000000000
@18A0 0000000000000000
@18A1 0000000000000000
@18A2 0000000000000000
@18A3 0000000000000000
@18A4 0000000000000000
@18A5 0000000000000000
@18A6 0000000000000000
@18A7 0000000000000000
@18A8 0000000000000000
@18A9 0000000000000000
@18AA 0000000000000000
@18AB 0000000000000000
@18AC 0000000000000000
@18AD -000000000000001
@18AE 0000000000000000
@18AF 0000000000000000
@18B0 0000000000000000
@18B1 0000000000000000
@18B2 0000000000000000
@18B3 0000000000000000
@18B4 0000000000000000
@18B5 0000000000000000
@18B6 0000000000000000
@18B7 0000000000000000
@18B8 0000000000000000
@18B9 0000000000000000
@18BA -000000000000001
@18BB 0000000000000000
@18BC 0000000000000000
@18BD -000000000000001
@18BE 0000000000000000
@18BF 0000000000000000
@18C0 -000000000000001
@18C1 0000000000000000
@18C2 -000000000000002
@18C3 0000000000000000
@18C4 0000000000000001
@18C5 -000000000000001
@18C6 -000000000000001
@18C7 0000000000000001
@18C8 0000000000000000
@18C9 0000000000000000
@18CA 0000000000000001
@18CB 0000000000000000
@18CC 0000000000000000
@18CD 0000000000000000
@18CE 0000000000000000
@18CF -000000000000002
@18D0 -000000000000001
@18D1 0000000000000001
@18D2 0000000000000000
@18D3 0000000000000000
@18D4 0000000000000000
@18D5 -000000000000001
@18D6 0000000000000000
@18D7 0000000000000001
@18D8 0000000000000000
@18D9 0000000000000000
@18DA 0000000000000000
@18DB 0000000000000000
@18DC 0000000000000000
@18DD 0000000000000000
@18DE 0000000000000000
@18DF 0000000000000000
@18E0 0000000000000000
@18E1 0000000000000000
@18E2 -000000000000002
@18E3 0000000000000000
@18E4 0000000000000000
@18E5 0000000000000000
@18E6 0000000000000002
@18E7 0000000000000000
@18E8 0000000000000000
@18E9 0000000000000000
@18EA 0000000000000000
@18EB 0000000000000000
@18EC -000000000000001
@18ED 0000000000000000
@18EE 0000000000000000
@18EF 0000000000000001
@18F0 0000000000000000
@18F1 0000000000000000
@18F2 0000000000000000
@18F3 0000000000000001
@18F4 0000000000000001
@18F5 0000000000000000
@18F6 0000000000000000
@18F7 -000000000000001
@18F8 0000000000000000
@18F9 -000000000000002
@18FA 0000000000000002
@18FB 0000000000000000
@18FC -000000000000001
@18FD 0000000000000000
@18FE 0000000000000000
@18FF 0000000000000000
@1900 -000000000000001
@1901 0000000000000001
@1902 0000000000000001
@1903 0000000000000000
@1904 0000000000000000
@1905 0000000000000000
@1906 0000000000000000
@1907 0000000000000001
@1908 0000000000000000
@1909 0000000000000001
@190A -000000000000001
@190B 0000000000000000
@190C 0000000000000001
@190D -000000000000001
@190E 0000000000000000
@190F 0000000000000000
@1910 0000000000000001
@1911 0000000000000000
@1912 0000000000000000
@1913 0000000000000001
@1914 0000000000000000
@1915 0000000000000000
@1916 0000000000000000
@1917 0000000000000000
@1918 0000000000000000
@1919 0000000000000001
@191A 0000000000000000
@191B 0000000000000000
@191C 0000000000000001
@191D 0000000000000000
@191E 0000000000000000
@191F 0000000000000000
@1920 0000000000000000
@1921 0000000000000000
@1922 0000000000000000
@1923 0000000000000000
@1924 -000000000000001
@1925 -000000000000001
@1926 0000000000000000
@1927 0000000000000000
@1928 0000000000000000
@1929 -000000000000001
@192A 0000000000000000
@192B 0000000000000000
@192C 0000000000000000
@192D 0000000000000000
@192E 0000000000000001
@192F 0000000000000000
@1930 0000000000000000
@1931 0000000000000003
@1932 0000000000000000
@1933 0000000000000000
@1934 0000000000000000
@1935 0000000000000000
@1936 0000000000000000
@1937 0000000000000002
@1938 0000000000000001
@1939 0000000000000000
@193A 0000000000000000
@193B 0000000000000000
@193C 0000000000000000
@193D -000000000000001
@193E 0000000000000000
@193F 0000000000000000
@1940 0000000000000002
@1941 0000000000000000
@1942 0000000000000000
@1943 0000000000000000
@1944 0000000000000000
@1945 0000000000000001
@1946 -000000000000001
@1947 0000000000000000
@1948 0000000000000000
@1949 0000000000000000
@194A 0000000000000000
@194B 0000000000000002
@194C 0000000000000000
@194D 0000000000000000
@194E -000000000000002
@194F 0000000000000000
@1950 0000000000000000
@1951 0000000000000000
@1952 0000000000000000
@1953 0000000000000001
@1954 0000000000000001
@1955 0000000000000000
@1956 0000000000000000
@1957 0000000000000000
@1958 0000000000000000
@1959 0000000000000000
@195A 0000000000000000
@195B 0000000000000000
@195C 0000000000000000
@195D 0000000000000000
@195E 0000000000000001
@195F 0000000000000000
@1960 0000000000000002
@1961 0000000000000001
@1962 0000000000000000
@1963 0000000000000000
@1964 0000000000000000
@1965 0000000000000000
@1966 0000000000000000
@1967 0000000000000000
@1968 0000000000000000
@1969 0000000000000000
@196A 0000000000000000
@196B 0000000000000000
@196C 0000000000000000
@196D -000000000000002
@196E 0000000000000000
@196F 0000000000000000
@1970 0000000000000000
@1971 0000000000000000
@1972 0000000000000000
@1973 0000000000000000
@1974 0000000000000000
@1975 0000000000000000
@1976 0000000000000000
@1977 0000000000000000
@1978 0000000000000000
@1979 0000000000000000
@197A -000000000000001
@197B 0000000000000000
@197C 0000000000000001
@197D -000000000000001
@197E 0000000000000000
@197F -000000000000001
@1980 0000000000000001
@1981 0000000000000000
@1982 -000000000000001
@1983 0000000000000002
@1984 0000000000000001
@1985 -000000000000002
@1986 0000000000000000
@1987 0000000000000000
@1988 -000000000000001
@1989 -000000000000002
@198A 0000000000000000
@198B -000000000000001
@198C 0000000000000000
@198D 0000000000000000
@198E 0000000000000000
@198F 0000000000000001
@1990 -000000000000001
@1991 -000000000000001
@1992 0000000000000000
@1993 0000000000000000
@1994 0000000000000002
@1995 0000000000000000
@1996 0000000000000001
@1997 0000000000000001
@1998 0000000000000002
@1999 0000000000000000
@199A -000000000000001
@199B 0000000000000000
@199C 0000000000000000
@199D 0000000000000002
@199E 0000000000000000
@199F -000000000000001
@19A0 0000000000000000
@19A1 0000000000000002
@19A2 -000000000000002
@19A3 0000000000000000
@19A4 0000000000000000
@19A5 0000000000000001
@19A6 0000000000000003
@19A7 0000000000000001
@19A8 -000000000000002
@19A9 0000000000000000
@19AA -000000000000001
@19AB 0000000000000000
@19AC 0000000000000000
@19AD 0000000000000000
@19AE 0000000000000000
@19AF 0000000000000000
@19B0 0000000000000000
@19B1 0000000000000001
@19B2 0000000000000000
@19B3 0000000000000001
@19B4 0000000000000000
@19B5 -000000000000004
@19B6 0000000000000000
@19B7 -000000000000001
@19B8 0000000000000000
@19B9 0000000000000000
@19BA 0000000000000000
@19BB 0000000000000000
@19BC 0000000000000001
@19BD 0000000000000000
@19BE 0000000000000000
@19BF 0000000000000000
@19C0 0000000000000001
@19C1 0000000000000002
@19C2 0000000000000000
@19C3 -000000000000001
@19C4 0000000000000001
@19C5 -000000000000001
@19C6 0000000000000000
@19C7 0000000000000002
@19C8 -000000000000001
@19C9 0000000000000001
@19CA 0000000000000000
@19CB 0000000000000000
@19CC 0000000000000004
@19CD -000000000000001
@19CE 0000000000000000
@19CF 0000000000000001
@19D0 0000000000000000
@19D1 0000000000000000
@19D2 0000000000000007
@19D3 0000000000000000
@19D4 0000000000000000
@19D5 0000000000000000
@19D6 -000000000000002
@19D7 0000000000000000
@19D8 0000000000000002
@19D9 -000000000000001
@19DA -000000000000001
@19DB 0000000000000000
@19DC 0000000000000001
@19DD 0000000000000001
@19DE -000000000000002
@19DF 0000000000000000
@19E0 -000000000000001
@19E1 0000000000000001
@19E2 0000000000000000
@19E3 -000000000000002
@19E4 -000000000000002
@19E5 0000000000000003
@19E6 0000000000000000
@19E7 -000000000000003
@19E8 -000000000000001
@19E9 -000000000000002
@19EA -000000000000002
@19EB 0000000000000001
@19EC -000000000000001
@19ED 0000000000000000
@19EE -000000000000002
@19EF 0000000000000001
@19F0 0000000000000000
@19F1 0000000000000002
@19F2 0000000000000001
@19F3 0000000000000000
@19F4 0000000000000000
@19F5 0000000000000001
@19F6 0000000000000000
@19F7 0000000000000000
@19F8 0000000000000001
@19F9 -000000000000001
@19FA 0000000000000001
@19FB -000000000000001
@19FC 0000000000000000
@19FD 0000000000000000
@19FE 0000000000000001
@19FF 0000000000000000
@1A00 0000000000000000
@1A01 -000000000000003
@1A02 0000000000000002
@1A03 0000000000000000
@1A04 -000000000000001
@1A05 0000000000000000
@1A06 0000000000000000
@1A07 0000000000000000
@1A08 0000000000000000
@1A09 0000000000000003
@1A0A 0000000000000000
@1A0B 0000000000000000
@1A0C 0000000000000000
@1A0D 0000000000000001
@1A0E -000000000000001
@1A0F 0000000000000000
@1A10 -000000000000003
@1A11 0000000000000000
@1A12 0000000000000000
@1A13 0000000000000001
@1A14 0000000000000001
@1A15 -000000000000001
@1A16 0000000000000001
@1A17 0000000000000000
@1A18 0000000000000000
@1A19 0000000000000000
@1A1A 0000000000000000
@1A1B -000000000000002
@1A1C -000000000000002
@1A1D -000000000000001
@1A1E 0000000000000001
@1A1F -000000000000002
@1A20 0000000000000000
@1A21 -000000000000003
@1A22 -000000000000001
@1A23 0000000000000000
@1A24 -000000000000001
@1A25 -000000000000003
@1A26 -000000000000002
@1A27 0000000000000000
@1A28 0000000000000000
@1A29 0000000000000001
@1A2A -000000000000001
@1A2B -000000000000001
@1A2C 0000000000000003
@1A2D 0000000000000000
@1A2E 0000000000000000
@1A2F 0000000000000003
@1A30 0000000000000000
@1A31 -000000000000001
@1A32 0000000000000000
@1A33 0000000000000000
@1A34 0000000000000001
@1A35 -000000000000002
@1A36 0000000000000000
@1A37 0000000000000000
@1A38 -000000000000001
@1A39 0000000000000001
@1A3A 0000000000000001
@1A3B -000000000000002
@1A3C 0000000000000001
@1A3D -000000000000001
@1A3E -000000000000002
@1A3F 0000000000000002
@1A40 0000000000000000
@1A41 0000000000000000
@1A42 -000000000000001
@1A43 0000000000000000
@1A44 0000000000000001
@1A45 -000000000000002
@1A46 0000000000000000
@1A47 0000000000000000
@1A48 0000000000000000
@1A49 0000000000000000
@1A4A 0000000000000000
@1A4B 0000000000000000
@1A4C 0000000000000000
@1A4D 0000000000000000
@1A4E 0000000000000000
@1A4F 0000000000000000
@1A50 0000000000000000
@1A51 0000000000000000
@1A52 0000000000000000
@1A53 0000000000000000
@1A54 0000000000000001
@1A55 0000000000000000
@1A56 0000000000000000
@1A57 0000000000000000
@1A58 0000000000000000
@1A59 0000000000000000
@1A5A 0000000000000000
@1A5B 0000000000000000
@1A5C 0000000000000000
@1A5D -000000000000001
@1A5E 0000000000000000
@1A5F 0000000000000000
@1A60 0000000000000000
@1A61 0000000000000000
@1A62 -000000000000001
@1A63 0000000000000000
@1A64 0000000000000000
@1A65 0000000000000000
@1A66 0000000000000002
@1A67 0000000000000000
@1A68 -000000000000001
@1A69 0000000000000000
@1A6A 0000000000000000
@1A6B 0000000000000001
@1A6C -000000000000001
@1A6D 0000000000000000
@1A6E 0000000000000000
@1A6F 0000000000000000
@1A70 0000000000000000
@1A71 0000000000000000
@1A72 0000000000000000
@1A73 0000000000000001
@1A74 0000000000000000
@1A75 0000000000000000
@1A76 0000000000000000
@1A77 -000000000000001
@1A78 0000000000000000
@1A79 0000000000000000
@1A7A 0000000000000003
@1A7B 0000000000000000
@1A7C -000000000000001
@1A7D 0000000000000000
@1A7E 0000000000000000
@1A7F 0000000000000000
@1A80 0000000000000000
@1A81 0000000000000000
@1A82 0000000000000000
@1A83 0000000000000000
@1A84 0000000000000000
@1A85 0000000000000000
@1A86 0000000000000000
@1A87 0000000000000000
@1A88 0000000000000000
@1A89 0000000000000001
@1A8A -000000000000001
@1A8B 0000000000000000
@1A8C 0000000000000000
@1A8D 0000000000000000
@1A8E 0000000000000000
@1A8F 0000000000000000
@1A90 -000000000000001
@1A91 0000000000000000
@1A92 0000000000000002
@1A93 0000000000000000
@1A94 0000000000000000
@1A95 0000000000000000
@1A96 0000000000000000
@1A97 0000000000000000
@1A98 0000000000000000
@1A99 0000000000000000
@1A9A 0000000000000000
@1A9B 0000000000000000
@1A9C 0000000000000002
@1A9D 0000000000000000
@1A9E 0000000000000000
@1A9F 0000000000000000
@1AA0 0000000000000000
@1AA1 0000000000000000
@1AA2 0000000000000000
@1AA3 0000000000000000
@1AA4 -000000000000001
@1AA5 0000000000000000
@1AA6 0000000000000000
@1AA7 0000000000000000
@1AA8 0000000000000000
@1AA9 0000000000000000
@1AAA 0000000000000000
@1AAB 0000000000000000
@1AAC 0000000000000000
@1AAD 0000000000000000
@1AAE -000000000000001
@1AAF 0000000000000000
@1AB0 -000000000000001
@1AB1 0000000000000002
@1AB2 0000000000000000
@1AB3 0000000000000000
@1AB4 0000000000000000
@1AB5 0000000000000000
@1AB6 0000000000000000
@1AB7 0000000000000001
@1AB8 0000000000000000
@1AB9 0000000000000000
@1ABA 0000000000000000
@1ABB 0000000000000000
@1ABC 0000000000000001
@1ABD 0000000000000000
@1ABE 0000000000000000
@1ABF 0000000000000000
@1AC0 0000000000000000
@1AC1 -000000000000001
@1AC2 0000000000000000
@1AC3 0000000000000000
@1AC4 0000000000000000
@1AC5 0000000000000000
@1AC6 0000000000000000
@1AC7 0000000000000000
@1AC8 -000000000000001
@1AC9 0000000000000000
@1ACA 0000000000000000
@1ACB 0000000000000000
@1ACC 0000000000000000
@1ACD 0000000000000000
@1ACE 0000000000000000
@1ACF 0000000000000000
@1AD0 0000000000000000
@1AD1 0000000000000000
@1AD2 0000000000000000
@1AD3 0000000000000000
@1AD4 0000000000000000
@1AD5 0000000000000000
@1AD6 0000000000000000
@1AD7 0000000000000000
@1AD8 0000000000000000
@1AD9 0000000000000000
@1ADA 0000000000000000
@1ADB 0000000000000000
@1ADC 0000000000000000
@1ADD 0000000000000000
@1ADE 0000000000000000
@1ADF 0000000000000000
@1AE0 0000000000000000
@1AE1 0000000000000000
@1AE2 0000000000000000
@1AE3 -000000000000001
@1AE4 0000000000000000
@1AE5 0000000000000000
@1AE6 0000000000000000
@1AE7 0000000000000000
@1AE8 0000000000000001
@1AE9 0000000000000000
@1AEA 0000000000000000
@1AEB 0000000000000000
@1AEC 0000000000000000
@1AED -000000000000002
@1AEE 0000000000000000
@1AEF 0000000000000000
@1AF0 0000000000000000
@1AF1 0000000000000000
@1AF2 0000000000000000
@1AF3 0000000000000000
@1AF4 0000000000000000
@1AF5 0000000000000000
@1AF6 0000000000000000
@1AF7 0000000000000000
@1AF8 0000000000000001
@1AF9 0000000000000000
@1AFA 0000000000000002
@1AFB 0000000000000001
@1AFC -000000000000001
@1AFD -000000000000001
@1AFE 0000000000000000
@1AFF 0000000000000000
@1B00 0000000000000000
@1B01 0000000000000001
@1B02 -000000000000001
@1B03 0000000000000001
@1B04 0000000000000001
@1B05 -000000000000002
@1B06 0000000000000002
@1B07 0000000000000002
@1B08 0000000000000000
@1B09 -000000000000003
@1B0A 0000000000000000
@1B0B -000000000000001
@1B0C -000000000000001
@1B0D 0000000000000000
@1B0E 0000000000000000
@1B0F 0000000000000001
@1B10 -000000000000002
@1B11 0000000000000000
@1B12 0000000000000001
@1B13 0000000000000000
@1B14 0000000000000001
@1B15 0000000000000000
@1B16 0000000000000000
@1B17 0000000000000003
@1B18 0000000000000001
@1B19 0000000000000001
@1B1A 0000000000000000
@1B1B 0000000000000000
@1B1C 0000000000000001
@1B1D -000000000000001
@1B1E 0000000000000000
@1B1F -000000000000001
@1B20 0000000000000000
@1B21 0000000000000000
@1B22 -000000000000003
@1B23 0000000000000002
@1B24 -000000000000002
@1B25 0000000000000002
@1B26 0000000000000003
@1B27 -000000000000001
@1B28 -000000000000001
@1B29 0000000000000001
@1B2A -000000000000002
@1B2B 0000000000000000
@1B2C -000000000000002
@1B2D 0000000000000000
@1B2E 0000000000000000
@1B2F -000000000000002
@1B30 0000000000000000
@1B31 0000000000000000
@1B32 0000000000000000
@1B33 0000000000000001
@1B34 -000000000000003
@1B35 0000000000000000
@1B36 0000000000000000
@1B37 -000000000000003
@1B38 0000000000000002
@1B39 0000000000000000
@1B3A 0000000000000000
@1B3B -000000000000001
@1B3C 0000000000000000
@1B3D 0000000000000000
@1B3E 0000000000000002
@1B3F 0000000000000000
@1B40 0000000000000000
@1B41 0000000000000000
@1B42 0000000000000001
@1B43 0000000000000000
@1B44 0000000000000000
@1B45 0000000000000000
@1B46 0000000000000000
@1B47 0000000000000000
@1B48 0000000000000000
@1B49 0000000000000001
@1B4A -000000000000001
@1B4B 0000000000000000
@1B4C 0000000000000001
@1B4D 0000000000000000
@1B4E -000000000000003
@1B4F 0000000000000000
@1B50 0000000000000000
@1B51 0000000000000000
@1B52 0000000000000003
@1B53 0000000000000000
@1B54 0000000000000000
@1B55 0000000000000000
@1B56 0000000000000000
@1B57 0000000000000000
@1B58 0000000000000003
@1B59 0000000000000000
@1B5A 0000000000000001
@1B5B 0000000000000001
@1B5C 0000000000000001
@1B5D 0000000000000002
@1B5E -000000000000002
@1B5F 0000000000000000
@1B60 0000000000000000
@1B61 0000000000000000
@1B62 -000000000000001
@1B63 0000000000000000
@1B64 0000000000000000
@1B65 0000000000000000
@1B66 0000000000000000
@1B67 0000000000000000
@1B68 0000000000000000
@1B69 0000000000000000
@1B6A 0000000000000000
@1B6B 0000000000000000
@1B6C 0000000000000000
@1B6D 0000000000000000
@1B6E 0000000000000000
@1B6F 0000000000000000
@1B70 0000000000000001
@1B71 0000000000000003
@1B72 0000000000000000
@1B73 0000000000000000
@1B74 0000000000000000
@1B75 0000000000000000
@1B76 0000000000000000
@1B77 0000000000000001
@1B78 0000000000000000
@1B79 0000000000000000
@1B7A 0000000000000000
@1B7B 0000000000000001
@1B7C -000000000000002
@1B7D -000000000000002
@1B7E 0000000000000001
@1B7F 0000000000000000
@1B80 0000000000000000
@1B81 0000000000000000
@1B82 0000000000000000
@1B83 0000000000000000
@1B84 -000000000000001
@1B85 0000000000000003
@1B86 0000000000000000
@1B87 -000000000000003
@1B88 0000000000000002
@1B89 0000000000000000
@1B8A 0000000000000000
@1B8B 0000000000000005
@1B8C 0000000000000000
@1B8D 0000000000000000
@1B8E 0000000000000000
@1B8F 0000000000000000
@1B90 -000000000000001
@1B91 0000000000000000
@1B92 0000000000000000
@1B93 0000000000000001
@1B94 0000000000000000
@1B95 0000000000000000
@1B96 -000000000000001
@1B97 -000000000000002
@1B98 0000000000000000
@1B99 0000000000000000
@1B9A 0000000000000000
@1B9B 0000000000000000
@1B9C 0000000000000000
@1B9D 0000000000000002
@1B9E 0000000000000001
@1B9F 0000000000000000
@1BA0 0000000000000002
@1BA1 0000000000000000
@1BA2 0000000000000000
@1BA3 -000000000000001
@1BA4 0000000000000000
@1BA5 -000000000000002
@1BA6 0000000000000001
@1BA7 0000000000000000
@1BA8 0000000000000000
@1BA9 -000000000000001
@1BAA -000000000000002
@1BAB -000000000000001
@1BAC 0000000000000000
@1BAD -000000000000001
@1BAE 0000000000000000
@1BAF 0000000000000000
@1BB0 0000000000000001
@1BB1 0000000000000002
@1BB2 0000000000000000
@1BB3 0000000000000000
@1BB4 0000000000000002
@1BB5 -000000000000003
@1BB6 0000000000000000
@1BB7 0000000000000000
@1BB8 0000000000000000
@1BB9 0000000000000000
@1BBA 0000000000000000
@1BBB 0000000000000000
@1BBC -000000000000001
@1BBD -000000000000001
@1BBE -000000000000003
@1BBF 0000000000000000
@1BC0 0000000000000000
@1BC1 0000000000000000
@1BC2 -000000000000001
@1BC3 0000000000000000
@1BC4 0000000000000001
@1BC5 -000000000000002
@1BC6 0000000000000000
@1BC7 0000000000000000
@1BC8 -000000000000001
@1BC9 -000000000000001
@1BCA 0000000000000001
@1BCB 0000000000000000
@1BCC 0000000000000000
@1BCD 0000000000000001
@1BCE 0000000000000000
@1BCF -000000000000001
@1BD0 -000000000000001
@1BD1 0000000000000000
@1BD2 0000000000000000
@1BD3 0000000000000000
@1BD4 0000000000000001
@1BD5 0000000000000000
@1BD6 0000000000000001
@1BD7 0000000000000000
@1BD8 0000000000000001
@1BD9 0000000000000000
@1BDA 0000000000000000
@1BDB 0000000000000001
@1BDC 0000000000000000
@1BDD -000000000000002
@1BDE 0000000000000000
@1BDF 0000000000000000
@1BE0 0000000000000001
@1BE1 0000000000000000
@1BE2 -000000000000002
@1BE3 0000000000000000
@1BE4 0000000000000000
@1BE5 0000000000000000
@1BE6 0000000000000002
@1BE7 0000000000000000
@1BE8 -000000000000001
@1BE9 0000000000000000
@1BEA 0000000000000000
@1BEB 0000000000000000
@1BEC 0000000000000000
@1BED 0000000000000000
@1BEE 0000000000000000
@1BEF 0000000000000000
@1BF0 0000000000000000
@1BF1 0000000000000000
@1BF2 0000000000000001
@1BF3 0000000000000001
@1BF4 0000000000000000
@1BF5 0000000000000001
@1BF6 0000000000000000
@1BF7 0000000000000000
@1BF8 0000000000000000
@1BF9 0000000000000000
@1BFA 0000000000000001
@1BFB 0000000000000000
@1BFC -000000000000001
@1BFD 0000000000000000
@1BFE 0000000000000000
@1BFF 0000000000000001
@1C00 0000000000000000
@1C01 0000000000000000
@1C02 0000000000000000
@1C03 0000000000000000
@1C04 0000000000000000
@1C05 0000000000000000
@1C06 0000000000000000
@1C07 -000000000000001
@1C08 0000000000000000
@1C09 0000000000000001
@1C0A 0000000000000000
@1C0B 0000000000000000
@1C0C 0000000000000001
@1C0D 0000000000000000
@1C0E 0000000000000000
@1C0F 0000000000000000
@1C10 -000000000000001
@1C11 0000000000000000
@1C12 0000000000000001
@1C13 0000000000000000
@1C14 0000000000000000
@1C15 0000000000000000
@1C16 -000000000000002
@1C17 0000000000000000
@1C18 0000000000000001
@1C19 -000000000000001
@1C1A 0000000000000000
@1C1B -000000000000001
@1C1C 0000000000000003
@1C1D 0000000000000000
@1C1E 0000000000000000
@1C1F 0000000000000000
@1C20 0000000000000000
@1C21 0000000000000000
@1C22 -000000000000001
@1C23 0000000000000000
@1C24 0000000000000000
@1C25 -000000000000001
@1C26 0000000000000000
@1C27 0000000000000000
@1C28 0000000000000000
@1C29 0000000000000000
@1C2A 0000000000000000
@1C2B 0000000000000000
@1C2C 0000000000000000
@1C2D 0000000000000000
@1C2E -000000000000001
@1C2F 0000000000000000
@1C30 0000000000000000
@1C31 0000000000000003
@1C32 0000000000000000
@1C33 0000000000000000
@1C34 0000000000000001
@1C35 -000000000000001
@1C36 0000000000000001
@1C37 0000000000000000
@1C38 0000000000000000
@1C39 -000000000000001
@1C3A 0000000000000000
@1C3B 0000000000000000
@1C3C 0000000000000000
@1C3D 0000000000000001
@1C3E 0000000000000000
@1C3F 0000000000000000
@1C40 0000000000000000
@1C41 0000000000000000
@1C42 0000000000000000
@1C43 0000000000000000
@1C44 0000000000000000
@1C45 0000000000000000
@1C46 0000000000000000
@1C47 0000000000000000
@1C48 0000000000000001
@1C49 -000000000000001
@1C4A 0000000000000000
@1C4B 0000000000000001
@1C4C 0000000000000000
@1C4D 0000000000000000
@1C4E 0000000000000000
@1C4F 0000000000000000
@1C50 0000000000000000
@1C51 0000000000000000
@1C52 -000000000000001
@1C53 0000000000000002
@1C54 0000000000000000
@1C55 0000000000000000
@1C56 0000000000000000
@1C57 0000000000000000
@1C58 0000000000000000
@1C59 0000000000000000
@1C5A 0000000000000001
@1C5B 0000000000000000
@1C5C 0000000000000000
@1C5D 0000000000000001
@1C5E 0000000000000000
@1C5F -000000000000001
@1C60 0000000000000000
@1C61 0000000000000000
@1C62 0000000000000001
@1C63 0000000000000000
@1C64 0000000000000000
@1C65 0000000000000000
@1C66 0000000000000000
@1C67 0000000000000000
@1C68 0000000000000000
@1C69 0000000000000001
@1C6A -000000000000001
@1C6B -000000000000001
@1C6C 0000000000000000
@1C6D -000000000000002
@1C6E 0000000000000000
@1C6F -000000000000001
@1C70 0000000000000002
@1C71 0000000000000000
@1C72 0000000000000000
@1C73 0000000000000000
@1C74 0000000000000001
@1C75 0000000000000000
@1C76 0000000000000000
@1C77 0000000000000000
@1C78 0000000000000001
@1C79 0000000000000001
@1C7A 0000000000000000
@1C7B 0000000000000000
@1C7C 0000000000000000
@1C7D -000000000000001
@1C7E 0000000000000000
@1C7F 0000000000000000
@1C80 0000000000000000
@1C81 0000000000000000
@1C82 -000000000000001
@1C83 0000000000000000
@1C84 0000000000000001
@1C85 -000000000000002
@1C86 0000000000000000
@1C87 0000000000000000
@1C88 0000000000000000
@1C89 0000000000000000
@1C8A 0000000000000000
@1C8B 0000000000000000
@1C8C 0000000000000000
@1C8D 0000000000000000
@1C8E 0000000000000000
@1C8F 0000000000000000
@1C90 0000000000000000
@1C91 0000000000000000
@1C92 0000000000000000
@1C93 0000000000000000
@1C94 0000000000000001
@1C95 0000000000000000
@1C96 0000000000000000
@1C97 0000000000000000
@1C98 0000000000000001
@1C99 0000000000000000
@1C9A 0000000000000000
@1C9B 0000000000000000
@1C9C 0000000000000000
@1C9D 0000000000000000
@1C9E 0000000000000000
@1C9F 0000000000000000
@1CA0 0000000000000000
@1CA1 0000000000000000
@1CA2 -000000000000001
@1CA3 0000000000000000
@1CA4 0000000000000000
@1CA5 0000000000000000
@1CA6 0000000000000002
@1CA7 0000000000000000
@1CA8 -000000000000001
@1CA9 0000000000000000
@1CAA 0000000000000000
@1CAB 0000000000000001
@1CAC 0000000000000000
@1CAD 0000000000000000
@1CAE 0000000000000000
@1CAF 0000000000000000
@1CB0 0000000000000000
@1CB1 0000000000000000
@1CB2 0000000000000000
@1CB3 0000000000000000
@1CB4 0000000000000000
@1CB5 0000000000000000
@1CB6 0000000000000000
@1CB7 0000000000000000
@1CB8 0000000000000000
@1CB9 0000000000000001
@1CBA 0000000000000002
@1CBB 0000000000000000
@1CBC -000000000000001
@1CBD 0000000000000000
@1CBE 0000000000000000
@1CBF 0000000000000000
@1CC0 0000000000000000
@1CC1 0000000000000000
@1CC2 0000000000000000
@1CC3 0000000000000000
@1CC4 0000000000000000
@1CC5 0000000000000000
@1CC6 0000000000000000
@1CC7 0000000000000000
@1CC8 0000000000000000
@1CC9 0000000000000001
@1CCA -000000000000001
@1CCB 0000000000000000
@1CCC 0000000000000001
@1CCD 0000000000000000
@1CCE 0000000000000000
@1CCF 0000000000000000
@1CD0 -000000000000001
@1CD1 0000000000000000
@1CD2 0000000000000000
@1CD3 0000000000000000
@1CD4 0000000000000000
@1CD5 0000000000000000
@1CD6 0000000000000000
@1CD7 0000000000000000
@1CD8 0000000000000000
@1CD9 0000000000000000
@1CDA 0000000000000000
@1CDB 0000000000000000
@1CDC 0000000000000002
@1CDD 0000000000000000
@1CDE 0000000000000000
@1CDF 0000000000000000
@1CE0 0000000000000000
@1CE1 0000000000000000
@1CE2 0000000000000000
@1CE3 0000000000000000
@1CE4 -000000000000001
@1CE5 0000000000000000
@1CE6 0000000000000000
@1CE7 0000000000000000
@1CE8 0000000000000000
@1CE9 0000000000000000
@1CEA 0000000000000000
@1CEB 0000000000000000
@1CEC 0000000000000000
@1CED 0000000000000000
@1CEE 0000000000000000
@1CEF 0000000000000000
@1CF0 0000000000000000
@1CF1 0000000000000002
@1CF2 0000000000000000
@1CF3 0000000000000000
@1CF4 0000000000000001
@1CF5 0000000000000000
@1CF6 0000000000000000
@1CF7 0000000000000001
@1CF8 0000000000000000
@1CF9 0000000000000000
@1CFA 0000000000000000
@1CFB 0000000000000000
@1CFC 0000000000000000
@1CFD 0000000000000000
@1CFE 0000000000000000
@1CFF 0000000000000000
@1D00 0000000000000000
@1D01 0000000000000000
@1D02 0000000000000000
@1D03 0000000000000000
@1D04 0000000000000000
@1D05 0000000000000000
@1D06 0000000000000000
@1D07 0000000000000000
@1D08 0000000000000000
@1D09 0000000000000000
@1D0A 0000000000000000
@1D0B 0000000000000001
@1D0C 0000000000000000
@1D0D 0000000000000000
@1D0E 0000000000000000
@1D0F 0000000000000000
@1D10 0000000000000000
@1D11 0000000000000000
@1D12 0000000000000000
@1D13 0000000000000001
@1D14 0000000000000000
@1D15 0000000000000000
@1D16 0000000000000000
@1D17 0000000000000000
@1D18 0000000000000000
@1D19 0000000000000000
@1D1A 0000000000000000
@1D1B 0000000000000000
@1D1C 0000000000000000
@1D1D 0000000000000000
@1D1E 0000000000000000
@1D1F 0000000000000000
@1D20 0000000000000000
@1D21 0000000000000000
@1D22 0000000000000000
@1D23 0000000000000000
@1D24 0000000000000000
@1D25 0000000000000000
@1D26 0000000000000000
@1D27 0000000000000000
@1D28 0000000000000001
@1D29 0000000000000000
@1D2A 0000000000000000
@1D2B 0000000000000000
@1D2C 0000000000000000
@1D2D -000000000000002
@1D2E 0000000000000000
@1D2F 0000000000000000
@1D30 0000000000000000
@1D31 0000000000000000
@1D32 0000000000000000
@1D33 0000000000000000
@1D34 0000000000000000
@1D35 0000000000000000
@1D36 -000000000000001
@1D37 0000000000000000
@1D38 0000000000000001
@1D39 0000000000000000
@1D3A 0000000000000001
@1D3B 0000000000000000
@1D3C 0000000000000000
@1D3D -000000000000001
@1D3E 0000000000000000
@1D3F 0000000000000000
@1D40 0000000000000000
@1D41 0000000000000000
@1D42 -000000000000001
@1D43 0000000000000000
@1D44 0000000000000001
@1D45 -000000000000002
@1D46 0000000000000000
@1D47 0000000000000000
@1D48 0000000000000000
@1D49 -000000000000001
@1D4A 0000000000000000
@1D4B 0000000000000000
@1D4C 0000000000000000
@1D4D 0000000000000000
@1D4E 0000000000000000
@1D4F 0000000000000000
@1D50 0000000000000000
@1D51 0000000000000000
@1D52 0000000000000000
@1D53 0000000000000000
@1D54 0000000000000001
@1D55 0000000000000000
@1D56 0000000000000000
@1D57 0000000000000000
@1D58 0000000000000001
@1D59 0000000000000000
@1D5A 0000000000000000
@1D5B 0000000000000000
@1D5C 0000000000000000
@1D5D 0000000000000000
@1D5E 0000000000000000
@1D5F 0000000000000000
@1D60 0000000000000000
@1D61 0000000000000000
@1D62 -000000000000001
@1D63 0000000000000000
@1D64 0000000000000000
@1D65 0000000000000000
@1D66 0000000000000002
@1D67 0000000000000000
@1D68 -000000000000001
@1D69 0000000000000000
@1D6A 0000000000000000
@1D6B 0000000000000000
@1D6C 0000000000000000
@1D6D 0000000000000000
@1D6E 0000000000000000
@1D6F 0000000000000000
@1D70 0000000000000000
@1D71 0000000000000000
@1D72 0000000000000000
@1D73 0000000000000001
@1D74 0000000000000000
@1D75 0000000000000000
@1D76 0000000000000000
@1D77 0000000000000000
@1D78 0000000000000000
@1D79 0000000000000000
@1D7A 0000000000000002
@1D7B 0000000000000000
@1D7C -000000000000001
@1D7D 0000000000000000
@1D7E 0000000000000000
@1D7F 0000000000000000
@1D80 0000000000000000
@1D81 0000000000000000
@1D82 0000000000000000
@1D83 0000000000000000
@1D84 0000000000000000
@1D85 0000000000000000
@1D86 0000000000000000
@1D87 0000000000000000
@1D88 0000000000000000
@1D89 0000000000000001
@1D8A -000000000000001
@1D8B 0000000000000000
@1D8C 0000000000000001
@1D8D 0000000000000000
@1D8E 0000000000000000
@1D8F 0000000000000000
@1D90 -000000000000001
@1D91 0000000000000000
@1D92 0000000000000000
@1D93 0000000000000000
@1D94 0000000000000000
@1D95 0000000000000000
@1D96 0000000000000000
@1D97 0000000000000000
@1D98 0000000000000000
@1D99 0000000000000000
@1D9A 0000000000000000
@1D9B 0000000000000000
@1D9C 0000000000000002
@1D9D 0000000000000000
@1D9E 0000000000000000
@1D9F 0000000000000000
@1DA0 0000000000000000
@1DA1 0000000000000000
@1DA2 -000000000000001
@1DA3 0000000000000000
@1DA4 -000000000000001
@1DA5 0000000000000000
@1DA6 0000000000000000
@1DA7 0000000000000000
@1DA8 0000000000000000
@1DA9 0000000000000000
@1DAA 0000000000000000
@1DAB 0000000000000000
@1DAC 0000000000000000
@1DAD 0000000000000000
@1DAE 0000000000000000
@1DAF 0000000000000000
@1DB0 0000000000000000
@1DB1 0000000000000002
@1DB2 0000000000000000
@1DB3 0000000000000000
@1DB4 0000000000000001
@1DB5 0000000000000000
@1DB6 0000000000000000
@1DB7 0000000000000000
@1DB8 0000000000000000
@1DB9 0000000000000000
@1DBA 0000000000000000
@1DBB 0000000000000000
@1DBC 0000000000000000
@1DBD 0000000000000000
@1DBE 0000000000000000
@1DBF 0000000000000000
@1DC0 0000000000000000
@1DC1 0000000000000000
@1DC2 0000000000000000
@1DC3 0000000000000000
@1DC4 0000000000000000
@1DC5 0000000000000000
@1DC6 0000000000000000
@1DC7 0000000000000000
@1DC8 0000000000000000
@1DC9 0000000000000000
@1DCA 0000000000000000
@1DCB 0000000000000001
@1DCC 0000000000000000
@1DCD 0000000000000000
@1DCE 0000000000000000
@1DCF 0000000000000000
@1DD0 0000000000000000
@1DD1 0000000000000000
@1DD2 0000000000000000
@1DD3 0000000000000001
@1DD4 0000000000000000
@1DD5 0000000000000000
@1DD6 0000000000000000
@1DD7 0000000000000000
@1DD8 0000000000000000
@1DD9 0000000000000000
@1DDA 0000000000000000
@1DDB 0000000000000000
@1DDC 0000000000000000
@1DDD 0000000000000000
@1DDE 0000000000000000
@1DDF 0000000000000000
@1DE0 0000000000000000
@1DE1 0000000000000000
@1DE2 0000000000000000
@1DE3 0000000000000000
@1DE4 0000000000000000
@1DE5 0000000000000000
@1DE6 0000000000000000
@1DE7 0000000000000000
@1DE8 0000000000000000
@1DE9 0000000000000000
@1DEA 0000000000000000
@1DEB 0000000000000000
@1DEC 0000000000000000
@1DED -000000000000002
@1DEE 0000000000000000
@1DEF 0000000000000000
@1DF0 0000000000000000
@1DF1 0000000000000000
@1DF2 0000000000000000
@1DF3 0000000000000000
@1DF4 0000000000000000
@1DF5 0000000000000000
@1DF6 -000000000000001
@1DF7 0000000000000000
@1DF8 0000000000000001
@1DF9 0000000000000000
@1DFA 0000000000000001
@1DFB 0000000000000000
@1DFC 0000000000000000
@1DFD -000000000000001
@1DFE 0000000000000000
@1DFF 0000000000000000
@1E00 0000000000000000
@1E01 0000000000000000
@1E02 -000000000000001
@1E03 0000000000000000
@1E04 0000000000000001
@1E05 -000000000000002
@1E06 0000000000000000
@1E07 0000000000000000
@1E08 0000000000000000
@1E09 -000000000000001
@1E0A 0000000000000000
@1E0B 0000000000000000
@1E0C 0000000000000000
@1E0D 0000000000000000
@1E0E 0000000000000000
@1E0F 0000000000000000
@1E10 0000000000000000
@1E11 0000000000000000
@1E12 0000000000000000
@1E13 0000000000000000
@1E14 0000000000000001
@1E15 0000000000000000
@1E16 0000000000000000
@1E17 0000000000000000
@1E18 0000000000000001
@1E19 0000000000000000
@1E1A 0000000000000000
@1E1B 0000000000000000
@1E1C 0000000000000000
@1E1D 0000000000000000
@1E1E 0000000000000000
@1E1F 0000000000000000
@1E20 0000000000000000
@1E21 0000000000000000
@1E22 -000000000000001
@1E23 0000000000000000
@1E24 0000000000000000
@1E25 0000000000000000
@1E26 0000000000000002
@1E27 0000000000000000
@1E28 -000000000000001
@1E29 0000000000000000
@1E2A 0000000000000000
@1E2B 0000000000000000
@1E2C 0000000000000000
@1E2D 0000000000000000
@1E2E 0000000000000000
@1E2F 0000000000000000
@1E30 0000000000000000
@1E31 0000000000000000
@1E32 0000000000000000
@1E33 0000000000000001
@1E34 0000000000000000
@1E35 0000000000000000
@1E36 -000000000000001
@1E37 0000000000000000
@1E38 0000000000000000
@1E39 0000000000000000
@1E3A 0000000000000002
@1E3B 0000000000000000
@1E3C -000000000000001
@1E3D 0000000000000000
@1E3E 0000000000000000
@1E3F 0000000000000000
@1E40 0000000000000000
@1E41 0000000000000000
@1E42 0000000000000000
@1E43 0000000000000000
@1E44 0000000000000000
@1E45 0000000000000000
@1E46 0000000000000000
@1E47 0000000000000000
@1E48 0000000000000000
@1E49 0000000000000001
@1E4A -000000000000001
@1E4B 0000000000000000
@1E4C 0000000000000001
@1E4D 0000000000000000
@1E4E 0000000000000000
@1E4F 0000000000000000
@1E50 -000000000000001
@1E51 0000000000000000
@1E52 0000000000000000
@1E53 0000000000000000
@1E54 0000000000000000
@1E55 0000000000000000
@1E56 0000000000000000
@1E57 0000000000000000
@1E58 0000000000000000
@1E59 0000000000000000
@1E5A 0000000000000000
@1E5B 0000000000000000
@1E5C 0000000000000002
@1E5D 0000000000000000
@1E5E 0000000000000000
@1E5F 0000000000000000
@1E60 0000000000000000
@1E61 0000000000000000
@1E62 -000000000000001
@1E63 0000000000000000
@1E64 0000000000000000
@1E65 0000000000000000
@1E66 0000000000000000
@1E67 0000000000000000
@1E68 0000000000000000
@1E69 0000000000000000
@1E6A 0000000000000000
@1E6B 0000000000000000
@1E6C 0000000000000000
@1E6D 0000000000000000
@1E6E 0000000000000000
@1E6F 0000000000000000
@1E70 0000000000000000
@1E71 0000000000000002
@1E72 0000000000000000
@1E73 0000000000000000
@1E74 0000000000000001
@1E75 0000000000000000
@1E76 0000000000000000
@1E77 0000000000000001
@1E78 0000000000000000
@1E79 0000000000000000
@1E7A 0000000000000000
@1E7B 0000000000000000
@1E7C 0000000000000000
@1E7D 0000000000000000
@1E7E 0000000000000000
@1E7F 0000000000000000
@1E80 0000000000000000
@1E81 0000000000000000
@1E82 0000000000000000
@1E83 0000000000000000
@1E84 0000000000000000
@1E85 0000000000000000
@1E86 0000000000000000
@1E87 0000000000000000
@1E88 0000000000000000
@1E89 0000000000000000
@1E8A 0000000000000000
@1E8B 0000000000000001
@1E8C 0000000000000000
@1E8D 0000000000000000
@1E8E 0000000000000000
@1E8F 0000000000000000
@1E90 0000000000000000
@1E91 0000000000000000
@1E92 0000000000000000
@1E93 0000000000000001
@1E94 0000000000000000
@1E95 0000000000000000
@1E96 0000000000000000
@1E97 0000000000000000
@1E98 0000000000000000
@1E99 0000000000000000
@1E9A 0000000000000000
@1E9B 0000000000000000
@1E9C 0000000000000000
@1E9D 0000000000000000
@1E9E 0000000000000000
@1E9F 0000000000000000
@1EA0 0000000000000000
@1EA1 0000000000000000
@1EA2 0000000000000000
@1EA3 0000000000000000
@1EA4 0000000000000000
@1EA5 0000000000000000
@1EA6 0000000000000000
@1EA7 0000000000000000
@1EA8 0000000000000000
@1EA9 0000000000000000
@1EAA 0000000000000000
@1EAB 0000000000000000
@1EAC 0000000000000000
@1EAD -000000000000002
@1EAE 0000000000000000
@1EAF 0000000000000000
@1EB0 0000000000000000
@1EB1 0000000000000000
@1EB2 0000000000000000
@1EB3 0000000000000000
@1EB4 0000000000000000
@1EB5 0000000000000000
@1EB6 -000000000000001
@1EB7 0000000000000000
@1EB8 0000000000000002
@1EB9 0000000000000000
@1EBA 0000000000000001
@1EBB 0000000000000000
@1EBC 0000000000000000
@1EBD -000000000000001
@1EBE 0000000000000000
@1EBF 0000000000000000
@1EC0 0000000000000000
@1EC1 0000000000000000
@1EC2 -000000000000001
@1EC3 0000000000000000
@1EC4 0000000000000001
@1EC5 -000000000000002
@1EC6 0000000000000000
@1EC7 0000000000000000
@1EC8 0000000000000000
@1EC9 -000000000000001
@1ECA 0000000000000000
@1ECB 0000000000000000
@1ECC 0000000000000000
@1ECD 0000000000000000
@1ECE 0000000000000000
@1ECF 0000000000000000
@1ED0 0000000000000000
@1ED1 0000000000000000
@1ED2 0000000000000000
@1ED3 0000000000000000
@1ED4 0000000000000001
@1ED5 0000000000000000
@1ED6 0000000000000000
@1ED7 0000000000000000
@1ED8 0000000000000001
@1ED9 0000000000000000
@1EDA 0000000000000000
@1EDB 0000000000000000
@1EDC 0000000000000000
@1EDD 0000000000000000
@1EDE 0000000000000000
@1EDF 0000000000000000
@1EE0 0000000000000000
@1EE1 0000000000000000
@1EE2 -000000000000001
@1EE3 0000000000000000
@1EE4 0000000000000000
@1EE5 0000000000000000
@1EE6 0000000000000002
@1EE7 0000000000000000
@1EE8 -000000000000001
@1EE9 0000000000000000
@1EEA 0000000000000000
@1EEB 0000000000000000
@1EEC 0000000000000000
@1EED 0000000000000000
@1EEE 0000000000000000
@1EEF 0000000000000000
@1EF0 0000000000000000
@1EF1 0000000000000000
@1EF2 0000000000000000
@1EF3 0000000000000001
@1EF4 0000000000000000
@1EF5 0000000000000000
@1EF6 -000000000000001
@1EF7 0000000000000000
@1EF8 0000000000000000
@1EF9 0000000000000000
@1EFA 0000000000000002
@1EFB 0000000000000000
@1EFC 0000000000000000
@1EFD 0000000000000000
@1EFE 0000000000000000
@1EFF 0000000000000000
@1F00 0000000000000000
@1F01 0000000000000000
@1F02 0000000000000000
@1F03 0000000000000000
@1F04 0000000000000000
@1F05 0000000000000000
@1F06 0000000000000000
@1F07 0000000000000000
@1F08 0000000000000000
@1F09 0000000000000001
@1F0A -000000000000001
@1F0B 0000000000000000
@1F0C 0000000000000001
@1F0D 0000000000000000
@1F0E 0000000000000000
@1F0F 0000000000000000
@1F10 -000000000000001
@1F11 0000000000000000
@1F12 0000000000000000
@1F13 0000000000000000
@1F14 0000000000000000
@1F15 0000000000000000
@1F16 0000000000000000
@1F17 0000000000000000
@1F18 0000000000000000
@1F19 0000000000000000
@1F1A 0000000000000000
@1F1B 0000000000000000
@1F1C 0000000000000002
@1F1D 0000000000000000
@1F1E 0000000000000000
@1F1F 0000000000000000
@1F20 0000000000000000
@1F21 0000000000000000
@1F22 -000000000000001
@1F23 0000000000000000
@1F24 0000000000000000
@1F25 0000000000000000
@1F26 0000000000000000
@1F27 0000000000000000
@1F28 0000000000000000
@1F29 0000000000000000
@1F2A 0000000000000000
@1F2B 0000000000000000
@1F2C 0000000000000000
@1F2D 0000000000000000
@1F2E 0000000000000000
@1F2F 0000000000000000
@1F30 0000000000000000
@1F31 0000000000000002
@1F32 0000000000000000
@1F33 0000000000000000
@1F34 0000000000000001
@1F35 0000000000000000
@1F36 0000000000000000
@1F37 0000000000000000
@1F38 0000000000000000
@1F39 0000000000000000
@1F3A 0000000000000000
@1F3B 0000000000000000
@1F3C 0000000000000000
@1F3D 0000000000000000
@1F3E 0000000000000000
@1F3F 0000000000000000
@1F40 0000000000000000
@1F41 0000000000000000
@1F42 0000000000000000
@1F43 0000000000000000
@1F44 0000000000000000
@1F45 0000000000000000
@1F46 0000000000000000
@1F47 0000000000000000
@1F48 0000000000000000
@1F49 0000000000000000
@1F4A 0000000000000000
@1F4B 0000000000000001
@1F4C 0000000000000000
@1F4D 0000000000000000
@1F4E 0000000000000000
@1F4F 0000000000000000
@1F50 0000000000000000
@1F51 0000000000000000
@1F52 0000000000000000
@1F53 0000000000000001
@1F54 0000000000000000
@1F55 0000000000000000
@1F56 0000000000000000
@1F57 0000000000000000
@1F58 0000000000000000
@1F59 0000000000000000
@1F5A 0000000000000000
@1F5B 0000000000000000
@1F5C 0000000000000000
@1F5D 0000000000000000
@1F5E 0000000000000000
@1F5F 0000000000000000
@1F60 0000000000000000
@1F61 0000000000000000
@1F62 0000000000000000
@1F63 0000000000000000
@1F64 0000000000000000
@1F65 0000000000000000
@1F66 0000000000000000
@1F67 0000000000000000
@1F68 0000000000000000
@1F69 0000000000000000
@1F6A 0000000000000000
@1F6B 0000000000000000
@1F6C 0000000000000000
@1F6D -000000000000002
@1F6E 0000000000000000
@1F6F 0000000000000000
@1F70 0000000000000000
@1F71 0000000000000000
@1F72 0000000000000000
@1F73 0000000000000000
@1F74 0000000000000000
@1F75 0000000000000000
@1F76 -000000000000001
@1F77 0000000000000000
@1F78 0000000000000002
@1F79 0000000000000000
@1F7A 0000000000000001
@1F7B 0000000000000000
@1F7C 0000000000000000
@1F7D -000000000000001
@1F7E 0000000000000000
@1F7F 0000000000000000
@1F80 0000000000000000
@1F81 0000000000000000
@1F82 -000000000000001
@1F83 0000000000000000
@1F84 0000000000000001
@1F85 -000000000000002
@1F86 0000000000000000
@1F87 0000000000000000
@1F88 0000000000000000
@1F89 -000000000000001
@1F8A 0000000000000000
@1F8B 0000000000000000
@1F8C 0000000000000000
@1F8D 0000000000000000
@1F8E 0000000000000000
@1F8F 0000000000000000
@1F90 0000000000000000
@1F91 0000000000000000
@1F92 0000000000000000
@1F93 0000000000000000
@1F94 0000000000000001
@1F95 0000000000000000
@1F96 0000000000000000
@1F97 0000000000000000
@1F98 0000000000000001
@1F99 0000000000000000
@1F9A 0000000000000000
@1F9B 0000000000000000
@1F9C 0000000000000000
@1F9D 0000000000000000
@1F9E 0000000000000000
@1F9F 0000000000000000
@1FA0 0000000000000000
@1FA1 0000000000000000
@1FA2 -000000000000001
@1FA3 0000000000000000
@1FA4 0000000000000000
@1FA5 0000000000000000
@1FA6 0000000000000002
@1FA7 0000000000000000
@1FA8 -000000000000001
@1FA9 0000000000000000
@1FAA 0000000000000000
@1FAB 0000000000000000
@1FAC 0000000000000000
@1FAD 0000000000000000
@1FAE 0000000000000000
@1FAF 0000000000000000
@1FB0 0000000000000000
@1FB1 0000000000000000
@1FB2 0000000000000000
@1FB3 0000000000000001
@1FB4 0000000000000000
@1FB5 0000000000000000
@1FB6 -000000000000001
@1FB7 0000000000000000
@1FB8 0000000000000000
@1FB9 0000000000000000
@1FBA 0000000000000002
@1FBB 0000000000000000
@1FBC 0000000000000000
@1FBD 0000000000000000
@1FBE 0000000000000000
@1FBF 0000000000000000
@1FC0 0000000000000000
@1FC1 0000000000000000
@1FC2 0000000000000000
@1FC3 0000000000000000
@1FC4 0000000000000000
@1FC5 0000000000000000
@1FC6 0000000000000000
@1FC7 0000000000000000
@1FC8 0000000000000000
@1FC9 0000000000000001
@1FCA 0000000000000000
@1FCB 0000000000000000
@1FCC 0000000000000000
@1FCD 0000000000000000
@1FCE 0000000000000000
@1FCF 0000000000000000
@1FD0 -000000000000001
@1FD1 0000000000000000
@1FD2 0000000000000000
@1FD3 0000000000000000
@1FD4 0000000000000000
@1FD5 0000000000000000
@1FD6 0000000000000000
@1FD7 0000000000000000
@1FD8 0000000000000000
@1FD9 0000000000000000
@1FDA 0000000000000000
@1FDB 0000000000000000
@1FDC 0000000000000002
@1FDD 0000000000000000
@1FDE 0000000000000000
@1FDF 0000000000000000
@1FE0 0000000000000000
@1FE1 0000000000000000
@1FE2 -000000000000001
@1FE3 0000000000000000
@1FE4 0000000000000000
@1FE5 0000000000000000
@1FE6 0000000000000000
@1FE7 0000000000000000
@1FE8 0000000000000000
@1FE9 0000000000000000
@1FEA 0000000000000000
@1FEB 0000000000000000
@1FEC 0000000000000000
@1FED 0000000000000000
@1FEE 0000000000000000
@1FEF 0000000000000000
@1FF0 -000000000000001
@1FF1 0000000000000002
@1FF2 0000000000000000
@1FF3 0000000000000000
@1FF4 0000000000000000
@1FF5 0000000000000000
@1FF6 0000000000000000
@1FF7 0000000000000001
@1FF8 0000000000000000
@1FF9 0000000000000000
@1FFA 0000000000000000
@1FFB 0000000000000000
@1FFC 0000000000000000
@1FFD 0000000000000000
@1FFE 0000000000000000
@1FFF 0000000000000000
@2000 0000000000000000
@2001 0000000000000000
@2002 0000000000000000
@2003 0000000000000000
@2004 0000000000000000
@2005 0000000000000000
@2006 0000000000000000
@2007 0000000000000000
@2008 0000000000000000
@2009 0000000000000000
@200A 0000000000000000
@200B 0000000000000001
@200C 0000000000000000
@200D 0000000000000000
@200E 0000000000000000
@200F 0000000000000000
@2010 0000000000000000
@2011 0000000000000000
@2012 0000000000000000
@2013 0000000000000001
@2014 0000000000000000
@2015 0000000000000000
@2016 0000000000000000
@2017 0000000000000000
@2018 0000000000000000
@2019 0000000000000000
@201A 0000000000000000
@201B 0000000000000000
@201C 0000000000000000
@201D 0000000000000000
@201E 0000000000000000
@201F 0000000000000000
@2020 0000000000000000
@2021 -000000000000001
@2022 0000000000000000
@2023 0000000000000000
@2024 0000000000000000
@2025 0000000000000000
@2026 0000000000000000
@2027 0000000000000000
@2028 0000000000000000
@2029 0000000000000000
@202A 0000000000000000
@202B 0000000000000000
@202C 0000000000000000
@202D -000000000000001
@202E 0000000000000000
@202F 0000000000000000
@2030 0000000000000000
@2031 0000000000000000
@2032 0000000000000000
@2033 0000000000000000
@2034 0000000000000000
@2035 0000000000000000
@2036 -000000000000001
@2037 0000000000000000
@2038 0000000000000002
@2039 0000000000000000
@203A 0000000000000000
@203B 0000000000000000
@203C 0000000000000000
@203D -000000000000001
@203E 0000000000000000
@203F 0000000000000000
@2040 0000000000000000
@2041 0000000000000000
@2042 -000000000000001
@2043 0000000000000000
@2044 0000000000000001
@2045 -000000000000001
@2046 0000000000000000
@2047 0000000000000000
@2048 0000000000000000
@2049 -000000000000001
@204A 0000000000000000
@204B 0000000000000000
@204C 0000000000000000
@204D 0000000000000000
@204E 0000000000000000
@204F 0000000000000000
@2050 0000000000000000
@2051 0000000000000000
@2052 0000000000000000
@2053 0000000000000000
@2054 0000000000000001
@2055 0000000000000000
@2056 0000000000000000
@2057 0000000000000000
@2058 0000000000000001
@2059 0000000000000000
@205A 0000000000000000
@205B 0000000000000000
@205C 0000000000000000
@205D 0000000000000000
@205E 0000000000000000
@205F 0000000000000000
@2060 0000000000000000
@2061 0000000000000000
@2062 -000000000000001
@2063 0000000000000000
@2064 0000000000000000
@2065 0000000000000000
@2066 0000000000000002
@2067 0000000000000000
@2068 -000000000000001
@2069 0000000000000000
@206A 0000000000000000
@206B 0000000000000001
@206C 0000000000000000
@206D 0000000000000000
@206E 0000000000000000
@206F 0000000000000000
@2070 0000000000000000
@2071 0000000000000000
@2072 0000000000000000
@2073 0000000000000001
@2074 0000000000000000
@2075 0000000000000000
@2076 0000000000000000
@2077 0000000000000000
@2078 0000000000000000
@2079 0000000000000000
@207A 0000000000000001
@207B 0000000000000000
@207C 0000000000000000
@207D 0000000000000000
@207E 0000000000000000
@207F 0000000000000000
@2080 0000000000000000
@2081 0000000000000000
@2082 0000000000000000
@2083 0000000000000000
@2084 0000000000000000
@2085 0000000000000000
@2086 0000000000000000
@2087 0000000000000000
@2088 0000000000000000
@2089 0000000000000001
@208A 0000000000000000
@208B 0000000000000000
@208C 0000000000000001
@208D 0000000000000000
@208E 0000000000000000
@208F 0000000000000000
@2090 -000000000000001
@2091 0000000000000000
@2092 0000000000000000
@2093 0000000000000000
@2094 0000000000000000
@2095 0000000000000000
@2096 0000000000000000
@2097 0000000000000000
@2098 0000000000000000
@2099 0000000000000000
@209A 0000000000000000
@209B 0000000000000000
@209C 0000000000000001
@209D 0000000000000000
@209E 0000000000000000
@209F 0000000000000000
@20A0 0000000000000000
@20A1 0000000000000000
@20A2 -000000000000001
@20A3 0000000000000000
@20A4 0000000000000000
@20A5 0000000000000000
@20A6 0000000000000000
@20A7 0000000000000000
@20A8 0000000000000000
@20A9 0000000000000000
@20AA 0000000000000000
@20AB 0000000000000000
@20AC 0000000000000000
@20AD 0000000000000000
@20AE 0000000000000000
@20AF 0000000000000000
@20B0 -000000000000001
@20B1 0000000000000003
@20B2 0000000000000000
@20B3 0000000000000000
@20B4 0000000000000000
@20B5 0000000000000000
@20B6 0000000000000000
@20B7 0000000000000000
@20B8 0000000000000000
@20B9 0000000000000000
@20BA 0000000000000000
@20BB 0000000000000000
@20BC 0000000000000000
@20BD 0000000000000000
@20BE 0000000000000000
@20BF 0000000000000000
@20C0 0000000000000000
@20C1 0000000000000000
@20C2 0000000000000000
@20C3 0000000000000000
@20C4 0000000000000000
@20C5 0000000000000000
@20C6 0000000000000000
@20C7 0000000000000000
@20C8 0000000000000000
@20C9 0000000000000000
@20CA 0000000000000000
@20CB 0000000000000001
@20CC 0000000000000000
@20CD 0000000000000000
@20CE 0000000000000000
@20CF 0000000000000000
@20D0 0000000000000000
@20D1 0000000000000000
@20D2 0000000000000000
@20D3 0000000000000001
@20D4 0000000000000000
@20D5 0000000000000000
@20D6 0000000000000000
@20D7 0000000000000000
@20D8 0000000000000000
@20D9 0000000000000000
@20DA 0000000000000000
@20DB 0000000000000000
@20DC 0000000000000000
@20DD 0000000000000000
@20DE 0000000000000000
@20DF 0000000000000000
@20E0 0000000000000000
@20E1 0000000000000000
@20E2 0000000000000000
@20E3 0000000000000000
@20E4 0000000000000000
@20E5 0000000000000000
@20E6 0000000000000000
@20E7 0000000000000000
@20E8 0000000000000000
@20E9 0000000000000000
@20EA 0000000000000000
@20EB 0000000000000000
@20EC 0000000000000000
@20ED -000000000000001
@20EE 0000000000000000
@20EF 0000000000000000
@20F0 0000000000000000
@20F1 0000000000000000
@20F2 0000000000000000
@20F3 0000000000000000
@20F4 0000000000000000
@20F5 0000000000000000
@20F6 -000000000000001
@20F7 0000000000000000
@20F8 0000000000000001
@20F9 0000000000000000
@20FA 0000000000000000
@20FB 0000000000000000
@20FC 0000000000000000
@20FD -000000000000001
@20FE 0000000000000000
@20FF 0000000000000000
@2100 0000000000000000
@2101 0000000000000000
@2102 -000000000000001
@2103 0000000000000000
@2104 0000000000000001
@2105 -000000000000002
@2106 0000000000000000
@2107 0000000000000000
@2108 0000000000000000
@2109 -000000000000001
@210A 0000000000000000
@210B 0000000000000000
@210C 0000000000000000
@210D 0000000000000000
@210E 0000000000000000
@210F 0000000000000000
@2110 0000000000000000
@2111 0000000000000000
@2112 0000000000000000
@2113 0000000000000000
@2114 0000000000000001
@2115 0000000000000000
@2116 0000000000000000
@2117 0000000000000000
@2118 0000000000000001
@2119 0000000000000000
@211A 0000000000000000
@211B 0000000000000000
@211C 0000000000000000
@211D 0000000000000000
@211E 0000000000000000
@211F 0000000000000000
@2120 0000000000000000
@2121 0000000000000000
@2122 -000000000000001
@2123 0000000000000000
@2124 0000000000000000
@2125 0000000000000000
@2126 0000000000000002
@2127 0000000000000000
@2128 -000000000000001
@2129 0000000000000000
@212A 0000000000000000
@212B 0000000000000000
@212C 0000000000000000
@212D 0000000000000000
@212E 0000000000000000
@212F 0000000000000000
@2130 0000000000000000
@2131 0000000000000000
@2132 0000000000000000
@2133 0000000000000001
@2134 0000000000000000
@2135 0000000000000000
@2136 0000000000000000
@2137 0000000000000000
@2138 0000000000000000
@2139 0000000000000000
@213A 0000000000000002
@213B 0000000000000000
@213C 0000000000000000
@213D 0000000000000000
@213E 0000000000000000
@213F 0000000000000000
@2140 0000000000000000
@2141 0000000000000000
@2142 0000000000000000
@2143 0000000000000000
@2144 0000000000000000
@2145 0000000000000000
@2146 0000000000000000
@2147 0000000000000000
@2148 0000000000000000
@2149 0000000000000001
@214A -000000000000001
@214B 0000000000000000
@214C 0000000000000001
@214D 0000000000000000
@214E 0000000000000000
@214F 0000000000000000
@2150 -000000000000001
@2151 0000000000000000
@2152 0000000000000000
@2153 0000000000000000
@2154 0000000000000000
@2155 0000000000000000
@2156 0000000000000000
@2157 0000000000000000
@2158 0000000000000000
@2159 0000000000000000
@215A 0000000000000000
@215B 0000000000000000
@215C 0000000000000002
@215D 0000000000000000
@215E 0000000000000000
@215F 0000000000000000
@2160 0000000000000000
@2161 0000000000000000
@2162 -000000000000001
@2163 0000000000000000
@2164 0000000000000000
@2165 0000000000000000
@2166 0000000000000000
@2167 0000000000000000
@2168 0000000000000000
@2169 0000000000000000
@216A 0000000000000000
@216B 0000000000000000
@216C 0000000000000000
@216D 0000000000000000
@216E 0000000000000000
@216F 0000000000000000
@2170 0000000000000000
@2171 0000000000000003
@2172 0000000000000000
@2173 0000000000000000
@2174 0000000000000000
@2175 0000000000000000
@2176 0000000000000000
@2177 0000000000000000
@2178 0000000000000000
@2179 0000000000000000
@217A 0000000000000000
@217B 0000000000000000
@217C 0000000000000000
@217D 0000000000000000
@217E 0000000000000000
@217F 0000000000000000
@2180 0000000000000000
@2181 0000000000000000
@2182 0000000000000000
@2183 0000000000000000
@2184 0000000000000000
@2185 0000000000000000
@2186 0000000000000000
@2187 0000000000000000
@2188 0000000000000000
@2189 0000000000000000
@218A 0000000000000000
@218B 0000000000000001
@218C 0000000000000000
@218D 0000000000000000
@218E 0000000000000000
@218F 0000000000000000
@2190 0000000000000000
@2191 0000000000000000
@2192 0000000000000000
@2193 0000000000000001
@2194 0000000000000000
@2195 0000000000000000
@2196 0000000000000000
@2197 0000000000000000
@2198 0000000000000000
@2199 0000000000000000
@219A 0000000000000000
@219B 0000000000000000
@219C 0000000000000000
@219D 0000000000000000
@219E 0000000000000000
@219F 0000000000000000
@21A0 0000000000000000
@21A1 0000000000000000
@21A2 0000000000000000
@21A3 0000000000000000
@21A4 0000000000000000
@21A5 0000000000000000
@21A6 0000000000000000
@21A7 0000000000000000
@21A8 0000000000000000
@21A9 0000000000000000
@21AA 0000000000000000
@21AB 0000000000000000
@21AC 0000000000000000
@21AD -000000000000001
@21AE 0000000000000000
@21AF 0000000000000000
@21B0 0000000000000000
@21B1 0000000000000000
@21B2 0000000000000000
@21B3 0000000000000000
@21B4 0000000000000000
@21B5 0000000000000000
@21B6 -000000000000001
@21B7 0000000000000000
@21B8 0000000000000001
@21B9 0000000000000000
@21BA 0000000000000000
@21BB 0000000000000000
@21BC 0000000000000000
@21BD -000000000000001
@21BE 0000000000000000
@21BF 0000000000000000
@21C0 0000000000000000
@21C1 0000000000000000
@21C2 -000000000000001
@21C3 0000000000000000
@21C4 0000000000000001
@21C5 -000000000000002
@21C6 0000000000000000
@21C7 0000000000000000
@21C8 0000000000000000
@21C9 -000000000000001
@21CA 0000000000000000
@21CB 0000000000000000
@21CC 0000000000000000
@21CD 0000000000000000
@21CE 0000000000000000
@21CF 0000000000000000
@21D0 0000000000000000
@21D1 0000000000000000
@21D2 0000000000000000
@21D3 0000000000000000
@21D4 0000000000000000
@21D5 0000000000000000
@21D6 0000000000000000
@21D7 0000000000000000
@21D8 0000000000000001
@21D9 0000000000000000
@21DA 0000000000000000
@21DB 0000000000000000
@21DC 0000000000000000
@21DD 0000000000000000
@21DE 0000000000000000
@21DF 0000000000000000
@21E0 0000000000000000
@21E1 0000000000000000
@21E2 -000000000000001
@21E3 0000000000000000
@21E4 0000000000000000
@21E5 0000000000000000
@21E6 0000000000000002
@21E7 0000000000000000
@21E8 -000000000000001
@21E9 0000000000000000
@21EA 0000000000000000
@21EB 0000000000000000
@21EC 0000000000000000
@21ED 0000000000000000
@21EE 0000000000000000
@21EF 0000000000000000
@21F0 0000000000000000
@21F1 0000000000000000
@21F2 0000000000000000
@21F3 0000000000000001
@21F4 0000000000000000
@21F5 0000000000000000
@21F6 0000000000000000
@21F7 0000000000000000
@21F8 0000000000000000
@21F9 0000000000000000
@21FA 0000000000000002
@21FB 0000000000000000
@21FC 0000000000000000
@21FD 0000000000000000
@21FE 0000000000000000
@21FF 0000000000000000
@2200 0000000000000000
@2201 0000000000000000
@2202 0000000000000000
@2203 0000000000000000
@2204 0000000000000000
@2205 0000000000000000
@2206 0000000000000000
@2207 0000000000000000
@2208 0000000000000000
@2209 0000000000000001
@220A -000000000000001
@220B 0000000000000000
@220C 0000000000000001
@220D 0000000000000000
@220E 0000000000000000
@220F 0000000000000000
@2210 -000000000000001
@2211 0000000000000000
@2212 0000000000000000
@2213 0000000000000000
@2214 0000000000000000
@2215 0000000000000000
@2216 0000000000000000
@2217 0000000000000000
@2218 0000000000000000
@2219 0000000000000000
@221A 0000000000000000
@221B 0000000000000000
@221C 0000000000000002
@221D 0000000000000000
@221E 0000000000000000
@221F 0000000000000000
@2220 0000000000000000
@2221 0000000000000000
@2222 0000000000000000
@2223 0000000000000000
@2224 0000000000000000
@2225 0000000000000000
@2226 0000000000000000
@2227 0000000000000000
@2228 0000000000000000
@2229 0000000000000000
@222A 0000000000000000
@222B 0000000000000000
@222C 0000000000000000
@222D 0000000000000000
@222E 0000000000000000
@222F 0000000000000000
@2230 -000000000000001
@2231 0000000000000002
@2232 0000000000000000
@2233 0000000000000000
@2234 0000000000000000
@2235 0000000000000000
@2236 0000000000000000
@2237 0000000000000000
@2238 0000000000000000
@2239 0000000000000000
@223A 0000000000000000
@223B 0000000000000000
@223C 0000000000000000
@223D -000000000000001
@223E 0000000000000000
@223F 0000000000000000
@2240 0000000000000000
@2241 0000000000000000
@2242 0000000000000000
@2243 0000000000000000
@2244 0000000000000000
@2245 0000000000000000
@2246 0000000000000000
@2247 0000000000000000
@2248 0000000000000000
@2249 0000000000000000
@224A 0000000000000000
@224B 0000000000000001
@224C 0000000000000000
@224D 0000000000000000
@224E 0000000000000000
@224F 0000000000000000
@2250 0000000000000000
@2251 0000000000000000
@2252 0000000000000000
@2253 0000000000000001
@2254 0000000000000000
@2255 0000000000000000
@2256 0000000000000000
@2257 0000000000000000
@2258 0000000000000000
@2259 0000000000000000
@225A 0000000000000000
@225B 0000000000000000
@225C 0000000000000000
@225D 0000000000000000
@225E 0000000000000000
@225F 0000000000000000
@2260 0000000000000000
@2261 -000000000000001
@2262 0000000000000000
@2263 0000000000000000
@2264 0000000000000000
@2265 0000000000000000
@2266 0000000000000000
@2267 0000000000000000
@2268 0000000000000000
@2269 0000000000000000
@226A 0000000000000000
@226B 0000000000000000
@226C 0000000000000000
@226D -000000000000001
@226E 0000000000000000
@226F 0000000000000000
@2270 0000000000000000
@2271 0000000000000000
@2272 0000000000000000
@2273 0000000000000000
@2274 0000000000000000
@2275 0000000000000000
@2276 -000000000000001
@2277 0000000000000000
@2278 0000000000000001
@2279 0000000000000000
@227A 0000000000000000
@227B 0000000000000001
@227C 0000000000000000
@227D -000000000000001
@227E 0000000000000001
@227F 0000000000000000
@2280 -000000000000001
@2281 0000000000000000
@2282 -000000000000002
@2283 0000000000000000
@2284 0000000000000000
@2285 -000000000000002
@2286 0000000000000000
@2287 0000000000000000
@2288 0000000000000000
@2289 -000000000000001
@228A 0000000000000000
@228B 0000000000000000
@228C 0000000000000000
@228D 0000000000000000
@228E 0000000000000000
@228F 0000000000000000
@2290 0000000000000000
@2291 0000000000000000
@2292 0000000000000000
@2293 0000000000000000
@2294 0000000000000000
@2295 -000000000000001
@2296 0000000000000000
@2297 0000000000000000
@2298 0000000000000001
@2299 0000000000000000
@229A 0000000000000000
@229B 0000000000000000
@229C 0000000000000000
@229D 0000000000000000
@229E 0000000000000000
@229F 0000000000000001
@22A0 0000000000000000
@22A1 0000000000000000
@22A2 -000000000000001
@22A3 -000000000000001
@22A4 0000000000000000
@22A5 0000000000000000
@22A6 0000000000000002
@22A7 0000000000000000
@22A8 0000000000000000
@22A9 0000000000000000
@22AA 0000000000000000
@22AB 0000000000000000
@22AC 0000000000000000
@22AD 0000000000000000
@22AE 0000000000000000
@22AF 0000000000000000
@22B0 0000000000000000
@22B1 0000000000000000
@22B2 0000000000000000
@22B3 0000000000000001
@22B4 0000000000000000
@22B5 0000000000000000
@22B6 0000000000000000
@22B7 0000000000000000
@22B8 0000000000000000
@22B9 0000000000000000
@22BA 0000000000000001
@22BB 0000000000000000
@22BC -000000000000001
@22BD 0000000000000000
@22BE 0000000000000000
@22BF 0000000000000000
@22C0 0000000000000000
@22C1 0000000000000001
@22C2 0000000000000000
@22C3 0000000000000000
@22C4 0000000000000000
@22C5 0000000000000000
@22C6 0000000000000000
@22C7 0000000000000000
@22C8 0000000000000000
@22C9 0000000000000001
@22CA -000000000000001
@22CB 0000000000000000
@22CC 0000000000000001
@22CD 0000000000000000
@22CE 0000000000000000
@22CF -000000000000001
@22D0 0000000000000000
@22D1 0000000000000000
@22D2 -000000000000001
@22D3 0000000000000000
@22D4 0000000000000000
@22D5 0000000000000000
@22D6 0000000000000000
@22D7 0000000000000000
@22D8 0000000000000000
@22D9 0000000000000000
@22DA 0000000000000000
@22DB 0000000000000000
@22DC 0000000000000002
@22DD 0000000000000000
@22DE 0000000000000001
@22DF 0000000000000000
@22E0 0000000000000000
@22E1 0000000000000000
@22E2 0000000000000000
@22E3 0000000000000000
@22E4 0000000000000000
@22E5 0000000000000000
@22E6 0000000000000000
@22E7 0000000000000000
@22E8 0000000000000000
@22E9 0000000000000000
@22EA 0000000000000000
@22EB 0000000000000000
@22EC 0000000000000000
@22ED 0000000000000000
@22EE 0000000000000000
@22EF 0000000000000000
@22F0 0000000000000000
@22F1 0000000000000002
@22F2 0000000000000000
@22F3 0000000000000000
@22F4 0000000000000000
@22F5 0000000000000000
@22F6 0000000000000001
@22F7 0000000000000000
@22F8 -000000000000001
@22F9 0000000000000000
@22FA 0000000000000000
@22FB 0000000000000000
@22FC 0000000000000000
@22FD 0000000000000000
@22FE 0000000000000000
@22FF 0000000000000000
@2300 0000000000000000
@2301 0000000000000000
@2302 -000000000000001
@2303 0000000000000000
@2304 0000000000000000
@2305 0000000000000000
@2306 0000000000000000
@2307 0000000000000000
@2308 0000000000000000
@2309 0000000000000000
@230A 0000000000000000
@230B 0000000000000002
@230C 0000000000000000
@230D 0000000000000000
@230E 0000000000000000
@230F 0000000000000000
@2310 0000000000000000
@2311 0000000000000001
@2312 0000000000000000
@2313 0000000000000001
@2314 0000000000000000
@2315 0000000000000001
@2316 0000000000000000
@2317 0000000000000000
@2318 0000000000000000
@2319 0000000000000000
@231A 0000000000000001
@231B 0000000000000000
@231C 0000000000000000
@231D 0000000000000000
@231E 0000000000000000
@231F 0000000000000000
@2320 0000000000000000
@2321 0000000000000000
@2322 0000000000000000
@2323 0000000000000000
@2324 0000000000000000
@2325 0000000000000000
@2326 0000000000000000
@2327 0000000000000000
@2328 0000000000000001
@2329 0000000000000000
@232A 0000000000000000
@232B 0000000000000000
@232C 0000000000000000
@232D -000000000000002
@232E 0000000000000000
@232F -000000000000001
@2330 0000000000000000
@2331 0000000000000000
@2332 0000000000000000
@2333 0000000000000000
@2334 0000000000000000
@2335 0000000000000000
@2336 -000000000000001
@2337 0000000000000000
@2338 0000000000000000
@2339 0000000000000000
@233A 0000000000000000
@233B 0000000000000000
@233C 0000000000000000
@233D -000000000000001
@233E 0000000000000001
@233F 0000000000000000
@2340 0000000000000000
@2341 0000000000000000
@2342 -000000000000002
@2343 0000000000000000
@2344 0000000000000000
@2345 -000000000000001
@2346 0000000000000000
@2347 0000000000000000
@2348 0000000000000000
@2349 0000000000000000
@234A 0000000000000000
@234B 0000000000000000
@234C 0000000000000000
@234D 0000000000000000
@234E 0000000000000000
@234F 0000000000000000
@2350 0000000000000000
@2351 0000000000000000
@2352 0000000000000000
@2353 0000000000000000
@2354 0000000000000000
@2355 -000000000000001
@2356 0000000000000000
@2357 0000000000000000
@2358 0000000000000001
@2359 0000000000000000
@235A 0000000000000000
@235B 0000000000000000
@235C 0000000000000000
@235D 0000000000000000
@235E 0000000000000000
@235F 0000000000000000
@2360 0000000000000000
@2361 0000000000000000
@2362 -000000000000001
@2363 0000000000000000
@2364 0000000000000000
@2365 0000000000000000
@2366 0000000000000002
@2367 0000000000000000
@2368 -000000000000001
@2369 0000000000000000
@236A 0000000000000000
@236B 0000000000000001
@236C 0000000000000000
@236D 0000000000000000
@236E 0000000000000000
@236F 0000000000000000
@2370 0000000000000000
@2371 0000000000000000
@2372 0000000000000000
@2373 0000000000000001
@2374 0000000000000000
@2375 0000000000000000
@2376 0000000000000000
@2377 0000000000000000
@2378 0000000000000000
@2379 -000000000000001
@237A 0000000000000002
@237B 0000000000000000
@237C -000000000000001
@237D 0000000000000000
@237E 0000000000000000
@237F 0000000000000000
@2380 0000000000000000
@2381 0000000000000000
@2382 0000000000000000
@2383 0000000000000000
@2384 0000000000000000
@2385 0000000000000000
@2386 0000000000000000
@2387 0000000000000000
@2388 0000000000000000
@2389 0000000000000001
@238A -000000000000001
@238B 0000000000000000
@238C 0000000000000001
@238D 0000000000000000
@238E 0000000000000000
@238F 0000000000000000
@2390 0000000000000000
@2391 0000000000000000
@2392 -000000000000001
@2393 0000000000000000
@2394 0000000000000000
@2395 0000000000000000
@2396 0000000000000000
@2397 0000000000000000
@2398 0000000000000000
@2399 0000000000000000
@239A 0000000000000000
@239B 0000000000000000
@239C 0000000000000002
@239D 0000000000000000
@239E 0000000000000000
@239F 0000000000000000
@23A0 0000000000000000
@23A1 0000000000000000
@23A2 0000000000000000
@23A3 0000000000000000
@23A4 0000000000000000
@23A5 0000000000000000
@23A6 0000000000000000
@23A7 0000000000000000
@23A8 0000000000000000
@23A9 0000000000000000
@23AA 0000000000000000
@23AB 0000000000000000
@23AC 0000000000000000
@23AD 0000000000000000
@23AE 0000000000000000
@23AF 0000000000000000
@23B0 0000000000000000
@23B1 0000000000000002
@23B2 0000000000000000
@23B3 0000000000000000
@23B4 0000000000000000
@23B5 0000000000000000
@23B6 0000000000000000
@23B7 0000000000000001
@23B8 0000000000000000
@23B9 0000000000000000
@23BA 0000000000000000
@23BB 0000000000000000
@23BC 0000000000000000
@23BD 0000000000000000
@23BE 0000000000000000
@23BF 0000000000000000
@23C0 0000000000000000
@23C1 0000000000000000
@23C2 0000000000000000
@23C3 0000000000000000
@23C4 0000000000000000
@23C5 0000000000000000
@23C6 0000000000000000
@23C7 0000000000000000
@23C8 0000000000000000
@23C9 0000000000000000
@23CA 0000000000000000
@23CB 0000000000000002
@23CC 0000000000000000
@23CD 0000000000000000
@23CE 0000000000000000
@23CF 0000000000000000
@23D0 0000000000000000
@23D1 0000000000000000
@23D2 0000000000000000
@23D3 0000000000000001
@23D4 0000000000000000
@23D5 0000000000000000
@23D6 0000000000000000
@23D7 0000000000000000
@23D8 0000000000000000
@23D9 0000000000000000
@23DA 0000000000000000
@23DB 0000000000000000
@23DC 0000000000000000
@23DD 0000000000000000
@23DE 0000000000000000
@23DF 0000000000000000
@23E0 0000000000000000
@23E1 -000000000000001
@23E2 0000000000000000
@23E3 0000000000000000
@23E4 0000000000000000
@23E5 0000000000000000
@23E6 0000000000000000
@23E7 0000000000000000
@23E8 0000000000000001
@23E9 0000000000000000
@23EA 0000000000000000
@23EB 0000000000000000
@23EC 0000000000000000
@23ED -000000000000001
@23EE 0000000000000000
@23EF 0000000000000000
@23F0 0000000000000000
@23F1 0000000000000000
@23F2 0000000000000000
@23F3 0000000000000000
@23F4 0000000000000000
@23F5 0000000000000000
@23F6 0000000000000000
@23F7 0000000000000000
@23F8 0000000000000000
@23F9 0000000000000000
@23FA 0000000000000000
@23FB 0000000000000000
@23FC 0000000000000000
@23FD -000000000000001
@23FE 0000000000000000
@23FF 0000000000000000
@2400 0000000000000000
@2401 0000000000000000
@2402 -000000000000001
@2403 0000000000000000
@2404 0000000000000000
@2405 -000000000000002
@2406 0000000000000000
@2407 0000000000000000
@2408 0000000000000000
@2409 -000000000000001
@240A 0000000000000000
@240B 0000000000000000
@240C 0000000000000000
@240D 0000000000000000
@240E 0000000000000000
@240F 0000000000000000
@2410 -000000000000001
@2411 0000000000000000
@2412 0000000000000000
@2413 0000000000000000
@2414 0000000000000000
@2415 -000000000000001
@2416 0000000000000000
@2417 0000000000000000
@2418 0000000000000002
@2419 0000000000000000
@241A 0000000000000000
@241B 0000000000000001
@241C 0000000000000000
@241D -000000000000001
@241E 0000000000000000
@241F 0000000000000000
@2420 0000000000000000
@2421 0000000000000000
@2422 -000000000000001
@2423 -000000000000001
@2424 0000000000000000
@2425 0000000000000001
@2426 0000000000000002
@2427 0000000000000000
@2428 -000000000000001
@2429 0000000000000000
@242A 0000000000000000
@242B 0000000000000001
@242C 0000000000000001
@242D 0000000000000000
@242E 0000000000000000
@242F 0000000000000000
@2430 0000000000000000
@2431 0000000000000000
@2432 0000000000000000
@2433 0000000000000001
@2434 0000000000000000
@2435 0000000000000000
@2436 0000000000000000
@2437 0000000000000000
@2438 0000000000000000
@2439 -000000000000002
@243A 0000000000000001
@243B 0000000000000000
@243C -000000000000001
@243D 0000000000000000
@243E 0000000000000000
@243F 0000000000000000
@2440 0000000000000000
@2441 0000000000000001
@2442 0000000000000000
@2443 0000000000000000
@2444 0000000000000000
@2445 -000000000000001
@2446 0000000000000000
@2447 0000000000000000
@2448 0000000000000000
@2449 0000000000000001
@244A 0000000000000000
@244B 0000000000000000
@244C 0000000000000000
@244D 0000000000000000
@244E 0000000000000000
@244F 0000000000000000
@2450 0000000000000000
@2451 0000000000000000
@2452 -000000000000001
@2453 0000000000000000
@2454 0000000000000000
@2455 0000000000000000
@2456 0000000000000000
@2457 0000000000000000
@2458 0000000000000000
@2459 -000000000000001
@245A 0000000000000000
@245B 0000000000000000
@245C 0000000000000002
@245D 0000000000000000
@245E 0000000000000000
@245F 0000000000000000
@2460 0000000000000000
@2461 0000000000000000
@2462 0000000000000000
@2463 0000000000000000
@2464 0000000000000001
@2465 0000000000000000
@2466 0000000000000000
@2467 0000000000000000
@2468 0000000000000000
@2469 0000000000000000
@246A 0000000000000000
@246B 0000000000000000
@246C 0000000000000000
@246D 0000000000000000
@246E -000000000000001
@246F 0000000000000000
@2470 -000000000000002
@2471 0000000000000002
@2472 0000000000000000
@2473 0000000000000000
@2474 0000000000000000
@2475 0000000000000000
@2476 0000000000000001
@2477 0000000000000001
@2478 -000000000000002
@2479 0000000000000000
@247A 0000000000000000
@247B 0000000000000000
@247C 0000000000000000
@247D 0000000000000000
@247E -000000000000001
@247F 0000000000000000
@2480 0000000000000000
@2481 0000000000000000
@2482 0000000000000000
@2483 0000000000000000
@2484 0000000000000000
@2485 -000000000000001
@2486 0000000000000000
@2487 0000000000000000
@2488 0000000000000000
@2489 0000000000000000
@248A 0000000000000000
@248B 0000000000000000
@248C 0000000000000000
@248D 0000000000000000
@248E 0000000000000000
@248F 0000000000000000
@2490 -000000000000001
@2491 0000000000000001
@2492 0000000000000000
@2493 0000000000000001
@2494 0000000000000000
@2495 0000000000000000
@2496 0000000000000000
@2497 0000000000000000
@2498 0000000000000000
@2499 0000000000000000
@249A 0000000000000000
@249B 0000000000000001
@249C 0000000000000000
@249D 0000000000000000
@249E 0000000000000000
@249F 0000000000000000
@24A0 0000000000000000
@24A1 0000000000000000
@24A2 0000000000000000
@24A3 0000000000000000
@24A4 0000000000000000
@24A5 0000000000000000
@24A6 0000000000000000
@24A7 0000000000000000
@24A8 0000000000000001
@24A9 0000000000000000
@24AA 0000000000000000
@24AB 0000000000000000
@24AC 0000000000000000
@24AD -000000000000001
@24AE 0000000000000000
@24AF 0000000000000000
@24B0 0000000000000000
@24B1 0000000000000000
@24B2 0000000000000000
@24B3 0000000000000000
@24B4 0000000000000000
@24B5 0000000000000000
@24B6 0000000000000000
@24B7 0000000000000000
@24B8 0000000000000000
@24B9 0000000000000000
@24BA -000000000000001
@24BB 0000000000000000
@24BC 0000000000000000
@24BD -000000000000001
@24BE 0000000000000001
@24BF 0000000000000000
@24C0 0000000000000002
@24C1 -000000000000001
@24C2 -000000000000001
@24C3 0000000000000000
@24C4 0000000000000001
@24C5 0000000000000000
@24C6 0000000000000000
@24C7 0000000000000002
@24C8 0000000000000000
@24C9 -000000000000001
@24CA 0000000000000000
@24CB 0000000000000001
@24CC -000000000000002
@24CD 0000000000000000
@24CE 0000000000000000
@24CF 0000000000000000
@24D0 -000000000000002
@24D1 -000000000000001
@24D2 0000000000000000
@24D3 0000000000000000
@24D4 0000000000000001
@24D5 -000000000000001
@24D6 0000000000000000
@24D7 0000000000000002
@24D8 0000000000000001
@24D9 0000000000000000
@24DA 0000000000000000
@24DB 0000000000000000
@24DC 0000000000000001
@24DD -000000000000001
@24DE -000000000000001
@24DF 0000000000000000
@24E0 0000000000000001
@24E1 0000000000000000
@24E2 -000000000000002
@24E3 0000000000000002
@24E4 -000000000000001
@24E5 0000000000000002
@24E6 0000000000000002
@24E7 0000000000000000
@24E8 -000000000000002
@24E9 0000000000000000
@24EA 0000000000000000
@24EB 0000000000000000
@24EC -000000000000002
@24ED 0000000000000000
@24EE 0000000000000000
@24EF 0000000000000000
@24F0 0000000000000000
@24F1 0000000000000002
@24F2 0000000000000000
@24F3 0000000000000001
@24F4 -000000000000001
@24F5 -000000000000002
@24F6 0000000000000001
@24F7 0000000000000000
@24F8 0000000000000000
@24F9 0000000000000000
@24FA 0000000000000001
@24FB 0000000000000000
@24FC 0000000000000000
@24FD -000000000000001
@24FE 0000000000000000
@24FF -000000000000002
@2500 0000000000000000
@2501 -000000000000003
@2502 0000000000000001
@2503 -000000000000001
@2504 0000000000000000
@2505 0000000000000000
@2506 0000000000000000
@2507 0000000000000000
@2508 0000000000000000
@2509 0000000000000001
@250A -000000000000001
@250B 0000000000000000
@250C 0000000000000003
@250D 0000000000000000
@250E -000000000000001
@250F 0000000000000003
@2510 0000000000000000
@2511 0000000000000000
@2512 0000000000000004
@2513 0000000000000001
@2514 0000000000000000
@2515 -000000000000002
@2516 0000000000000000
@2517 0000000000000000
@2518 0000000000000002
@2519 -000000000000002
@251A 0000000000000001
@251B 0000000000000000
@251C 0000000000000002
@251D 0000000000000000
@251E -000000000000002
@251F 0000000000000000
@2520 0000000000000000
@2521 0000000000000002
@2522 -000000000000001
@2523 -000000000000001
@2524 -000000000000002
@2525 0000000000000000
@2526 0000000000000000
@2527 0000000000000000
@2528 0000000000000000
@2529 -000000000000002
@252A -000000000000001
@252B 0000000000000000
@252C 0000000000000000
@252D 0000000000000000
@252E 0000000000000000
@252F 0000000000000001
@2530 0000000000000000
@2531 0000000000000002
@2532 0000000000000001
@2533 0000000000000000
@2534 0000000000000000
@2535 0000000000000000
@2536 -000000000000001
@2537 0000000000000002
@2538 0000000000000003
@2539 0000000000000000
@253A 0000000000000002
@253B -000000000000001
@253C 0000000000000000
@253D 0000000000000000
@253E 0000000000000000
@253F -000000000000001
@2540 0000000000000001
@2541 -000000000000001
@2542 0000000000000000
@2543 0000000000000000
@2544 0000000000000000
@2545 0000000000000002
@2546 0000000000000000
@2547 -000000000000002
@2548 0000000000000000
@2549 0000000000000001
@254A 0000000000000000
@254B 0000000000000002
@254C 0000000000000000
@254D 0000000000000000
@254E -000000000000002
@254F 0000000000000001
@2550 -000000000000001
@2551 -000000000000002
@2552 0000000000000000
@2553 0000000000000001
@2554 -000000000000001
@2555 -000000000000001
@2556 -000000000000001
@2557 -000000000000001
@2558 0000000000000000
@2559 0000000000000000
@255A 0000000000000000
@255B -000000000000002
@255C -000000000000001
@255D 0000000000000000
@255E 0000000000000001
@255F 0000000000000000
@2560 0000000000000000
@2561 -000000000000003
@2562 -000000000000001
@2563 0000000000000000
@2564 0000000000000000
@2565 0000000000000000
@2566 -000000000000002
@2567 0000000000000000
@2568 0000000000000000
@2569 0000000000000000
@256A 0000000000000000
@256B 0000000000000000
@256C 0000000000000000
@256D 0000000000000000
@256E -000000000000001
@256F 0000000000000000
@2570 0000000000000000
@2571 0000000000000001
@2572 0000000000000000
@2573 0000000000000000
@2574 0000000000000000
@2575 -000000000000001
@2576 0000000000000000
@2577 0000000000000000
@2578 -000000000000002
@2579 0000000000000000
@257A 0000000000000000
@257B 0000000000000000
@257C -000000000000001
@257D -000000000000001
@257E -000000000000003
@257F 0000000000000002
@2580 -000000000000002
@2581 0000000000000000
@2582 -000000000000001
@2583 -000000000000002
@2584 0000000000000000
@2585 -000000000000003
@2586 -000000000000001
@2587 -000000000000001
@2588 0000000000000000
@2589 0000000000000000
@258A 0000000000000000
@258B 0000000000000000
@258C 0000000000000000
@258D 0000000000000001
@258E 0000000000000000
@258F -000000000000002
@2590 0000000000000002
@2591 0000000000000000
@2592 0000000000000001
@2593 0000000000000000
@2594 0000000000000000
@2595 -000000000000001
@2596 0000000000000000
@2597 -000000000000001
@2598 0000000000000000
@2599 -000000000000001
@259A 0000000000000000
@259B 0000000000000000
@259C -000000000000001
@259D -000000000000001
@259E 0000000000000001
@259F -000000000000001
@25A0 0000000000000000
@25A1 0000000000000001
@25A2 -000000000000001
@25A3 -000000000000001
@25A4 0000000000000002
@25A5 0000000000000000
@25A6 0000000000000003
@25A7 0000000000000000
@25A8 0000000000000000
@25A9 0000000000000001
@25AA -000000000000001
@25AB 0000000000000000
@25AC 0000000000000000
@25AD 0000000000000000
@25AE 0000000000000000
@25AF 0000000000000000
@25B0 -000000000000001
@25B1 -000000000000001
@25B2 -000000000000001
@25B3 0000000000000001
@25B4 0000000000000001
@25B5 0000000000000000
@25B6 0000000000000000
@25B7 -000000000000001
@25B8 0000000000000000
@25B9 -000000000000001
@25BA 0000000000000001
@25BB 0000000000000000
@25BC -000000000000003
@25BD 0000000000000001
@25BE 0000000000000000
@25BF 0000000000000001
@25C0 0000000000000000
@25C1 0000000000000001
@25C2 0000000000000001
@25C3 0000000000000000
@25C4 0000000000000000
@25C5 -000000000000001
@25C6 0000000000000001
@25C7 0000000000000000
@25C8 -000000000000001
@25C9 0000000000000001
@25CA 0000000000000000
@25CB 0000000000000000
@25CC 0000000000000000
@25CD 0000000000000000
@25CE 0000000000000002
@25CF -000000000000002
@25D0 0000000000000000
@25D1 0000000000000000
@25D2 0000000000000000
@25D3 -000000000000001
@25D4 0000000000000000
@25D5 0000000000000000
@25D6 0000000000000000
@25D7 0000000000000000
@25D8 -000000000000002
@25D9 0000000000000000
@25DA -000000000000002
@25DB 0000000000000000
@25DC 0000000000000000
@25DD -000000000000001
@25DE 0000000000000002
@25DF 0000000000000000
@25E0 0000000000000000
@25E1 0000000000000000
@25E2 0000000000000000
@25E3 0000000000000000
@25E4 -000000000000001
@25E5 -000000000000002
@25E6 0000000000000000
@25E7 0000000000000002
@25E8 0000000000000000
@25E9 0000000000000002
@25EA 0000000000000000
@25EB 0000000000000000
@25EC 0000000000000000
@25ED 0000000000000000
@25EE -000000000000002
@25EF -000000000000002
@25F0 -000000000000001
@25F1 0000000000000002
@25F2 0000000000000000
@25F3 0000000000000000
@25F4 0000000000000000
@25F5 -000000000000001
@25F6 0000000000000002
@25F7 0000000000000002
@25F8 -000000000000001
@25F9 0000000000000001
@25FA 0000000000000000
@25FB 0000000000000000
@25FC 0000000000000001
@25FD -000000000000001
@25FE -000000000000002
@25FF 0000000000000001
@2600 0000000000000000
@2601 0000000000000000
@2602 -000000000000001
@2603 0000000000000001
@2604 0000000000000000
@2605 -000000000000002
@2606 0000000000000000
@2607 0000000000000001
@2608 -000000000000001
@2609 -000000000000001
@260A 0000000000000000
@260B 0000000000000000
@260C 0000000000000000
@260D 0000000000000000
@260E -000000000000001
@260F -000000000000001
@2610 0000000000000001
@2611 0000000000000002
@2612 0000000000000001
@2613 0000000000000000
@2614 0000000000000001
@2615 0000000000000002
@2616 0000000000000000
@2617 0000000000000000
@2618 0000000000000000
@2619 0000000000000000
@261A 0000000000000000
@261B 0000000000000001
@261C 0000000000000003
@261D 0000000000000000
@261E 0000000000000000
@261F 0000000000000000
@2620 0000000000000000
@2621 0000000000000003
@2622 0000000000000000
@2623 0000000000000000
@2624 0000000000000000
@2625 0000000000000000
@2626 0000000000000000
@2627 0000000000000000
@2628 0000000000000001
@2629 0000000000000000
@262A 0000000000000000
@262B 0000000000000000
@262C 0000000000000000
@262D -000000000000002
@262E 0000000000000001
@262F -000000000000002
@2630 0000000000000000
@2631 -000000000000003
@2632 0000000000000001
@2633 -000000000000001
@2634 0000000000000000
@2635 0000000000000000
@2636 0000000000000000
@2637 0000000000000000
@2638 0000000000000000
@2639 0000000000000000
@263A -000000000000001
@263B 0000000000000001
@263C 0000000000000000
@263D -000000000000001
@263E 0000000000000002
@263F 0000000000000000
@2640 0000000000000001
@2641 -000000000000001
@2642 0000000000000000
@2643 -000000000000001
@2644 0000000000000001
@2645 -000000000000002
@2646 0000000000000000
@2647 -000000000000003
@2648 0000000000000000
@2649 0000000000000000
@264A 0000000000000001
@264B -000000000000002
@264C -000000000000001
@264D 0000000000000000
@264E -000000000000001
@264F 0000000000000002
@2650 0000000000000000
@2651 0000000000000001
@2652 0000000000000000
@2653 0000000000000000
@2654 0000000000000001
@2655 0000000000000000
@2656 0000000000000000
@2657 0000000000000001
@2658 0000000000000000
@2659 0000000000000000
@265A -000000000000003
@265B 0000000000000000
@265C 0000000000000001
@265D 0000000000000001
@265E -000000000000002
@265F -000000000000001
@2660 0000000000000000
@2661 0000000000000000
@2662 -000000000000003
@2663 -000000000000001
@2664 0000000000000002
@2665 0000000000000003
@2666 0000000000000003
@2667 0000000000000001
@2668 -000000000000001
@2669 -000000000000001
@266A -000000000000004
@266B 0000000000000000
@266C -000000000000005
@266D 0000000000000000
@266E 0000000000000000
@266F 0000000000000003
@2670 0000000000000000
@2671 0000000000000000
@2672 -000000000000001
@2673 0000000000000001
@2674 0000000000000002
@2675 0000000000000000
@2676 0000000000000000
@2677 -000000000000002
@2678 0000000000000002
@2679 0000000000000000
@267A 0000000000000002
@267B 0000000000000000
@267C -000000000000003
@267D 0000000000000000
@267E 0000000000000000
@267F 0000000000000003
@2680 -000000000000001
@2681 0000000000000000
@2682 0000000000000001
@2683 -000000000000001
@2684 0000000000000000
@2685 0000000000000001
@2686 -000000000000001
@2687 0000000000000002
@2688 0000000000000000
@2689 0000000000000001
@268A -000000000000001
@268B -000000000000001
@268C 0000000000000000
@268D 0000000000000000
@268E 0000000000000000
@268F -000000000000001
@2690 0000000000000000
@2691 0000000000000000
@2692 0000000000000003
@2693 -000000000000003
@2694 -000000000000001
@2695 0000000000000001
@2696 0000000000000001
@2697 0000000000000001
@2698 -000000000000001
@2699 0000000000000000
@269A -000000000000002
@269B 0000000000000000
@269C 0000000000000001
@269D 0000000000000001
@269E -000000000000001
@269F 0000000000000000
@26A0 0000000000000000
@26A1 0000000000000001
@26A2 -000000000000001
@26A3 0000000000000000
@26A4 0000000000000000
@26A5 -000000000000001
@26A6 0000000000000000
@26A7 0000000000000000
@26A8 0000000000000000
@26A9 0000000000000000
@26AA 0000000000000006
@26AB 0000000000000000
@26AC -000000000000001
@26AD 0000000000000001
@26AE 0000000000000000
@26AF 0000000000000000
@26B0 0000000000000000
@26B1 0000000000000001
@26B2 0000000000000000
@26B3 0000000000000000
@26B4 0000000000000000
@26B5 0000000000000000
@26B6 -000000000000002
@26B7 0000000000000003
@26B8 0000000000000000
@26B9 -000000000000002
@26BA 0000000000000000
@26BB 0000000000000000
@26BC 0000000000000000
@26BD -000000000000004
@26BE 0000000000000000
@26BF 0000000000000001
@26C0 0000000000000002
@26C1 0000000000000003
@26C2 0000000000000002
@26C3 0000000000000000
@26C4 -000000000000001
@26C5 0000000000000003
@26C6 -000000000000001
@26C7 0000000000000000
@26C8 -000000000000001
@26C9 0000000000000004
@26CA -000000000000001
@26CB 0000000000000000
@26CC 0000000000000000
@26CD 0000000000000000
@26CE 0000000000000000
@26CF -000000000000002
@26D0 -000000000000003
@26D1 0000000000000000
@26D2 0000000000000000
@26D3 -000000000000001
@26D4 0000000000000001
@26D5 0000000000000000
@26D6 -000000000000001
@26D7 -000000000000002
@26D8 0000000000000000
@26D9 0000000000000001
@26DA 0000000000000000
@26DB 0000000000000000
@26DC 0000000000000003
@26DD 0000000000000001
@26DE 0000000000000001
@26DF 0000000000000000
@26E0 -000000000000001
@26E1 0000000000000000
@26E2 0000000000000000
@26E3 -000000000000004
@26E4 0000000000000001
@26E5 0000000000000000
@26E6 0000000000000000
@26E7 0000000000000000
@26E8 0000000000000000
@26E9 0000000000000000
@26EA 0000000000000000
@26EB 0000000000000001
@26EC 0000000000000000
@26ED -000000000000001
@26EE -000000000000001
@26EF -000000000000001
@26F0 0000000000000000
@26F1 0000000000000000
@26F2 0000000000000001
@26F3 0000000000000000
@26F4 -000000000000003
@26F5 0000000000000001
@26F6 0000000000000000
@26F7 0000000000000000
@26F8 0000000000000000
@26F9 -000000000000001
@26FA -000000000000001
@26FB 0000000000000002
@26FC -000000000000001
@26FD -000000000000001
@26FE -000000000000003
@26FF 0000000000000001
@2700 0000000000000000
@2701 0000000000000000
@2702 -000000000000001
@2703 0000000000000000
@2704 0000000000000001
@2705 -000000000000002
@2706 0000000000000000
@2707 0000000000000000
@2708 0000000000000000
@2709 -000000000000001
@270A 0000000000000000
@270B 0000000000000000
@270C 0000000000000000
@270D 0000000000000000
@270E 0000000000000000
@270F 0000000000000000
@2710 0000000000000000
@2711 0000000000000000
@2712 0000000000000000
@2713 0000000000000000
@2714 0000000000000001
@2715 0000000000000000
@2716 0000000000000000
@2717 0000000000000000
@2718 0000000000000001
@2719 0000000000000000
@271A 0000000000000000
@271B 0000000000000000
@271C 0000000000000000
@271D 0000000000000000
@271E 0000000000000000
@271F 0000000000000000
@2720 0000000000000000
@2721 0000000000000000
@2722 -000000000000001
@2723 0000000000000000
@2724 0000000000000000
@2725 0000000000000000
@2726 0000000000000002
@2727 0000000000000000
@2728 -000000000000001
@2729 0000000000000000
@272A 0000000000000000
@272B 0000000000000001
@272C 0000000000000000
@272D 0000000000000000
@272E 0000000000000000
@272F 0000000000000000
@2730 0000000000000000
@2731 0000000000000000
@2732 0000000000000000
@2733 0000000000000000
@2734 0000000000000000
@2735 0000000000000000
@2736 0000000000000000
@2737 0000000000000000
@2738 0000000000000000
@2739 0000000000000002
@273A 0000000000000002
@273B 0000000000000000
@273C -000000000000001
@273D 0000000000000000
@273E 0000000000000000
@273F 0000000000000000
@2740 0000000000000000
@2741 0000000000000000
@2742 0000000000000000
@2743 0000000000000000
@2744 0000000000000000
@2745 0000000000000000
@2746 0000000000000000
@2747 0000000000000000
@2748 0000000000000000
@2749 0000000000000001
@274A -000000000000001
@274B 0000000000000000
@274C 0000000000000001
@274D 0000000000000000
@274E 0000000000000000
@274F 0000000000000000
@2750 -000000000000002
@2751 0000000000000000
@2752 0000000000000001
@2753 0000000000000000
@2754 0000000000000000
@2755 0000000000000000
@2756 0000000000000000
@2757 0000000000000000
@2758 0000000000000000
@2759 0000000000000000
@275A 0000000000000000
@275B 0000000000000000
@275C 0000000000000002
@275D 0000000000000000
@275E 0000000000000000
@275F 0000000000000000
@2760 0000000000000000
@2761 0000000000000000
@2762 0000000000000000
@2763 0000000000000000
@2764 -000000000000001
@2765 0000000000000000
@2766 0000000000000000
@2767 0000000000000000
@2768 0000000000000000
@2769 0000000000000000
@276A 0000000000000000
@276B 0000000000000000
@276C 0000000000000000
@276D 0000000000000000
@276E 0000000000000000
@276F 0000000000000000
@2770 0000000000000000
@2771 0000000000000002
@2772 0000000000000000
@2773 0000000000000000
@2774 0000000000000001
@2775 0000000000000000
@2776 0000000000000000
@2777 0000000000000000
@2778 0000000000000000
@2779 0000000000000000
@277A 0000000000000000
@277B 0000000000000000
@277C 0000000000000000
@277D 0000000000000000
@277E 0000000000000000
@277F 0000000000000000
@2780 0000000000000000
@2781 0000000000000000
@2782 0000000000000000
@2783 0000000000000000
@2784 0000000000000000
@2785 0000000000000000
@2786 0000000000000000
@2787 0000000000000000
@2788 0000000000000000
@2789 0000000000000000
@278A 0000000000000000
@278B 0000000000000001
@278C 0000000000000000
@278D 0000000000000000
@278E 0000000000000000
@278F 0000000000000000
@2790 0000000000000000
@2791 0000000000000000
@2792 0000000000000000
@2793 0000000000000001
@2794 0000000000000000
@2795 0000000000000000
@2796 0000000000000000
@2797 0000000000000000
@2798 0000000000000000
@2799 0000000000000000
@279A 0000000000000000
@279B 0000000000000000
@279C 0000000000000000
@279D 0000000000000000
@279E 0000000000000000
@279F 0000000000000000
@27A0 0000000000000000
@27A1 0000000000000000
@27A2 0000000000000000
@27A3 0000000000000000
@27A4 0000000000000000
@27A5 0000000000000000
@27A6 0000000000000000
@27A7 0000000000000000
@27A8 0000000000000000
@27A9 0000000000000000
@27AA 0000000000000000
@27AB 0000000000000000
@27AC 0000000000000000
@27AD -000000000000002
@27AE 0000000000000000
@27AF 0000000000000000
@27B0 0000000000000000
@27B1 0000000000000000
@27B2 0000000000000000
@27B3 0000000000000000
@27B4 0000000000000000
@27B5 0000000000000000
@27B6 -000000000000001
@27B7 0000000000000000
@27B8 0000000000000000
@27B9 0000000000000000
@27BA 0000000000000001
@27BB 0000000000000000
@27BC 0000000000000000
@27BD -000000000000001
@27BE 0000000000000000
@27BF 0000000000000000
@27C0 0000000000000000
@27C1 0000000000000000
@27C2 -000000000000001
@27C3 0000000000000000
@27C4 0000000000000001
@27C5 -000000000000002
@27C6 0000000000000000
@27C7 0000000000000000
@27C8 0000000000000000
@27C9 -000000000000001
@27CA 0000000000000000
@27CB 0000000000000000
@27CC 0000000000000000
@27CD 0000000000000000
@27CE 0000000000000000
@27CF 0000000000000000
@27D0 0000000000000000
@27D1 0000000000000000
@27D2 0000000000000000
@27D3 0000000000000000
@27D4 0000000000000001
@27D5 0000000000000000
@27D6 0000000000000000
@27D7 0000000000000000
@27D8 0000000000000001
@27D9 0000000000000000
@27DA 0000000000000000
@27DB 0000000000000000
@27DC 0000000000000000
@27DD 0000000000000000
@27DE 0000000000000000
@27DF 0000000000000000
@27E0 0000000000000000
@27E1 0000000000000000
@27E2 -000000000000001
@27E3 0000000000000000
@27E4 0000000000000000
@27E5 0000000000000000
@27E6 0000000000000002
@27E7 0000000000000000
@27E8 -000000000000001
@27E9 0000000000000000
@27EA 0000000000000000
@27EB 0000000000000000
@27EC 0000000000000000
@27ED 0000000000000000
@27EE 0000000000000000
@27EF 0000000000000000
@27F0 0000000000000000
@27F1 0000000000000000
@27F2 0000000000000000
@27F3 0000000000000000
@27F4 0000000000000000
@27F5 0000000000000000
@27F6 0000000000000000
@27F7 0000000000000000
@27F8 0000000000000000
@27F9 0000000000000001
@27FA 0000000000000002
@27FB 0000000000000000
@27FC -000000000000001
@27FD 0000000000000000
@27FE 0000000000000000
@27FF 0000000000000000
@2800 0000000000000000
@2801 0000000000000000
@2802 0000000000000000
@2803 0000000000000000
@2804 0000000000000000
@2805 0000000000000000
@2806 0000000000000000
@2807 0000000000000000
@2808 0000000000000000
@2809 0000000000000001
@280A -000000000000001
@280B 0000000000000000
@280C 0000000000000001
@280D 0000000000000000
@280E 0000000000000000
@280F 0000000000000000
@2810 -000000000000002
@2811 0000000000000000
@2812 0000000000000000
@2813 0000000000000000
@2814 0000000000000000
@2815 0000000000000000
@2816 0000000000000000
@2817 0000000000000000
@2818 0000000000000000
@2819 0000000000000000
@281A 0000000000000000
@281B 0000000000000000
@281C 0000000000000002
@281D 0000000000000000
@281E 0000000000000000
@281F 0000000000000000
@2820 0000000000000000
@2821 0000000000000000
@2822 0000000000000000
@2823 0000000000000000
@2824 -000000000000001
@2825 0000000000000000
@2826 0000000000000000
@2827 0000000000000000
@2828 0000000000000000
@2829 0000000000000000
@282A 0000000000000000
@282B 0000000000000000
@282C 0000000000000000
@282D 0000000000000000
@282E 0000000000000000
@282F 0000000000000000
@2830 0000000000000000
@2831 0000000000000002
@2832 0000000000000000
@2833 0000000000000000
@2834 0000000000000001
@2835 0000000000000000
@2836 0000000000000000
@2837 0000000000000000
@2838 0000000000000000
@2839 0000000000000000
@283A 0000000000000000
@283B 0000000000000000
@283C 0000000000000000
@283D 0000000000000000
@283E 0000000000000000
@283F 0000000000000000
@2840 0000000000000000
@2841 0000000000000000
@2842 0000000000000000
@2843 0000000000000000
@2844 0000000000000000
@2845 0000000000000000
@2846 0000000000000000
@2847 0000000000000000
@2848 0000000000000000
@2849 0000000000000000
@284A 0000000000000000
@284B 0000000000000001
@284C 0000000000000000
@284D 0000000000000000
@284E 0000000000000000
@284F 0000000000000000
@2850 0000000000000000
@2851 0000000000000000
@2852 0000000000000000
@2853 0000000000000001
@2854 0000000000000000
@2855 0000000000000000
@2856 0000000000000000
@2857 0000000000000000
@2858 0000000000000000
@2859 0000000000000000
@285A 0000000000000000
@285B 0000000000000000
@285C 0000000000000000
@285D 0000000000000000
@285E 0000000000000000
@285F 0000000000000000
@2860 0000000000000000
@2861 0000000000000000
@2862 0000000000000000
@2863 0000000000000000
@2864 0000000000000000
@2865 0000000000000000
@2866 0000000000000000
@2867 0000000000000000
@2868 0000000000000000
@2869 0000000000000000
@286A 0000000000000000
@286B 0000000000000000
@286C 0000000000000000
@286D -000000000000002
@286E 0000000000000000
@286F 0000000000000000
@2870 0000000000000000
@2871 0000000000000000
@2872 0000000000000000
@2873 0000000000000000
@2874 0000000000000000
@2875 0000000000000000
@2876 -000000000000001
@2877 0000000000000000
@2878 0000000000000001
@2879 0000000000000000
@287A 0000000000000001
@287B 0000000000000000
@287C 0000000000000000
@287D -000000000000001
@287E 0000000000000000
@287F 0000000000000000
@2880 0000000000000000
@2881 0000000000000000
@2882 -000000000000001
@2883 0000000000000000
@2884 0000000000000001
@2885 -000000000000002
@2886 0000000000000000
@2887 0000000000000000
@2888 0000000000000000
@2889 -000000000000001
@288A 0000000000000000
@288B 0000000000000000
@288C 0000000000000000
@288D 0000000000000000
@288E 0000000000000000
@288F 0000000000000000
@2890 0000000000000000
@2891 0000000000000000
@2892 0000000000000000
@2893 0000000000000000
@2894 0000000000000001
@2895 0000000000000000
@2896 0000000000000000
@2897 0000000000000000
@2898 0000000000000001
@2899 0000000000000000
@289A 0000000000000000
@289B 0000000000000000
@289C 0000000000000000
@289D 0000000000000000
@289E 0000000000000000
@289F 0000000000000000
@28A0 0000000000000000
@28A1 0000000000000000
@28A2 -000000000000001
@28A3 0000000000000000
@28A4 0000000000000000
@28A5 0000000000000000
@28A6 0000000000000002
@28A7 0000000000000000
@28A8 -000000000000001
@28A9 0000000000000000
@28AA 0000000000000000
@28AB 0000000000000000
@28AC 0000000000000000
@28AD 0000000000000000
@28AE 0000000000000000
@28AF 0000000000000000
@28B0 0000000000000000
@28B1 0000000000000000
@28B2 0000000000000000
@28B3 0000000000000000
@28B4 0000000000000000
@28B5 0000000000000000
@28B6 0000000000000000
@28B7 0000000000000000
@28B8 0000000000000000
@28B9 0000000000000000
@28BA 0000000000000002
@28BB 0000000000000000
@28BC -000000000000001
@28BD 0000000000000000
@28BE 0000000000000000
@28BF 0000000000000000
@28C0 0000000000000000
@28C1 0000000000000000
@28C2 0000000000000000
@28C3 0000000000000000
@28C4 0000000000000000
@28C5 0000000000000000
@28C6 0000000000000000
@28C7 0000000000000000
@28C8 0000000000000000
@28C9 0000000000000001
@28CA -000000000000001
@28CB 0000000000000000
@28CC 0000000000000001
@28CD 0000000000000000
@28CE 0000000000000000
@28CF 0000000000000000
@28D0 -000000000000001
@28D1 0000000000000000
@28D2 0000000000000000
@28D3 0000000000000000
@28D4 0000000000000000
@28D5 0000000000000000
@28D6 0000000000000000
@28D7 0000000000000000
@28D8 0000000000000000
@28D9 0000000000000000
@28DA 0000000000000000
@28DB 0000000000000000
@28DC 0000000000000002
@28DD 0000000000000000
@28DE 0000000000000000
@28DF 0000000000000000
@28E0 0000000000000000
@28E1 0000000000000000
@28E2 0000000000000000
@28E3 0000000000000000
@28E4 -000000000000001
@28E5 0000000000000000
@28E6 0000000000000000
@28E7 0000000000000000
@28E8 0000000000000000
@28E9 0000000000000000
@28EA 0000000000000000
@28EB 0000000000000000
@28EC 0000000000000000
@28ED 0000000000000000
@28EE 0000000000000000
@28EF 0000000000000000
@28F0 0000000000000000
@28F1 0000000000000002
@28F2 0000000000000000
@28F3 0000000000000000
@28F4 0000000000000001
@28F5 0000000000000000
@28F6 0000000000000000
@28F7 0000000000000000
@28F8 0000000000000000
@28F9 0000000000000000
@28FA 0000000000000000
@28FB 0000000000000000
@28FC 0000000000000000
@28FD 0000000000000000
@28FE 0000000000000000
@28FF 0000000000000000
@2900 0000000000000000
@2901 0000000000000000
@2902 0000000000000000
@2903 0000000000000000
@2904 0000000000000000
@2905 0000000000000000
@2906 0000000000000000
@2907 0000000000000000
@2908 0000000000000000
@2909 0000000000000000
@290A 0000000000000000
@290B 0000000000000001
@290C 0000000000000000
@290D 0000000000000000
@290E 0000000000000000
@290F 0000000000000000
@2910 0000000000000000
@2911 0000000000000000
@2912 0000000000000000
@2913 0000000000000001
@2914 0000000000000000
@2915 0000000000000000
@2916 0000000000000000
@2917 0000000000000000
@2918 0000000000000000
@2919 0000000000000000
@291A 0000000000000000
@291B 0000000000000000
@291C 0000000000000000
@291D 0000000000000000
@291E 0000000000000000
@291F 0000000000000000
@2920 0000000000000000
@2921 0000000000000000
@2922 0000000000000000
@2923 0000000000000000
@2924 0000000000000000
@2925 0000000000000000
@2926 0000000000000000
@2927 0000000000000000
@2928 0000000000000000
@2929 0000000000000000
@292A 0000000000000000
@292B 0000000000000000
@292C 0000000000000000
@292D -000000000000002
@292E 0000000000000000
@292F 0000000000000000
@2930 0000000000000000
@2931 0000000000000000
@2932 0000000000000000
@2933 0000000000000000
@2934 0000000000000000
@2935 0000000000000000
@2936 -000000000000001
@2937 0000000000000000
@2938 0000000000000001
@2939 0000000000000000
@293A 0000000000000001
@293B 0000000000000000
@293C 0000000000000000
@293D -000000000000001
@293E 0000000000000000
@293F 0000000000000000
@2940 0000000000000000
@2941 0000000000000000
@2942 -000000000000001
@2943 0000000000000000
@2944 0000000000000001
@2945 -000000000000002
@2946 0000000000000000
@2947 0000000000000000
@2948 0000000000000000
@2949 -000000000000001
@294A 0000000000000000
@294B 0000000000000000
@294C 0000000000000000
@294D 0000000000000000
@294E 0000000000000000
@294F 0000000000000000
@2950 0000000000000000
@2951 0000000000000000
@2952 0000000000000000
@2953 0000000000000000
@2954 0000000000000001
@2955 0000000000000000
@2956 0000000000000000
@2957 0000000000000000
@2958 0000000000000001
@2959 0000000000000000
@295A 0000000000000000
@295B 0000000000000000
@295C 0000000000000000
@295D 0000000000000000
@295E 0000000000000000
@295F 0000000000000000
@2960 0000000000000000
@2961 0000000000000000
@2962 -000000000000001
@2963 0000000000000000
@2964 0000000000000000
@2965 0000000000000000
@2966 0000000000000002
@2967 0000000000000000
@2968 -000000000000001
@2969 0000000000000000
@296A 0000000000000000
@296B 0000000000000000
@296C 0000000000000000
@296D 0000000000000000
@296E 0000000000000000
@296F 0000000000000000
@2970 0000000000000000
@2971 0000000000000000
@2972 0000000000000000
@2973 0000000000000001
@2974 0000000000000000
@2975 0000000000000000
@2976 -000000000000001
@2977 0000000000000000
@2978 0000000000000000
@2979 0000000000000000
@297A 0000000000000002
@297B 0000000000000000
@297C 0000000000000000
@297D 0000000000000000
@297E 0000000000000000
@297F 0000000000000000
@2980 0000000000000000
@2981 0000000000000000
@2982 0000000000000000
@2983 0000000000000000
@2984 0000000000000000
@2985 0000000000000000
@2986 0000000000000000
@2987 0000000000000000
@2988 0000000000000000
@2989 0000000000000001
@298A -000000000000001
@298B 0000000000000000
@298C 0000000000000001
@298D 0000000000000000
@298E 0000000000000000
@298F 0000000000000000
@2990 -000000000000001
@2991 0000000000000000
@2992 0000000000000000
@2993 0000000000000000
@2994 0000000000000000
@2995 0000000000000000
@2996 0000000000000000
@2997 0000000000000000
@2998 0000000000000000
@2999 0000000000000000
@299A 0000000000000000
@299B 0000000000000000
@299C 0000000000000002
@299D 0000000000000000
@299E 0000000000000000
@299F 0000000000000000
@29A0 0000000000000000
@29A1 0000000000000000
@29A2 -000000000000001
@29A3 0000000000000000
@29A4 0000000000000000
@29A5 0000000000000000
@29A6 0000000000000000
@29A7 0000000000000000
@29A8 0000000000000000
@29A9 0000000000000000
@29AA 0000000000000000
@29AB 0000000000000000
@29AC 0000000000000000
@29AD 0000000000000000
@29AE 0000000000000000
@29AF 0000000000000000
@29B0 0000000000000000
@29B1 0000000000000002
@29B2 0000000000000000
@29B3 0000000000000000
@29B4 0000000000000001
@29B5 0000000000000000
@29B6 0000000000000000
@29B7 0000000000000000
@29B8 0000000000000000
@29B9 0000000000000000
@29BA 0000000000000000
@29BB 0000000000000000
@29BC 0000000000000000
@29BD 0000000000000000
@29BE 0000000000000000
@29BF 0000000000000000
@29C0 0000000000000000
@29C1 0000000000000000
@29C2 0000000000000000
@29C3 0000000000000000
@29C4 0000000000000000
@29C5 0000000000000000
@29C6 0000000000000000
@29C7 0000000000000000
@29C8 0000000000000000
@29C9 0000000000000000
@29CA 0000000000000000
@29CB 0000000000000001
@29CC 0000000000000000
@29CD 0000000000000000
@29CE 0000000000000000
@29CF 0000000000000000
@29D0 0000000000000000
@29D1 0000000000000000
@29D2 0000000000000000
@29D3 0000000000000001
@29D4 0000000000000000
@29D5 0000000000000000
@29D6 0000000000000000
@29D7 0000000000000000
@29D8 0000000000000000
@29D9 0000000000000000
@29DA 0000000000000000
@29DB 0000000000000000
@29DC 0000000000000000
@29DD 0000000000000000
@29DE 0000000000000000
@29DF 0000000000000000
@29E0 0000000000000000
@29E1 0000000000000000
@29E2 0000000000000000
@29E3 0000000000000000
@29E4 0000000000000000
@29E5 0000000000000000
@29E6 0000000000000000
@29E7 0000000000000000
@29E8 0000000000000000
@29E9 0000000000000000
@29EA 0000000000000000
@29EB 0000000000000000
@29EC 0000000000000000
@29ED -000000000000002
@29EE 0000000000000000
@29EF 0000000000000000
@29F0 0000000000000000
@29F1 0000000000000000
@29F2 0000000000000000
@29F3 0000000000000000
@29F4 0000000000000000
@29F5 0000000000000000
@29F6 -000000000000001
@29F7 0000000000000000
@29F8 0000000000000002
@29F9 0000000000000000
@29FA 0000000000000001
@29FB 0000000000000000
@29FC 0000000000000000
@29FD -000000000000001
@29FE 0000000000000000
@29FF 0000000000000000
@2A00 0000000000000000
@2A01 0000000000000000
@2A02 -000000000000001
@2A03 0000000000000000
@2A04 0000000000000001
@2A05 -000000000000002
@2A06 0000000000000000
@2A07 0000000000000000
@2A08 0000000000000000
@2A09 -000000000000001
@2A0A 0000000000000000
@2A0B 0000000000000000
@2A0C 0000000000000000
@2A0D 0000000000000000
@2A0E 0000000000000000
@2A0F 0000000000000000
@2A10 0000000000000000
@2A11 0000000000000000
@2A12 0000000000000000
@2A13 0000000000000000
@2A14 0000000000000001
@2A15 0000000000000000
@2A16 0000000000000000
@2A17 0000000000000000
@2A18 0000000000000001
@2A19 0000000000000000
@2A1A 0000000000000000
@2A1B 0000000000000000
@2A1C 0000000000000000
@2A1D 0000000000000000
@2A1E 0000000000000000
@2A1F 0000000000000000
@2A20 0000000000000000
@2A21 0000000000000000
@2A22 -000000000000001
@2A23 0000000000000000
@2A24 0000000000000000
@2A25 0000000000000000
@2A26 0000000000000002
@2A27 0000000000000000
@2A28 -000000000000001
@2A29 0000000000000000
@2A2A 0000000000000000
@2A2B 0000000000000000
@2A2C 0000000000000000
@2A2D 0000000000000000
@2A2E 0000000000000000
@2A2F 0000000000000000
@2A30 0000000000000000
@2A31 0000000000000000
@2A32 0000000000000000
@2A33 0000000000000001
@2A34 0000000000000000
@2A35 0000000000000000
@2A36 0000000000000000
@2A37 0000000000000000
@2A38 0000000000000000
@2A39 -000000000000001
@2A3A 0000000000000002
@2A3B 0000000000000000
@2A3C -000000000000001
@2A3D 0000000000000000
@2A3E 0000000000000000
@2A3F 0000000000000000
@2A40 0000000000000000
@2A41 0000000000000000
@2A42 0000000000000000
@2A43 0000000000000000
@2A44 0000000000000000
@2A45 0000000000000000
@2A46 0000000000000000
@2A47 0000000000000000
@2A48 0000000000000000
@2A49 0000000000000001
@2A4A 0000000000000000
@2A4B 0000000000000000
@2A4C 0000000000000001
@2A4D 0000000000000000
@2A4E 0000000000000000
@2A4F 0000000000000000
@2A50 -000000000000001
@2A51 0000000000000000
@2A52 0000000000000000
@2A53 0000000000000000
@2A54 0000000000000000
@2A55 0000000000000000
@2A56 0000000000000000
@2A57 0000000000000000
@2A58 0000000000000000
@2A59 0000000000000000
@2A5A 0000000000000000
@2A5B 0000000000000000
@2A5C 0000000000000001
@2A5D 0000000000000000
@2A5E 0000000000000000
@2A5F 0000000000000000
@2A60 0000000000000000
@2A61 0000000000000000
@2A62 -000000000000001
@2A63 0000000000000000
@2A64 0000000000000000
@2A65 0000000000000000
@2A66 0000000000000000
@2A67 0000000000000000
@2A68 0000000000000000
@2A69 0000000000000000
@2A6A 0000000000000000
@2A6B 0000000000000000
@2A6C 0000000000000000
@2A6D 0000000000000000
@2A6E 0000000000000000
@2A6F 0000000000000000
@2A70 0000000000000000
@2A71 0000000000000002
@2A72 0000000000000000
@2A73 0000000000000000
@2A74 0000000000000000
@2A75 0000000000000000
@2A76 0000000000000000
@2A77 0000000000000000
@2A78 0000000000000000
@2A79 0000000000000000
@2A7A 0000000000000000
@2A7B 0000000000000000
@2A7C 0000000000000000
@2A7D 0000000000000000
@2A7E 0000000000000000
@2A7F 0000000000000000
@2A80 0000000000000000
@2A81 0000000000000000
@2A82 0000000000000000
@2A83 0000000000000000
@2A84 0000000000000000
@2A85 0000000000000000
@2A86 0000000000000000
@2A87 0000000000000000
@2A88 0000000000000000
@2A89 0000000000000000
@2A8A 0000000000000000
@2A8B 0000000000000001
@2A8C 0000000000000000
@2A8D 0000000000000000
@2A8E 0000000000000000
@2A8F 0000000000000000
@2A90 0000000000000000
@2A91 0000000000000000
@2A92 0000000000000000
@2A93 0000000000000001
@2A94 0000000000000000
@2A95 0000000000000000
@2A96 0000000000000000
@2A97 0000000000000000
@2A98 0000000000000000
@2A99 0000000000000000
@2A9A 0000000000000000
@2A9B 0000000000000000
@2A9C 0000000000000000
@2A9D 0000000000000000
@2A9E 0000000000000000
@2A9F 0000000000000000
@2AA0 0000000000000000
@2AA1 0000000000000000
@2AA2 0000000000000000
@2AA3 0000000000000000
@2AA4 0000000000000000
@2AA5 0000000000000000
@2AA6 0000000000000000
@2AA7 0000000000000000
@2AA8 0000000000000000
@2AA9 0000000000000000
@2AAA 0000000000000000
@2AAB 0000000000000000
@2AAC 0000000000000000
@2AAD -000000000000001
@2AAE 0000000000000000
@2AAF 0000000000000000
@2AB0 0000000000000000
@2AB1 0000000000000000
@2AB2 0000000000000000
@2AB3 0000000000000000
@2AB4 0000000000000000
@2AB5 0000000000000000
@2AB6 -000000000000001
@2AB7 0000000000000000
@2AB8 0000000000000002
@2AB9 0000000000000000
@2ABA 0000000000000000
@2ABB 0000000000000000
@2ABC 0000000000000000
@2ABD 0000000000000000
@2ABE 0000000000000000
@2ABF 0000000000000000
@2AC0 0000000000000000
@2AC1 0000000000000000
@2AC2 -000000000000001
@2AC3 0000000000000000
@2AC4 0000000000000001
@2AC5 -000000000000002
@2AC6 0000000000000000
@2AC7 0000000000000000
@2AC8 0000000000000000
@2AC9 -000000000000001
@2ACA 0000000000000000
@2ACB 0000000000000000
@2ACC 0000000000000000
@2ACD 0000000000000000
@2ACE 0000000000000000
@2ACF 0000000000000000
@2AD0 0000000000000000
@2AD1 0000000000000000
@2AD2 0000000000000000
@2AD3 0000000000000000
@2AD4 0000000000000000
@2AD5 0000000000000000
@2AD6 0000000000000000
@2AD7 0000000000000000
@2AD8 0000000000000001
@2AD9 0000000000000000
@2ADA 0000000000000000
@2ADB 0000000000000000
@2ADC 0000000000000000
@2ADD 0000000000000000
@2ADE 0000000000000000
@2ADF 0000000000000000
@2AE0 0000000000000000
@2AE1 0000000000000000
@2AE2 -000000000000001
@2AE3 0000000000000000
@2AE4 0000000000000000
@2AE5 0000000000000000
@2AE6 0000000000000002
@2AE7 0000000000000000
@2AE8 -000000000000001
@2AE9 0000000000000000
@2AEA 0000000000000000
@2AEB 0000000000000000
@2AEC 0000000000000000
@2AED 0000000000000000
@2AEE 0000000000000000
@2AEF 0000000000000000
@2AF0 0000000000000000
@2AF1 0000000000000000
@2AF2 0000000000000000
@2AF3 0000000000000001
@2AF4 0000000000000000
@2AF5 0000000000000000
@2AF6 0000000000000000
@2AF7 0000000000000000
@2AF8 0000000000000000
@2AF9 -000000000000001
@2AFA 0000000000000002
@2AFB 0000000000000000
@2AFC 0000000000000000
@2AFD 0000000000000000
@2AFE 0000000000000000
@2AFF 0000000000000000
@2B00 0000000000000000
@2B01 0000000000000000
@2B02 0000000000000000
@2B03 0000000000000000
@2B04 0000000000000000
@2B05 0000000000000000
@2B06 0000000000000000
@2B07 0000000000000000
@2B08 0000000000000000
@2B09 0000000000000001
@2B0A -000000000000001
@2B0B 0000000000000000
@2B0C 0000000000000001
@2B0D 0000000000000000
@2B0E 0000000000000000
@2B0F 0000000000000000
@2B10 -000000000000001
@2B11 0000000000000000
@2B12 -000000000000001
@2B13 0000000000000000
@2B14 0000000000000000
@2B15 0000000000000000
@2B16 0000000000000000
@2B17 0000000000000000
@2B18 0000000000000000
@2B19 0000000000000000
@2B1A 0000000000000000
@2B1B 0000000000000000
@2B1C 0000000000000001
@2B1D 0000000000000000
@2B1E 0000000000000000
@2B1F 0000000000000000
@2B20 0000000000000000
@2B21 0000000000000000
@2B22 -000000000000001
@2B23 0000000000000000
@2B24 0000000000000000
@2B25 0000000000000000
@2B26 0000000000000000
@2B27 0000000000000000
@2B28 0000000000000000
@2B29 0000000000000000
@2B2A 0000000000000000
@2B2B 0000000000000000
@2B2C 0000000000000000
@2B2D 0000000000000000
@2B2E 0000000000000000
@2B2F 0000000000000000
@2B30 -000000000000001
@2B31 0000000000000002
@2B32 0000000000000000
@2B33 0000000000000000
@2B34 0000000000000000
@2B35 0000000000000000
@2B36 0000000000000000
@2B37 0000000000000000
@2B38 0000000000000000
@2B39 0000000000000000
@2B3A 0000000000000000
@2B3B 0000000000000000
@2B3C 0000000000000000
@2B3D 0000000000000000
@2B3E 0000000000000000
@2B3F 0000000000000000
@2B40 0000000000000000
@2B41 0000000000000000
@2B42 0000000000000000
@2B43 0000000000000000
@2B44 0000000000000000
@2B45 0000000000000000
@2B46 0000000000000000
@2B47 0000000000000000
@2B48 0000000000000000
@2B49 0000000000000000
@2B4A 0000000000000000
@2B4B 0000000000000001
@2B4C 0000000000000000
@2B4D 0000000000000000
@2B4E 0000000000000000
@2B4F 0000000000000000
@2B50 0000000000000000
@2B51 0000000000000000
@2B52 0000000000000000
@2B53 0000000000000001
@2B54 0000000000000000
@2B55 0000000000000000
@2B56 0000000000000000
@2B57 0000000000000000
@2B58 0000000000000000
@2B59 0000000000000000
@2B5A 0000000000000000
@2B5B 0000000000000000
@2B5C 0000000000000000
@2B5D 0000000000000000
@2B5E 0000000000000000
@2B5F 0000000000000000
@2B60 0000000000000000
@2B61 -000000000000001
@2B62 0000000000000000
@2B63 0000000000000000
@2B64 0000000000000000
@2B65 0000000000000000
@2B66 0000000000000000
@2B67 0000000000000000
@2B68 0000000000000000
@2B69 0000000000000000
@2B6A 0000000000000000
@2B6B 0000000000000000
@2B6C 0000000000000000
@2B6D -000000000000001
@2B6E 0000000000000000
@2B6F 0000000000000000
@2B70 0000000000000000
@2B71 0000000000000000
@2B72 0000000000000000
@2B73 0000000000000000
@2B74 0000000000000000
@2B75 0000000000000000
@2B76 -000000000000001
@2B77 0000000000000000
@2B78 0000000000000001
@2B79 0000000000000000
@2B7A 0000000000000000
@2B7B 0000000000000000
@2B7C 0000000000000000
@2B7D -000000000000001
@2B7E 0000000000000000
@2B7F 0000000000000000
@2B80 0000000000000000
@2B81 0000000000000000
@2B82 -000000000000001
@2B83 0000000000000000
@2B84 0000000000000001
@2B85 -000000000000002
@2B86 0000000000000000
@2B87 0000000000000000
@2B88 0000000000000000
@2B89 -000000000000001
@2B8A 0000000000000000
@2B8B 0000000000000000
@2B8C 0000000000000000
@2B8D 0000000000000000
@2B8E 0000000000000000
@2B8F 0000000000000000
@2B90 0000000000000000
@2B91 0000000000000000
@2B92 0000000000000000
@2B93 0000000000000000
@2B94 0000000000000001
@2B95 0000000000000000
@2B96 0000000000000000
@2B97 0000000000000000
@2B98 0000000000000001
@2B99 0000000000000000
@2B9A 0000000000000000
@2B9B 0000000000000000
@2B9C 0000000000000000
@2B9D 0000000000000000
@2B9E 0000000000000000
@2B9F 0000000000000000
@2BA0 0000000000000000
@2BA1 0000000000000000
@2BA2 -000000000000001
@2BA3 0000000000000000
@2BA4 0000000000000000
@2BA5 0000000000000000
@2BA6 0000000000000002
@2BA7 0000000000000000
@2BA8 -000000000000001
@2BA9 0000000000000000
@2BAA 0000000000000000
@2BAB 0000000000000000
@2BAC 0000000000000000
@2BAD 0000000000000000
@2BAE 0000000000000000
@2BAF 0000000000000000
@2BB0 0000000000000000
@2BB1 0000000000000000
@2BB2 0000000000000000
@2BB3 0000000000000001
@2BB4 0000000000000000
@2BB5 0000000000000000
@2BB6 0000000000000000
@2BB7 0000000000000000
@2BB8 0000000000000000
@2BB9 0000000000000000
@2BBA 0000000000000001
@2BBB 0000000000000000
@2BBC 0000000000000000
@2BBD 0000000000000000
@2BBE 0000000000000000
@2BBF 0000000000000000
@2BC0 0000000000000000
@2BC1 0000000000000000
@2BC2 0000000000000000
@2BC3 0000000000000000
@2BC4 0000000000000000
@2BC5 0000000000000000
@2BC6 0000000000000000
@2BC7 0000000000000000
@2BC8 0000000000000000
@2BC9 0000000000000001
@2BCA -000000000000001
@2BCB 0000000000000000
@2BCC 0000000000000001
@2BCD 0000000000000000
@2BCE 0000000000000000
@2BCF 0000000000000000
@2BD0 -000000000000001
@2BD1 0000000000000000
@2BD2 0000000000000000
@2BD3 0000000000000000
@2BD4 0000000000000000
@2BD5 0000000000000000
@2BD6 0000000000000000
@2BD7 0000000000000000
@2BD8 0000000000000000
@2BD9 0000000000000000
@2BDA 0000000000000000
@2BDB 0000000000000000
@2BDC 0000000000000001
@2BDD 0000000000000000
@2BDE 0000000000000000
@2BDF 0000000000000000
@2BE0 0000000000000000
@2BE1 0000000000000000
@2BE2 -000000000000001
@2BE3 0000000000000000
@2BE4 0000000000000000
@2BE5 0000000000000000
@2BE6 0000000000000000
@2BE7 0000000000000000
@2BE8 0000000000000000
@2BE9 0000000000000000
@2BEA 0000000000000000
@2BEB 0000000000000000
@2BEC 0000000000000000
@2BED 0000000000000000
@2BEE 0000000000000000
@2BEF 0000000000000000
@2BF0 0000000000000000
@2BF1 0000000000000003
@2BF2 0000000000000000
@2BF3 0000000000000000
@2BF4 0000000000000000
@2BF5 0000000000000000
@2BF6 0000000000000000
@2BF7 0000000000000000
@2BF8 0000000000000000
@2BF9 0000000000000000
@2BFA 0000000000000000
@2BFB 0000000000000000
@2BFC 0000000000000000
@2BFD 0000000000000000
@2BFE 0000000000000000
@2BFF 0000000000000000
@2C00 0000000000000000
@2C01 0000000000000000
@2C02 0000000000000000
@2C03 0000000000000000
@2C04 0000000000000000
@2C05 0000000000000000
@2C06 0000000000000000
@2C07 0000000000000000
@2C08 0000000000000000
@2C09 0000000000000000
@2C0A 0000000000000000
@2C0B 0000000000000001
@2C0C 0000000000000000
@2C0D 0000000000000000
@2C0E 0000000000000000
@2C0F 0000000000000000
@2C10 0000000000000000
@2C11 0000000000000000
@2C12 0000000000000000
@2C13 0000000000000001
@2C14 0000000000000000
@2C15 0000000000000000
@2C16 0000000000000000
@2C17 0000000000000000
@2C18 0000000000000000
@2C19 0000000000000000
@2C1A 0000000000000000
@2C1B 0000000000000000
@2C1C 0000000000000000
@2C1D 0000000000000000
@2C1E 0000000000000000
@2C1F 0000000000000000
@2C20 0000000000000000
@2C21 -000000000000001
@2C22 0000000000000000
@2C23 0000000000000000
@2C24 0000000000000000
@2C25 0000000000000000
@2C26 0000000000000000
@2C27 0000000000000000
@2C28 0000000000000000
@2C29 0000000000000000
@2C2A 0000000000000000
@2C2B 0000000000000000
@2C2C 0000000000000000
@2C2D -000000000000001
@2C2E 0000000000000000
@2C2F 0000000000000000
@2C30 0000000000000000
@2C31 0000000000000000
@2C32 0000000000000000
@2C33 0000000000000000
@2C34 0000000000000000
@2C35 0000000000000000
@2C36 -000000000000001
@2C37 0000000000000000
@2C38 0000000000000001
@2C39 0000000000000000
@2C3A 0000000000000000
@2C3B 0000000000000000
@2C3C 0000000000000000
@2C3D -000000000000001
@2C3E 0000000000000000
@2C3F 0000000000000000
@2C40 0000000000000000
@2C41 0000000000000000
@2C42 -000000000000001
@2C43 0000000000000000
@2C44 0000000000000001
@2C45 -000000000000001
@2C46 0000000000000000
@2C47 0000000000000000
@2C48 0000000000000000
@2C49 -000000000000001
@2C4A 0000000000000000
@2C4B 0000000000000000
@2C4C 0000000000000000
@2C4D 0000000000000000
@2C4E 0000000000000000
@2C4F 0000000000000000
@2C50 -000000000000001
@2C51 0000000000000000
@2C52 0000000000000000
@2C53 0000000000000000
@2C54 0000000000000001
@2C55 0000000000000000
@2C56 0000000000000000
@2C57 0000000000000000
@2C58 0000000000000001
@2C59 0000000000000000
@2C5A 0000000000000000
@2C5B 0000000000000000
@2C5C 0000000000000000
@2C5D 0000000000000000
@2C5E 0000000000000000
@2C5F 0000000000000000
@2C60 0000000000000000
@2C61 0000000000000000
@2C62 -000000000000001
@2C63 0000000000000000
@2C64 0000000000000000
@2C65 0000000000000001
@2C66 0000000000000002
@2C67 0000000000000000
@2C68 -000000000000001
@2C69 0000000000000000
@2C6A 0000000000000000
@2C6B 0000000000000000
@2C6C 0000000000000000
@2C6D 0000000000000000
@2C6E 0000000000000000
@2C6F 0000000000000001
@2C70 0000000000000000
@2C71 0000000000000000
@2C72 0000000000000000
@2C73 0000000000000001
@2C74 0000000000000000
@2C75 0000000000000000
@2C76 0000000000000000
@2C77 0000000000000000
@2C78 0000000000000000
@2C79 0000000000000000
@2C7A 0000000000000002
@2C7B 0000000000000000
@2C7C 0000000000000000
@2C7D 0000000000000000
@2C7E 0000000000000000
@2C7F 0000000000000000
@2C80 0000000000000000
@2C81 0000000000000000
@2C82 0000000000000000
@2C83 0000000000000000
@2C84 0000000000000000
@2C85 -000000000000001
@2C86 0000000000000000
@2C87 0000000000000000
@2C88 0000000000000000
@2C89 0000000000000001
@2C8A 0000000000000000
@2C8B 0000000000000000
@2C8C 0000000000000000
@2C8D 0000000000000000
@2C8E 0000000000000000
@2C8F 0000000000000000
@2C90 -000000000000001
@2C91 0000000000000000
@2C92 0000000000000000
@2C93 0000000000000000
@2C94 0000000000000000
@2C95 0000000000000000
@2C96 0000000000000000
@2C97 0000000000000000
@2C98 0000000000000000
@2C99 0000000000000000
@2C9A 0000000000000000
@2C9B 0000000000000000
@2C9C 0000000000000002
@2C9D 0000000000000000
@2C9E 0000000000000000
@2C9F 0000000000000000
@2CA0 0000000000000000
@2CA1 0000000000000000
@2CA2 0000000000000000
@2CA3 0000000000000000
@2CA4 0000000000000000
@2CA5 0000000000000000
@2CA6 0000000000000000
@2CA7 0000000000000000
@2CA8 0000000000000000
@2CA9 0000000000000000
@2CAA 0000000000000000
@2CAB 0000000000000000
@2CAC -000000000000001
@2CAD 0000000000000000
@2CAE -000000000000001
@2CAF 0000000000000000
@2CB0 -000000000000001
@2CB1 0000000000000002
@2CB2 0000000000000000
@2CB3 0000000000000000
@2CB4 0000000000000000
@2CB5 0000000000000000
@2CB6 0000000000000000
@2CB7 0000000000000000
@2CB8 0000000000000000
@2CB9 0000000000000000
@2CBA 0000000000000000
@2CBB 0000000000000000
@2CBC 0000000000000000
@2CBD 0000000000000000
@2CBE 0000000000000000
@2CBF 0000000000000000
@2CC0 0000000000000000
@2CC1 0000000000000000
@2CC2 -000000000000001
@2CC3 0000000000000000
@2CC4 0000000000000000
@2CC5 0000000000000000
@2CC6 0000000000000000
@2CC7 0000000000000000
@2CC8 0000000000000000
@2CC9 0000000000000000
@2CCA 0000000000000000
@2CCB 0000000000000000
@2CCC 0000000000000000
@2CCD 0000000000000000
@2CCE -000000000000001
@2CCF 0000000000000000
@2CD0 0000000000000000
@2CD1 0000000000000000
@2CD2 0000000000000000
@2CD3 0000000000000001
@2CD4 0000000000000000
@2CD5 0000000000000000
@2CD6 0000000000000000
@2CD7 0000000000000000
@2CD8 0000000000000000
@2CD9 0000000000000000
@2CDA 0000000000000000
@2CDB 0000000000000000
@2CDC 0000000000000000
@2CDD 0000000000000000
@2CDE 0000000000000001
@2CDF 0000000000000000
@2CE0 0000000000000000
@2CE1 0000000000000000
@2CE2 0000000000000000
@2CE3 0000000000000000
@2CE4 0000000000000000
@2CE5 0000000000000000
@2CE6 -000000000000001
@2CE7 0000000000000000
@2CE8 0000000000000001
@2CE9 0000000000000000
@2CEA 0000000000000000
@2CEB 0000000000000000
@2CEC 0000000000000000
@2CED -000000000000001
@2CEE 0000000000000000
@2CEF 0000000000000000
@2CF0 0000000000000000
@2CF1 0000000000000000
@2CF2 0000000000000000
@2CF3 0000000000000000
@2CF4 0000000000000000
@2CF5 0000000000000000
@2CF6 0000000000000000
@2CF7 0000000000000000
@2CF8 0000000000000001
@2CF9 0000000000000000
@2CFA 0000000000000000
@2CFB 0000000000000001
@2CFC 0000000000000000
@2CFD -000000000000001
@2CFE 0000000000000001
@2CFF 0000000000000000
@2D00 0000000000000000
@2D01 0000000000000000
@2D02 -000000000000002
@2D03 0000000000000000
@2D04 0000000000000001
@2D05 -000000000000002
@2D06 0000000000000000
@2D07 0000000000000000
@2D08 -000000000000001
@2D09 -000000000000003
@2D0A 0000000000000000
@2D0B 0000000000000000
@2D0C 0000000000000000
@2D0D 0000000000000000
@2D0E 0000000000000000
@2D0F 0000000000000002
@2D10 -000000000000001
@2D11 0000000000000000
@2D12 0000000000000000
@2D13 0000000000000000
@2D14 0000000000000001
@2D15 0000000000000000
@2D16 0000000000000000
@2D17 0000000000000001
@2D18 0000000000000000
@2D19 -000000000000001
@2D1A 0000000000000000
@2D1B 0000000000000000
@2D1C 0000000000000000
@2D1D 0000000000000000
@2D1E 0000000000000000
@2D1F -000000000000001
@2D20 0000000000000000
@2D21 -000000000000001
@2D22 -000000000000001
@2D23 0000000000000000
@2D24 -000000000000001
@2D25 0000000000000001
@2D26 0000000000000003
@2D27 -000000000000001
@2D28 -000000000000001
@2D29 -000000000000001
@2D2A 0000000000000000
@2D2B 0000000000000000
@2D2C -000000000000002
@2D2D -000000000000001
@2D2E 0000000000000000
@2D2F 0000000000000000
@2D30 0000000000000000
@2D31 0000000000000003
@2D32 0000000000000000
@2D33 0000000000000001
@2D34 0000000000000001
@2D35 0000000000000000
@2D36 0000000000000000
@2D37 0000000000000000
@2D38 0000000000000000
@2D39 -000000000000001
@2D3A 0000000000000002
@2D3B 0000000000000000
@2D3C 0000000000000000
@2D3D 0000000000000001
@2D3E 0000000000000000
@2D3F -000000000000001
@2D40 -000000000000001
@2D41 0000000000000000
@2D42 0000000000000001
@2D43 0000000000000001
@2D44 0000000000000000
@2D45 0000000000000000
@2D46 0000000000000001
@2D47 0000000000000000
@2D48 0000000000000000
@2D49 0000000000000001
@2D4A 0000000000000000
@2D4B 0000000000000000
@2D4C 0000000000000002
@2D4D -000000000000001
@2D4E 0000000000000001
@2D4F 0000000000000000
@2D50 0000000000000000
@2D51 0000000000000000
@2D52 0000000000000001
@2D53 -000000000000001
@2D54 0000000000000002
@2D55 0000000000000000
@2D56 0000000000000000
@2D57 0000000000000000
@2D58 -000000000000001
@2D59 0000000000000001
@2D5A -000000000000001
@2D5B 0000000000000000
@2D5C 0000000000000001
@2D5D 0000000000000000
@2D5E 0000000000000002
@2D5F 0000000000000001
@2D60 0000000000000000
@2D61 0000000000000000
@2D62 -000000000000001
@2D63 -000000000000002
@2D64 -000000000000001
@2D65 -000000000000001
@2D66 0000000000000001
@2D67 0000000000000000
@2D68 0000000000000000
@2D69 0000000000000000
@2D6A 0000000000000001
@2D6B 0000000000000000
@2D6C 0000000000000001
@2D6D 0000000000000000
@2D6E 0000000000000000
@2D6F 0000000000000000
@2D70 0000000000000000
@2D71 0000000000000003
@2D72 0000000000000000
@2D73 0000000000000000
@2D74 0000000000000000
@2D75 0000000000000000
@2D76 0000000000000000
@2D77 0000000000000002
@2D78 0000000000000001
@2D79 0000000000000000
@2D7A 0000000000000001
@2D7B 0000000000000000
@2D7C 0000000000000000
@2D7D 0000000000000000
@2D7E 0000000000000000
@2D7F 0000000000000000
@2D80 0000000000000000
@2D81 0000000000000000
@2D82 0000000000000001
@2D83 0000000000000000
@2D84 0000000000000000
@2D85 0000000000000000
@2D86 0000000000000000
@2D87 0000000000000000
@2D88 -000000000000001
@2D89 -000000000000002
@2D8A 0000000000000000
@2D8B 0000000000000001
@2D8C 0000000000000002
@2D8D 0000000000000000
@2D8E 0000000000000000
@2D8F 0000000000000000
@2D90 0000000000000000
@2D91 0000000000000001
@2D92 -000000000000001
@2D93 0000000000000000
@2D94 0000000000000000
@2D95 0000000000000000
@2D96 0000000000000000
@2D97 -000000000000001
@2D98 0000000000000000
@2D99 0000000000000000
@2D9A 0000000000000000
@2D9B 0000000000000000
@2D9C 0000000000000000
@2D9D 0000000000000000
@2D9E 0000000000000000
@2D9F 0000000000000000
@2DA0 0000000000000000
@2DA1 0000000000000000
@2DA2 -000000000000001
@2DA3 0000000000000000
@2DA4 0000000000000000
@2DA5 0000000000000000
@2DA6 0000000000000000
@2DA7 0000000000000000
@2DA8 0000000000000000
@2DA9 0000000000000000
@2DAA 0000000000000000
@2DAB 0000000000000000
@2DAC 0000000000000000
@2DAD 0000000000000000
@2DAE 0000000000000000
@2DAF -000000000000001
@2DB0 -000000000000003
@2DB1 0000000000000000
@2DB2 0000000000000000
@2DB3 0000000000000000
@2DB4 0000000000000000
@2DB5 0000000000000000
@2DB6 0000000000000000
@2DB7 0000000000000000
@2DB8 0000000000000000
@2DB9 0000000000000000
@2DBA 0000000000000000
@2DBB 0000000000000000
@2DBC 0000000000000000
@2DBD -000000000000001
@2DBE -000000000000001
@2DBF 0000000000000000
@2DC0 0000000000000000
@2DC1 0000000000000000
@2DC2 -000000000000002
@2DC3 0000000000000000
@2DC4 0000000000000001
@2DC5 -000000000000001
@2DC6 -000000000000002
@2DC7 0000000000000001
@2DC8 0000000000000001
@2DC9 0000000000000000
@2DCA 0000000000000000
@2DCB 0000000000000000
@2DCC 0000000000000000
@2DCD 0000000000000000
@2DCE 0000000000000000
@2DCF -000000000000002
@2DD0 0000000000000000
@2DD1 0000000000000000
@2DD2 0000000000000000
@2DD3 0000000000000000
@2DD4 0000000000000000
@2DD5 -000000000000001
@2DD6 0000000000000000
@2DD7 0000000000000000
@2DD8 0000000000000002
@2DD9 -000000000000001
@2DDA -000000000000001
@2DDB 0000000000000000
@2DDC -000000000000001
@2DDD 0000000000000000
@2DDE 0000000000000000
@2DDF 0000000000000000
@2DE0 0000000000000000
@2DE1 0000000000000001
@2DE2 -000000000000001
@2DE3 -000000000000001
@2DE4 0000000000000001
@2DE5 0000000000000000
@2DE6 0000000000000002
@2DE7 0000000000000001
@2DE8 -000000000000001
@2DE9 0000000000000000
@2DEA -000000000000002
@2DEB 0000000000000002
@2DEC 0000000000000002
@2DED 0000000000000001
@2DEE 0000000000000000
@2DEF 0000000000000000
@2DF0 0000000000000000
@2DF1 -000000000000001
@2DF2 0000000000000000
@2DF3 0000000000000001
@2DF4 -000000000000001
@2DF5 0000000000000000
@2DF6 0000000000000000
@2DF7 0000000000000001
@2DF8 0000000000000000
@2DF9 0000000000000000
@2DFA 0000000000000001
@2DFB 0000000000000000
@2DFC -000000000000002
@2DFD -000000000000001
@2DFE 0000000000000000
@2DFF 0000000000000000
@2E00 0000000000000000
@2E01 0000000000000000
@2E02 0000000000000000
@2E03 0000000000000000
@2E04 0000000000000000
@2E05 0000000000000000
@2E06 0000000000000000
@2E07 0000000000000000
@2E08 0000000000000000
@2E09 0000000000000001
@2E0A -000000000000003
@2E0B -000000000000001
@2E0C 0000000000000000
@2E0D 0000000000000000
@2E0E -000000000000001
@2E0F 0000000000000000
@2E10 0000000000000000
@2E11 0000000000000000
@2E12 -000000000000002
@2E13 0000000000000001
@2E14 -000000000000002
@2E15 0000000000000000
@2E16 -000000000000001
@2E17 0000000000000000
@2E18 0000000000000003
@2E19 -000000000000001
@2E1A 0000000000000001
@2E1B 0000000000000000
@2E1C 0000000000000000
@2E1D 0000000000000000
@2E1E -000000000000003
@2E1F 0000000000000000
@2E20 0000000000000000
@2E21 0000000000000001
@2E22 0000000000000000
@2E23 0000000000000001
@2E24 -000000000000001
@2E25 -000000000000001
@2E26 0000000000000000
@2E27 0000000000000000
@2E28 0000000000000000
@2E29 0000000000000001
@2E2A 0000000000000001
@2E2B 0000000000000000
@2E2C -000000000000001
@2E2D 0000000000000001
@2E2E 0000000000000001
@2E2F 0000000000000000
@2E30 0000000000000000
@2E31 0000000000000002
@2E32 0000000000000000
@2E33 0000000000000000
@2E34 0000000000000000
@2E35 0000000000000000
@2E36 0000000000000000
@2E37 0000000000000001
@2E38 0000000000000000
@2E39 0000000000000002
@2E3A -000000000000002
@2E3B -000000000000001
@2E3C 0000000000000000
@2E3D -000000000000001
@2E3E -000000000000002
@2E3F 0000000000000000
@2E40 0000000000000000
@2E41 -000000000000002
@2E42 0000000000000000
@2E43 0000000000000000
@2E44 0000000000000000
@2E45 -000000000000001
@2E46 0000000000000000
@2E47 -000000000000001
@2E48 0000000000000000
@2E49 0000000000000002
@2E4A 0000000000000000
@2E4B 0000000000000001
@2E4C 0000000000000000
@2E4D 0000000000000000
@2E4E 0000000000000000
@2E4F 0000000000000000
@2E50 0000000000000000
@2E51 0000000000000000
@2E52 0000000000000002
@2E53 0000000000000002
@2E54 0000000000000000
@2E55 0000000000000000
@2E56 0000000000000000
@2E57 0000000000000000
@2E58 0000000000000000
@2E59 0000000000000000
@2E5A 0000000000000000
@2E5B 0000000000000000
@2E5C 0000000000000000
@2E5D 0000000000000000
@2E5E 0000000000000000
@2E5F 0000000000000000
@2E60 0000000000000002
@2E61 0000000000000000
@2E62 0000000000000001
@2E63 0000000000000000
@2E64 0000000000000000
@2E65 0000000000000000
@2E66 -000000000000001
@2E67 0000000000000000
@2E68 0000000000000001
@2E69 -000000000000001
@2E6A 0000000000000000
@2E6B -000000000000001
@2E6C 0000000000000000
@2E6D -000000000000002
@2E6E 0000000000000001
@2E6F 0000000000000001
@2E70 0000000000000002
@2E71 0000000000000000
@2E72 0000000000000000
@2E73 0000000000000001
@2E74 0000000000000000
@2E75 -000000000000001
@2E76 -000000000000001
@2E77 0000000000000000
@2E78 0000000000000000
@2E79 0000000000000000
@2E7A 0000000000000000
@2E7B 0000000000000001
@2E7C 0000000000000000
@2E7D -000000000000001
@2E7E 0000000000000001
@2E7F 0000000000000000
@2E80 0000000000000000
@2E81 0000000000000000
@2E82 -000000000000001
@2E83 0000000000000000
@2E84 0000000000000000
@2E85 -000000000000002
@2E86 0000000000000002
@2E87 0000000000000000
@2E88 0000000000000000
@2E89 0000000000000000
@2E8A 0000000000000000
@2E8B 0000000000000000
@2E8C 0000000000000000
@2E8D 0000000000000000
@2E8E 0000000000000000
@2E8F 0000000000000001
@2E90 0000000000000000
@2E91 0000000000000000
@2E92 0000000000000000
@2E93 0000000000000000
@2E94 0000000000000000
@2E95 -000000000000001
@2E96 0000000000000000
@2E97 0000000000000000
@2E98 0000000000000001
@2E99 0000000000000000
@2E9A 0000000000000000
@2E9B 0000000000000001
@2E9C 0000000000000000
@2E9D 0000000000000000
@2E9E 0000000000000000
@2E9F 0000000000000000
@2EA0 0000000000000000
@2EA1 0000000000000001
@2EA2 0000000000000000
@2EA3 -000000000000001
@2EA4 0000000000000001
@2EA5 0000000000000000
@2EA6 0000000000000001
@2EA7 0000000000000000
@2EA8 0000000000000000
@2EA9 0000000000000000
@2EAA 0000000000000000
@2EAB 0000000000000001
@2EAC 0000000000000000
@2EAD -000000000000001
@2EAE 0000000000000000
@2EAF 0000000000000000
@2EB0 0000000000000000
@2EB1 0000000000000000
@2EB2 -000000000000001
@2EB3 0000000000000001
@2EB4 0000000000000000
@2EB5 0000000000000000
@2EB6 0000000000000000
@2EB7 -000000000000001
@2EB8 0000000000000000
@2EB9 0000000000000000
@2EBA 0000000000000001
@2EBB 0000000000000000
@2EBC -000000000000001
@2EBD 0000000000000000
@2EBE 0000000000000000
@2EBF 0000000000000000
@2EC0 0000000000000001
@2EC1 0000000000000001
@2EC2 0000000000000000
@2EC3 0000000000000000
@2EC4 0000000000000000
@2EC5 0000000000000000
@2EC6 0000000000000001
@2EC7 0000000000000000
@2EC8 0000000000000000
@2EC9 0000000000000000
@2ECA -000000000000002
@2ECB 0000000000000000
@2ECC 0000000000000001
@2ECD 0000000000000000
@2ECE 0000000000000000
@2ECF 0000000000000000
@2ED0 -000000000000001
@2ED1 0000000000000000
@2ED2 -000000000000004
@2ED3 0000000000000000
@2ED4 0000000000000000
@2ED5 -000000000000001
@2ED6 0000000000000000
@2ED7 0000000000000000
@2ED8 0000000000000000
@2ED9 0000000000000000
@2EDA 0000000000000000
@2EDB 0000000000000000
@2EDC 0000000000000002
@2EDD 0000000000000000
@2EDE 0000000000000000
@2EDF 0000000000000000
@2EE0 0000000000000000
@2EE1 0000000000000000
@2EE2 0000000000000000
@2EE3 0000000000000000
@2EE4 0000000000000000
@2EE5 0000000000000001
@2EE6 0000000000000000
@2EE7 0000000000000000
@2EE8 0000000000000000
@2EE9 0000000000000000
@2EEA 0000000000000000
@2EEB 0000000000000000
@2EEC 0000000000000000
@2EED 0000000000000000
@2EEE 0000000000000000
@2EEF 0000000000000000
@2EF0 -000000000000001
@2EF1 0000000000000002
@2EF2 0000000000000000
@2EF3 0000000000000000
@2EF4 0000000000000000
@2EF5 0000000000000000
@2EF6 0000000000000002
@2EF7 0000000000000000
@2EF8 -000000000000002
@2EF9 0000000000000000
@2EFA 0000000000000000
@2EFB 0000000000000000
@2EFC 0000000000000000
@2EFD 0000000000000000
@2EFE 0000000000000000
@2EFF 0000000000000001
@2F00 0000000000000000
@2F01 0000000000000000
@2F02 -000000000000002
@2F03 0000000000000000
@2F04 -000000000000001
@2F05 -000000000000001
@2F06 0000000000000000
@2F07 0000000000000000
@2F08 0000000000000000
@2F09 0000000000000000
@2F0A 0000000000000001
@2F0B 0000000000000002
@2F0C 0000000000000001
@2F0D 0000000000000000
@2F0E 0000000000000000
@2F0F 0000000000000000
@2F10 0000000000000000
@2F11 0000000000000001
@2F12 -000000000000001
@2F13 0000000000000002
@2F14 -000000000000002
@2F15 0000000000000001
@2F16 0000000000000000
@2F17 0000000000000000
@2F18 0000000000000000
@2F19 0000000000000000
@2F1A 0000000000000000
@2F1B 0000000000000001
@2F1C 0000000000000000
@2F1D 0000000000000000
@2F1E 0000000000000000
@2F1F 0000000000000000
@2F20 0000000000000000
@2F21 -000000000000002
@2F22 0000000000000000
@2F23 0000000000000000
@2F24 0000000000000000
@2F25 0000000000000000
@2F26 -000000000000001
@2F27 0000000000000001
@2F28 0000000000000001
@2F29 0000000000000000
@2F2A 0000000000000000
@2F2B 0000000000000000
@2F2C 0000000000000000
@2F2D -000000000000001
@2F2E 0000000000000000
@2F2F -000000000000001
@2F30 0000000000000000
@2F31 0000000000000000
@2F32 0000000000000000
@2F33 0000000000000000
@2F34 0000000000000000
@2F35 0000000000000000
@2F36 -000000000000001
@2F37 0000000000000000
@2F38 0000000000000001
@2F39 0000000000000000
@2F3A 0000000000000000
@2F3B 0000000000000001
@2F3C 0000000000000000
@2F3D -000000000000001
@2F3E 0000000000000002
@2F3F 0000000000000000
@2F40 -000000000000001
@2F41 0000000000000000
@2F42 -000000000000001
@2F43 0000000000000000
@2F44 0000000000000000
@2F45 -000000000000001
@2F46 0000000000000001
@2F47 0000000000000001
@2F48 0000000000000000
@2F49 -000000000000001
@2F4A 0000000000000001
@2F4B 0000000000000000
@2F4C 0000000000000001
@2F4D 0000000000000000
@2F4E 0000000000000000
@2F4F 0000000000000000
@2F50 0000000000000000
@2F51 0000000000000001
@2F52 0000000000000000
@2F53 0000000000000000
@2F54 0000000000000000
@2F55 -000000000000001
@2F56 0000000000000000
@2F57 0000000000000000
@2F58 0000000000000000
@2F59 0000000000000000
@2F5A -000000000000001
@2F5B 0000000000000001
@2F5C 0000000000000000
@2F5D 0000000000000000
@2F5E 0000000000000000
@2F5F 0000000000000001
@2F60 0000000000000000
@2F61 0000000000000001
@2F62 -000000000000001
@2F63 -000000000000001
@2F64 0000000000000002
@2F65 0000000000000000
@2F66 0000000000000002
@2F67 0000000000000000
@2F68 0000000000000000
@2F69 0000000000000000
@2F6A 0000000000000000
@2F6B 0000000000000001
@2F6C 0000000000000000
@2F6D 0000000000000000
@2F6E 0000000000000000
@2F6F 0000000000000000
@2F70 0000000000000000
@2F71 -000000000000002
@2F72 -000000000000001
@2F73 0000000000000000
@2F74 0000000000000000
@2F75 0000000000000000
@2F76 0000000000000000
@2F77 -000000000000001
@2F78 0000000000000000
@2F79 0000000000000000
@2F7A 0000000000000001
@2F7B 0000000000000000
@2F7C -000000000000002
@2F7D 0000000000000000
@2F7E 0000000000000000
@2F7F 0000000000000001
@2F80 0000000000000000
@2F81 0000000000000001
@2F82 0000000000000001
@2F83 0000000000000000
@2F84 0000000000000000
@2F85 0000000000000001
@2F86 0000000000000000
@2F87 0000000000000000
@2F88 0000000000000000
@2F89 0000000000000000
@2F8A -000000000000001
@2F8B 0000000000000000
@2F8C 0000000000000000
@2F8D 0000000000000000
@2F8E 0000000000000000
@2F8F -000000000000001
@2F90 -000000000000001
@2F91 0000000000000000
@2F92 -000000000000006
@2F93 0000000000000001
@2F94 0000000000000000
@2F95 -000000000000001
@2F96 0000000000000000
@2F97 0000000000000001
@2F98 0000000000000000
@2F99 0000000000000000
@2F9A 0000000000000000
@2F9B 0000000000000000
@2F9C 0000000000000002
@2F9D 0000000000000000
@2F9E 0000000000000001
@2F9F 0000000000000000
@2FA0 0000000000000000
@2FA1 0000000000000000
@2FA2 0000000000000000
@2FA3 0000000000000000
@2FA4 0000000000000001
@2FA5 0000000000000000
@2FA6 0000000000000000
@2FA7 0000000000000001
@2FA8 0000000000000000
@2FA9 0000000000000000
@2FAA 0000000000000000
@2FAB 0000000000000000
@2FAC 0000000000000000
@2FAD 0000000000000000
@2FAE 0000000000000000
@2FAF 0000000000000000
@2FB0 -000000000000001
@2FB1 0000000000000002
@2FB2 0000000000000000
@2FB3 0000000000000000
@2FB4 0000000000000000
@2FB5 0000000000000000
@2FB6 0000000000000001
@2FB7 0000000000000000
@2FB8 -000000000000003
@2FB9 0000000000000000
@2FBA -000000000000001
@2FBB -000000000000001
@2FBC 0000000000000000
@2FBD 0000000000000000
@2FBE 0000000000000000
@2FBF 0000000000000001
@2FC0 0000000000000000
@2FC1 0000000000000000
@2FC2 -000000000000002
@2FC3 0000000000000000
@2FC4 0000000000000000
@2FC5 -000000000000001
@2FC6 -000000000000001
@2FC7 0000000000000000
@2FC8 0000000000000000
@2FC9 0000000000000000
@2FCA 0000000000000000
@2FCB 0000000000000003
@2FCC 0000000000000002
@2FCD 0000000000000000
@2FCE 0000000000000000
@2FCF -000000000000001
@2FD0 0000000000000001
@2FD1 0000000000000002
@2FD2 0000000000000000
@2FD3 0000000000000003
@2FD4 -000000000000001
@2FD5 0000000000000000
@2FD6 0000000000000000
@2FD7 0000000000000000
@2FD8 -000000000000001
@2FD9 -000000000000001
@2FDA 0000000000000000
@2FDB 0000000000000001
@2FDC 0000000000000000
@2FDD 0000000000000000
@2FDE 0000000000000000
@2FDF 0000000000000000
@2FE0 0000000000000000
@2FE1 -000000000000001
@2FE2 0000000000000000
@2FE3 -000000000000001
@2FE4 0000000000000000
@2FE5 0000000000000000
@2FE6 -000000000000001
@2FE7 0000000000000000
@2FE8 0000000000000002
@2FE9 0000000000000000
@2FEA 0000000000000000
@2FEB 0000000000000000
@2FEC 0000000000000000
@2FED -000000000000001
@2FEE 0000000000000000
@2FEF -000000000000001
@2FF0 0000000000000001
@2FF1 0000000000000000
@2FF2 0000000000000000
@2FF3 0000000000000000
@2FF4 0000000000000000
@2FF5 0000000000000000
@2FF6 -000000000000001
@2FF7 -000000000000001
@2FF8 0000000000000001
@2FF9 0000000000000000
@2FFA -000000000000001
@2FFB 0000000000000001
@2FFC 0000000000000000
@2FFD -000000000000001
@2FFE 0000000000000003
@2FFF 0000000000000000
@3000 -000000000000001
@3001 0000000000000000
@3002 -000000000000002
@3003 0000000000000000
@3004 0000000000000000
@3005 -000000000000001
@3006 0000000000000000
@3007 0000000000000001
@3008 0000000000000000
@3009 0000000000000000
@300A 0000000000000001
@300B 0000000000000000
@300C 0000000000000000
@300D 0000000000000000
@300E 0000000000000000
@300F 0000000000000000
@3010 0000000000000000
@3011 0000000000000000
@3012 0000000000000000
@3013 0000000000000000
@3014 0000000000000000
@3015 -000000000000001
@3016 0000000000000000
@3017 0000000000000000
@3018 0000000000000000
@3019 0000000000000000
@301A 0000000000000000
@301B 0000000000000000
@301C 0000000000000000
@301D 0000000000000000
@301E 0000000000000001
@301F 0000000000000000
@3020 0000000000000000
@3021 0000000000000000
@3022 -000000000000002
@3023 0000000000000000
@3024 0000000000000000
@3025 0000000000000000
@3026 0000000000000002
@3027 0000000000000000
@3028 0000000000000000
@3029 0000000000000000
@302A 0000000000000000
@302B 0000000000000000
@302C 0000000000000000
@302D 0000000000000001
@302E 0000000000000000
@302F 0000000000000000
@3030 0000000000000000
@3031 -000000000000001
@3032 -000000000000001
@3033 0000000000000001
@3034 0000000000000000
@3035 0000000000000000
@3036 0000000000000001
@3037 0000000000000000
@3038 0000000000000000
@3039 0000000000000000
@303A 0000000000000001
@303B 0000000000000001
@303C -000000000000001
@303D 0000000000000000
@303E 0000000000000000
@303F 0000000000000000
@3040 0000000000000000
@3041 0000000000000001
@3042 0000000000000001
@3043 0000000000000000
@3044 0000000000000000
@3045 -000000000000001
@3046 0000000000000000
@3047 0000000000000001
@3048 0000000000000000
@3049 0000000000000001
@304A -000000000000001
@304B 0000000000000000
@304C 0000000000000001
@304D -000000000000001
@304E 0000000000000000
@304F 0000000000000000
@3050 0000000000000001
@3051 0000000000000000
@3052 -000000000000001
@3053 0000000000000001
@3054 0000000000000000
@3055 0000000000000000
@3056 0000000000000000
@3057 0000000000000000
@3058 0000000000000000
@3059 0000000000000000
@305A 0000000000000000
@305B 0000000000000000
@305C 0000000000000001
@305D 0000000000000000
@305E 0000000000000000
@305F 0000000000000000
@3060 0000000000000000
@3061 0000000000000000
@3062 0000000000000000
@3063 0000000000000000
@3064 0000000000000000
@3065 -000000000000001
@3066 0000000000000000
@3067 0000000000000000
@3068 0000000000000000
@3069 0000000000000000
@306A 0000000000000000
@306B 0000000000000000
@306C 0000000000000000
@306D 0000000000000000
@306E 0000000000000001
@306F 0000000000000000
@3070 0000000000000000
@3071 0000000000000002
@3072 0000000000000000
@3073 0000000000000000
@3074 0000000000000000
@3075 0000000000000000
@3076 0000000000000000
@3077 0000000000000001
@3078 0000000000000000
@3079 0000000000000000
@307A 0000000000000000
@307B 0000000000000000
@307C 0000000000000000
@307D -000000000000001
@307E 0000000000000000
@307F 0000000000000000
@3080 0000000000000001
@3081 0000000000000000
@3082 -000000000000001
@3083 0000000000000000
@3084 0000000000000000
@3085 0000000000000000
@3086 -000000000000001
@3087 0000000000000000
@3088 0000000000000000
@3089 0000000000000000
@308A 0000000000000000
@308B 0000000000000002
@308C 0000000000000001
@308D 0000000000000000
@308E -000000000000001
@308F 0000000000000000
@3090 0000000000000000
@3091 0000000000000002
@3092 0000000000000000
@3093 0000000000000001
@3094 0000000000000000
@3095 0000000000000000
@3096 0000000000000001
@3097 0000000000000000
@3098 0000000000000000
@3099 0000000000000000
@309A 0000000000000001
@309B 0000000000000000
@309C 0000000000000000
@309D 0000000000000000
@309E 0000000000000000
@309F 0000000000000000
@30A0 0000000000000000
@30A1 0000000000000000
@30A2 0000000000000000
@30A3 0000000000000000
@30A4 0000000000000000
@30A5 0000000000000000
@30A6 0000000000000000
@30A7 0000000000000000
@30A8 0000000000000000
@30A9 0000000000000000
@30AA 0000000000000000
@30AB 0000000000000000
@30AC 0000000000000000
@30AD -000000000000002
@30AE 0000000000000000
@30AF -000000000000001
@30B0 0000000000000000
@30B1 -000000000000001
@30B2 0000000000000000
@30B3 0000000000000000
@30B4 0000000000000000
@30B5 0000000000000000
@30B6 0000000000000000
@30B7 0000000000000000
@30B8 -000000000000001
@30B9 0000000000000000
@30BA -000000000000002
@30BB 0000000000000000
@30BC 0000000000000000
@30BD -000000000000001
@30BE 0000000000000000
@30BF 0000000000000000
@30C0 0000000000000000
@30C1 -000000000000002
@30C2 -000000000000001
@30C3 0000000000000000
@30C4 0000000000000001
@30C5 -000000000000001
@30C6 -000000000000002
@30C7 0000000000000001
@30C8 0000000000000000
@30C9 0000000000000000
@30CA 0000000000000000
@30CB 0000000000000002
@30CC 0000000000000000
@30CD 0000000000000001
@30CE 0000000000000000
@30CF 0000000000000000
@30D0 -000000000000001
@30D1 -000000000000001
@30D2 0000000000000000
@30D3 0000000000000000
@30D4 0000000000000000
@30D5 -000000000000001
@30D6 0000000000000000
@30D7 0000000000000001
@30D8 0000000000000002
@30D9 0000000000000000
@30DA 0000000000000000
@30DB 0000000000000001
@30DC 0000000000000000
@30DD -000000000000001
@30DE 0000000000000000
@30DF 0000000000000001
@30E0 0000000000000000
@30E1 0000000000000000
@30E2 -000000000000003
@30E3 0000000000000000
@30E4 0000000000000000
@30E5 0000000000000001
@30E6 0000000000000003
@30E7 0000000000000001
@30E8 -000000000000001
@30E9 0000000000000000
@30EA 0000000000000001
@30EB 0000000000000000
@30EC 0000000000000000
@30ED 0000000000000000
@30EE 0000000000000000
@30EF 0000000000000000
@30F0 0000000000000000
@30F1 0000000000000000
@30F2 0000000000000000
@30F3 0000000000000001
@30F4 0000000000000000
@30F5 0000000000000000
@30F6 0000000000000001
@30F7 0000000000000001
@30F8 0000000000000001
@30F9 0000000000000000
@30FA 0000000000000001
@30FB 0000000000000001
@30FC -000000000000002
@30FD -000000000000001
@30FE -000000000000001
@30FF -000000000000002
@3100 0000000000000000
@3101 0000000000000000
@3102 0000000000000000
@3103 -000000000000001
@3104 0000000000000000
@3105 0000000000000000
@3106 0000000000000000
@3107 0000000000000000
@3108 0000000000000000
@3109 0000000000000001
@310A 0000000000000000
@310B 0000000000000000
@310C 0000000000000002
@310D 0000000000000000
@310E 0000000000000000
@310F 0000000000000002
@3110 0000000000000001
@3111 0000000000000000
@3112 0000000000000000
@3113 0000000000000000
@3114 0000000000000000
@3115 0000000000000000
@3116 -000000000000001
@3117 0000000000000000
@3118 0000000000000000
@3119 -000000000000002
@311A 0000000000000001
@311B -000000000000001
@311C 0000000000000003
@311D 0000000000000000
@311E 0000000000000000
@311F 0000000000000000
@3120 0000000000000000
@3121 0000000000000002
@3122 -000000000000002
@3123 -000000000000001
@3124 -000000000000001
@3125 0000000000000000
@3126 0000000000000000
@3127 0000000000000000
@3128 0000000000000000
@3129 -000000000000001
@312A 0000000000000000
@312B -000000000000001
@312C 0000000000000000
@312D 0000000000000000
@312E 0000000000000000
@312F 0000000000000000
@3130 -000000000000001
@3131 0000000000000000
@3132 0000000000000001
@3133 0000000000000000
@3134 0000000000000000
@3135 0000000000000000
@3136 0000000000000000
@3137 0000000000000001
@3138 0000000000000000
@3139 0000000000000000
@313A 0000000000000001
@313B 0000000000000000
@313C 0000000000000001
@313D 0000000000000001
@313E -000000000000002
@313F 0000000000000000
@3140 0000000000000000
@3141 -000000000000002
@3142 0000000000000000
@3143 0000000000000000
@3144 0000000000000000
@3145 -000000000000002
@3146 -000000000000001
@3147 0000000000000000
@3148 0000000000000000
@3149 0000000000000001
@314A -000000000000001
@314B 0000000000000002
@314C 0000000000000000
@314D 0000000000000000
@314E 0000000000000000
@314F 0000000000000000
@3150 -000000000000002
@3151 0000000000000000
@3152 -000000000000001
@3153 0000000000000000
@3154 0000000000000000
@3155 0000000000000000
@3156 0000000000000000
@3157 -000000000000001
@3158 -000000000000001
@3159 0000000000000002
@315A 0000000000000001
@315B -000000000000001
@315C -000000000000001
@315D 0000000000000000
@315E 0000000000000000
@315F 0000000000000000
@3160 -000000000000001
@3161 -000000000000003
@3162 -000000000000001
@3163 0000000000000000
@3164 0000000000000000
@3165 0000000000000000
@3166 0000000000000000
@3167 0000000000000000
@3168 0000000000000000
@3169 0000000000000002
@316A 0000000000000000
@316B 0000000000000000
@316C 0000000000000000
@316D 0000000000000000
@316E 0000000000000000
@316F 0000000000000000
@3170 0000000000000000
@3171 -000000000000001
@3172 -000000000000001
@3173 0000000000000000
@3174 0000000000000000
@3175 0000000000000001
@3176 0000000000000000
@3177 0000000000000000
@3178 -000000000000001
@3179 0000000000000000
@317A -000000000000003
@317B 0000000000000000
@317C 0000000000000001
@317D -000000000000001
@317E -000000000000001
@317F 0000000000000001
@3180 0000000000000000
@3181 -000000000000001
@3182 -000000000000002
@3183 0000000000000000
@3184 0000000000000001
@3185 -000000000000002
@3186 -000000000000002
@3187 0000000000000000
@3188 -000000000000001
@3189 -000000000000001
@318A 0000000000000000
@318B 0000000000000000
@318C 0000000000000000
@318D 0000000000000000
@318E -000000000000001
@318F -000000000000001
@3190 0000000000000000
@3191 0000000000000000
@3192 0000000000000001
@3193 0000000000000000
@3194 0000000000000001
@3195 0000000000000000
@3196 -000000000000001
@3197 0000000000000000
@3198 0000000000000000
@3199 0000000000000000
@319A 0000000000000000
@319B 0000000000000000
@319C 0000000000000000
@319D 0000000000000001
@319E 0000000000000000
@319F 0000000000000000
@31A0 0000000000000000
@31A1 0000000000000000
@31A2 -000000000000001
@31A3 -000000000000002
@31A4 -000000000000001
@31A5 0000000000000000
@31A6 0000000000000002
@31A7 0000000000000000
@31A8 -000000000000002
@31A9 0000000000000000
@31AA -000000000000001
@31AB 0000000000000003
@31AC 0000000000000003
@31AD 0000000000000000
@31AE -000000000000002
@31AF 0000000000000000
@31B0 -000000000000001
@31B1 0000000000000002
@31B2 0000000000000000
@31B3 0000000000000000
@31B4 0000000000000000
@31B5 0000000000000000
@31B6 0000000000000000
@31B7 -000000000000001
@31B8 0000000000000000
@31B9 0000000000000002
@31BA 0000000000000002
@31BB 0000000000000000
@31BC -000000000000001
@31BD 0000000000000000
@31BE 0000000000000000
@31BF -000000000000002
@31C0 0000000000000001
@31C1 0000000000000000
@31C2 0000000000000000
@31C3 0000000000000000
@31C4 0000000000000000
@31C5 0000000000000000
@31C6 0000000000000001
@31C7 0000000000000000
@31C8 0000000000000000
@31C9 0000000000000001
@31CA -000000000000002
@31CB 0000000000000000
@31CC 0000000000000002
@31CD 0000000000000000
@31CE 0000000000000000
@31CF -000000000000002
@31D0 -000000000000001
@31D1 0000000000000000
@31D2 0000000000000003
@31D3 0000000000000000
@31D4 0000000000000000
@31D5 -000000000000001
@31D6 -000000000000002
@31D7 0000000000000000
@31D8 0000000000000000
@31D9 0000000000000000
@31DA -000000000000002
@31DB 0000000000000000
@31DC 0000000000000000
@31DD -000000000000001
@31DE -000000000000001
@31DF 0000000000000000
@31E0 -000000000000001
@31E1 0000000000000003
@31E2 0000000000000001
@31E3 0000000000000001
@31E4 -000000000000003
@31E5 0000000000000000
@31E6 0000000000000000
@31E7 0000000000000000
@31E8 0000000000000000
@31E9 0000000000000002
@31EA 0000000000000001
@31EB 0000000000000000
@31EC 0000000000000000
@31ED -000000000000001
@31EE -000000000000001
@31EF -000000000000001
@31F0 0000000000000000
@31F1 0000000000000003
@31F2 0000000000000000
@31F3 0000000000000000
@31F4 0000000000000000
@31F5 0000000000000000
@31F6 0000000000000000
@31F7 0000000000000000
@31F8 0000000000000001
@31F9 0000000000000001
@31FA 0000000000000001
@31FB 0000000000000000
@31FC 0000000000000002
@31FD -000000000000001
@31FE -000000000000002
@31FF 0000000000000000
@3200 0000000000000001
@3201 0000000000000000
@3202 0000000000000002
@3203 0000000000000000
@3204 0000000000000001
@3205 -000000000000001
@3206 0000000000000000
@3207 0000000000000000
@3208 -000000000000001
@3209 -000000000000001
@320A 0000000000000000
@320B -000000000000002
@320C 0000000000000000
@320D 0000000000000000
@320E 0000000000000000
@320F -000000000000001
@3210 0000000000000000
@3211 0000000000000001
@3212 0000000000000000
@3213 0000000000000000
@3214 -000000000000001
@3215 0000000000000000
@3216 0000000000000001
@3217 0000000000000000
@3218 0000000000000000
@3219 0000000000000000
@321A 0000000000000000
@321B 0000000000000000
@321C 0000000000000002
@321D 0000000000000000
@321E 0000000000000000
@321F 0000000000000000
@3220 0000000000000000
@3221 0000000000000000
@3222 0000000000000000
@3223 -000000000000001
@3224 0000000000000000
@3225 0000000000000000
@3226 -000000000000003
@3227 0000000000000000
@3228 0000000000000002
@3229 0000000000000001
@322A 0000000000000000
@322B 0000000000000000
@322C 0000000000000001
@322D -000000000000001
@322E 0000000000000000
@322F 0000000000000000
@3230 0000000000000000
@3231 -000000000000001
@3232 0000000000000000
@3233 0000000000000000
@3234 0000000000000000
@3235 0000000000000000
@3236 0000000000000000
@3237 0000000000000000
@3238 -000000000000001
@3239 0000000000000001
@323A 0000000000000003
@323B 0000000000000000
@323C 0000000000000000
@323D 0000000000000000
@323E 0000000000000000
@323F 0000000000000000
@3240 0000000000000000
@3241 0000000000000000
@3242 -000000000000001
@3243 0000000000000000
@3244 0000000000000001
@3245 -000000000000002
@3246 0000000000000000
@3247 0000000000000000
@3248 0000000000000000
@3249 -000000000000001
@324A 0000000000000000
@324B 0000000000000000
@324C 0000000000000000
@324D 0000000000000000
@324E 0000000000000000
@324F 0000000000000000
@3250 0000000000000000
@3251 0000000000000000
@3252 0000000000000000
@3253 0000000000000000
@3254 0000000000000001
@3255 0000000000000000
@3256 0000000000000000
@3257 0000000000000000
@3258 0000000000000000
@3259 -000000000000001
@325A 0000000000000000
@325B 0000000000000000
@325C 0000000000000000
@325D 0000000000000000
@325E 0000000000000000
@325F 0000000000000000
@3260 0000000000000000
@3261 0000000000000000
@3262 -000000000000002
@3263 0000000000000000
@3264 0000000000000000
@3265 0000000000000000
@3266 0000000000000002
@3267 0000000000000000
@3268 -000000000000001
@3269 0000000000000000
@326A 0000000000000000
@326B 0000000000000000
@326C 0000000000000000
@326D 0000000000000000
@326E 0000000000000000
@326F 0000000000000000
@3270 0000000000000000
@3271 0000000000000000
@3272 0000000000000000
@3273 0000000000000000
@3274 0000000000000000
@3275 0000000000000000
@3276 0000000000000000
@3277 0000000000000000
@3278 0000000000000000
@3279 0000000000000003
@327A 0000000000000002
@327B 0000000000000000
@327C -000000000000001
@327D 0000000000000000
@327E 0000000000000000
@327F 0000000000000000
@3280 0000000000000000
@3281 0000000000000000
@3282 0000000000000001
@3283 0000000000000000
@3284 0000000000000000
@3285 0000000000000000
@3286 0000000000000000
@3287 0000000000000000
@3288 0000000000000000
@3289 0000000000000001
@328A -000000000000001
@328B 0000000000000000
@328C 0000000000000001
@328D 0000000000000000
@328E 0000000000000000
@328F 0000000000000000
@3290 -000000000000002
@3291 0000000000000000
@3292 0000000000000001
@3293 0000000000000000
@3294 0000000000000000
@3295 0000000000000000
@3296 0000000000000000
@3297 0000000000000000
@3298 0000000000000000
@3299 0000000000000000
@329A 0000000000000000
@329B 0000000000000000
@329C 0000000000000002
@329D 0000000000000000
@329E 0000000000000000
@329F 0000000000000000
@32A0 0000000000000000
@32A1 0000000000000000
@32A2 0000000000000000
@32A3 0000000000000000
@32A4 -000000000000001
@32A5 0000000000000000
@32A6 0000000000000000
@32A7 0000000000000000
@32A8 0000000000000000
@32A9 0000000000000000
@32AA 0000000000000000
@32AB 0000000000000000
@32AC 0000000000000000
@32AD 0000000000000000
@32AE 0000000000000000
@32AF 0000000000000000
@32B0 0000000000000000
@32B1 0000000000000002
@32B2 0000000000000000
@32B3 0000000000000000
@32B4 0000000000000001
@32B5 0000000000000000
@32B6 0000000000000000
@32B7 0000000000000000
@32B8 0000000000000000
@32B9 0000000000000000
@32BA 0000000000000000
@32BB 0000000000000000
@32BC 0000000000000000
@32BD 0000000000000000
@32BE 0000000000000000
@32BF 0000000000000000
@32C0 0000000000000000
@32C1 0000000000000000
@32C2 0000000000000000
@32C3 0000000000000000
@32C4 0000000000000000
@32C5 0000000000000000
@32C6 0000000000000000
@32C7 0000000000000000
@32C8 0000000000000000
@32C9 0000000000000000
@32CA 0000000000000000
@32CB 0000000000000001
@32CC 0000000000000000
@32CD 0000000000000000
@32CE 0000000000000000
@32CF 0000000000000000
@32D0 0000000000000000
@32D1 0000000000000000
@32D2 0000000000000000
@32D3 0000000000000001
@32D4 0000000000000000
@32D5 0000000000000000
@32D6 0000000000000000
@32D7 0000000000000000
@32D8 0000000000000000
@32D9 0000000000000000
@32DA 0000000000000000
@32DB 0000000000000000
@32DC 0000000000000000
@32DD 0000000000000000
@32DE 0000000000000000
@32DF 0000000000000000
@32E0 0000000000000000
@32E1 0000000000000000
@32E2 0000000000000000
@32E3 -000000000000001
@32E4 0000000000000000
@32E5 0000000000000000
@32E6 0000000000000000
@32E7 0000000000000000
@32E8 0000000000000000
@32E9 0000000000000000
@32EA 0000000000000000
@32EB 0000000000000000
@32EC 0000000000000000
@32ED -000000000000002
@32EE 0000000000000000
@32EF 0000000000000000
@32F0 0000000000000000
@32F1 0000000000000000
@32F2 0000000000000000
@32F3 0000000000000000
@32F4 0000000000000000
@32F5 0000000000000000
@32F6 0000000000000000
@32F7 0000000000000000
@32F8 0000000000000000
@32F9 0000000000000000
@32FA 0000000000000000
@32FB 0000000000000000
@32FC 0000000000000000
@32FD -000000000000001
@32FE 0000000000000000
@32FF 0000000000000000
@3300 0000000000000000
@3301 0000000000000000
@3302 -000000000000001
@3303 0000000000000000
@3304 0000000000000001
@3305 -000000000000002
@3306 0000000000000000
@3307 0000000000000000
@3308 0000000000000000
@3309 -000000000000001
@330A 0000000000000000
@330B 0000000000000000
@330C 0000000000000000
@330D 0000000000000000
@330E 0000000000000000
@330F 0000000000000000
@3310 0000000000000000
@3311 0000000000000000
@3312 0000000000000000
@3313 0000000000000000
@3314 0000000000000001
@3315 0000000000000000
@3316 0000000000000000
@3317 0000000000000000
@3318 0000000000000001
@3319 -000000000000001
@331A 0000000000000000
@331B 0000000000000000
@331C 0000000000000000
@331D -000000000000001
@331E 0000000000000000
@331F 0000000000000000
@3320 0000000000000000
@3321 0000000000000000
@3322 -000000000000001
@3323 0000000000000000
@3324 0000000000000000
@3325 0000000000000000
@3326 0000000000000002
@3327 0000000000000000
@3328 -000000000000001
@3329 0000000000000000
@332A 0000000000000000
@332B 0000000000000000
@332C 0000000000000000
@332D 0000000000000000
@332E 0000000000000000
@332F 0000000000000000
@3330 0000000000000000
@3331 0000000000000000
@3332 0000000000000000
@3333 0000000000000000
@3334 0000000000000000
@3335 0000000000000000
@3336 0000000000000000
@3337 0000000000000000
@3338 0000000000000000
@3339 0000000000000001
@333A 0000000000000002
@333B 0000000000000000
@333C -000000000000001
@333D 0000000000000000
@333E 0000000000000000
@333F 0000000000000000
@3340 0000000000000000
@3341 0000000000000000
@3342 0000000000000000
@3343 0000000000000000
@3344 0000000000000000
@3345 0000000000000000
@3346 0000000000000000
@3347 0000000000000000
@3348 0000000000000000
@3349 0000000000000001
@334A -000000000000001
@334B 0000000000000000
@334C 0000000000000001
@334D 0000000000000000
@334E 0000000000000000
@334F 0000000000000000
@3350 -000000000000002
@3351 0000000000000000
@3352 0000000000000001
@3353 0000000000000000
@3354 0000000000000000
@3355 0000000000000000
@3356 0000000000000000
@3357 0000000000000000
@3358 0000000000000000
@3359 0000000000000000
@335A 0000000000000000
@335B 0000000000000000
@335C 0000000000000002
@335D 0000000000000000
@335E 0000000000000000
@335F 0000000000000000
@3360 0000000000000000
@3361 0000000000000000
@3362 0000000000000000
@3363 0000000000000000
@3364 -000000000000001
@3365 0000000000000000
@3366 0000000000000000
@3367 0000000000000000
@3368 0000000000000000
@3369 0000000000000000
@336A 0000000000000000
@336B 0000000000000000
@336C 0000000000000000
@336D 0000000000000000
@336E 0000000000000000
@336F 0000000000000000
@3370 0000000000000000
@3371 0000000000000002
@3372 0000000000000000
@3373 0000000000000000
@3374 0000000000000001
@3375 0000000000000000
@3376 0000000000000000
@3377 0000000000000000
@3378 0000000000000000
@3379 0000000000000000
@337A 0000000000000000
@337B 0000000000000000
@337C 0000000000000000
@337D 0000000000000000
@337E 0000000000000000
@337F 0000000000000000
@3380 0000000000000000
@3381 0000000000000000
@3382 0000000000000000
@3383 0000000000000000
@3384 0000000000000000
@3385 0000000000000000
@3386 0000000000000000
@3387 0000000000000000
@3388 0000000000000000
@3389 0000000000000000
@338A 0000000000000000
@338B 0000000000000001
@338C 0000000000000000
@338D 0000000000000000
@338E 0000000000000000
@338F 0000000000000000
@3390 0000000000000000
@3391 0000000000000000
@3392 0000000000000000
@3393 0000000000000001
@3394 0000000000000000
@3395 0000000000000000
@3396 0000000000000000
@3397 0000000000000000
@3398 0000000000000000
@3399 0000000000000000
@339A 0000000000000000
@339B 0000000000000000
@339C 0000000000000000
@339D 0000000000000000
@339E 0000000000000000
@339F 0000000000000000
@33A0 0000000000000000
@33A1 0000000000000000
@33A2 0000000000000000
@33A3 0000000000000000
@33A4 0000000000000000
@33A5 0000000000000000
@33A6 0000000000000000
@33A7 0000000000000000
@33A8 0000000000000000
@33A9 0000000000000000
@33AA 0000000000000000
@33AB 0000000000000000
@33AC 0000000000000000
@33AD -000000000000002
@33AE 0000000000000000
@33AF 0000000000000000
@33B0 0000000000000000
@33B1 0000000000000000
@33B2 0000000000000000
@33B3 0000000000000000
@33B4 0000000000000000
@33B5 0000000000000000
@33B6 -000000000000001
@33B7 0000000000000000
@33B8 0000000000000000
@33B9 0000000000000000
@33BA 0000000000000001
@33BB 0000000000000000
@33BC 0000000000000000
@33BD -000000000000001
@33BE 0000000000000000
@33BF 0000000000000000
@33C0 0000000000000000
@33C1 0000000000000000
@33C2 -000000000000001
@33C3 0000000000000000
@33C4 0000000000000001
@33C5 -000000000000002
@33C6 0000000000000000
@33C7 0000000000000000
@33C8 0000000000000000
@33C9 -000000000000001
@33CA 0000000000000000
@33CB 0000000000000000
@33CC 0000000000000000
@33CD 0000000000000000
@33CE 0000000000000000
@33CF 0000000000000000
@33D0 0000000000000000
@33D1 0000000000000000
@33D2 0000000000000000
@33D3 0000000000000000
@33D4 0000000000000001
@33D5 0000000000000000
@33D6 0000000000000000
@33D7 0000000000000000
@33D8 0000000000000001
@33D9 0000000000000000
@33DA 0000000000000000
@33DB 0000000000000000
@33DC 0000000000000000
@33DD 0000000000000000
@33DE 0000000000000000
@33DF 0000000000000000
@33E0 0000000000000000
@33E1 0000000000000000
@33E2 -000000000000001
@33E3 0000000000000000
@33E4 0000000000000000
@33E5 0000000000000000
@33E6 0000000000000002
@33E7 0000000000000000
@33E8 -000000000000001
@33E9 0000000000000000
@33EA 0000000000000000
@33EB 0000000000000000
@33EC 0000000000000000
@33ED 0000000000000000
@33EE 0000000000000000
@33EF 0000000000000000
@33F0 0000000000000000
@33F1 0000000000000000
@33F2 0000000000000000
@33F3 0000000000000001
@33F4 0000000000000000
@33F5 0000000000000000
@33F6 0000000000000000
@33F7 0000000000000000
@33F8 0000000000000000
@33F9 0000000000000000
@33FA 0000000000000002
@33FB 0000000000000000
@33FC -000000000000001
@33FD 0000000000000000
@33FE 0000000000000000
@33FF 0000000000000000
@3400 0000000000000000
@3401 0000000000000000
@3402 0000000000000000
@3403 0000000000000000
@3404 0000000000000000
@3405 0000000000000000
@3406 0000000000000000
@3407 0000000000000000
@3408 0000000000000000
@3409 0000000000000001
@340A -000000000000001
@340B 0000000000000000
@340C 0000000000000001
@340D 0000000000000000
@340E 0000000000000000
@340F 0000000000000000
@3410 -000000000000001
@3411 0000000000000000
@3412 0000000000000000
@3413 0000000000000000
@3414 0000000000000000
@3415 0000000000000000
@3416 0000000000000000
@3417 0000000000000000
@3418 0000000000000000
@3419 0000000000000000
@341A 0000000000000000
@341B 0000000000000000
@341C 0000000000000002
@341D 0000000000000000
@341E 0000000000000000
@341F 0000000000000000
@3420 0000000000000000
@3421 0000000000000000
@3422 0000000000000000
@3423 0000000000000000
@3424 -000000000000001
@3425 0000000000000000
@3426 0000000000000000
@3427 0000000000000000
@3428 0000000000000000
@3429 0000000000000000
@342A 0000000000000000
@342B 0000000000000000
@342C 0000000000000000
@342D 0000000000000000
@342E 0000000000000000
@342F 0000000000000000
@3430 0000000000000000
@3431 0000000000000002
@3432 0000000000000000
@3433 0000000000000000
@3434 0000000000000000
@3435 0000000000000000
@3436 0000000000000000
@3437 0000000000000000
@3438 0000000000000000
@3439 0000000000000000
@343A 0000000000000000
@343B 0000000000000000
@343C 0000000000000000
@343D 0000000000000000
@343E 0000000000000000
@343F 0000000000000000
@3440 0000000000000000
@3441 0000000000000000
@3442 0000000000000000
@3443 0000000000000000
@3444 0000000000000000
@3445 0000000000000000
@3446 0000000000000000
@3447 0000000000000000
@3448 0000000000000000
@3449 0000000000000000
@344A 0000000000000000
@344B 0000000000000001
@344C 0000000000000000
@344D 0000000000000000
@344E 0000000000000000
@344F 0000000000000000
@3450 0000000000000000
@3451 0000000000000000
@3452 0000000000000000
@3453 0000000000000001
@3454 0000000000000000
@3455 0000000000000000
@3456 0000000000000000
@3457 0000000000000000
@3458 0000000000000000
@3459 0000000000000000
@345A 0000000000000000
@345B 0000000000000000
@345C 0000000000000000
@345D 0000000000000000
@345E 0000000000000000
@345F 0000000000000000
@3460 0000000000000000
@3461 0000000000000000
@3462 0000000000000000
@3463 0000000000000000
@3464 0000000000000000
@3465 0000000000000000
@3466 0000000000000000
@3467 0000000000000000
@3468 0000000000000000
@3469 0000000000000000
@346A 0000000000000000
@346B 0000000000000000
@346C 0000000000000000
@346D -000000000000002
@346E 0000000000000000
@346F 0000000000000000
@3470 0000000000000000
@3471 0000000000000000
@3472 0000000000000000
@3473 0000000000000000
@3474 0000000000000000
@3475 0000000000000000
@3476 -000000000000001
@3477 0000000000000000
@3478 0000000000000001
@3479 0000000000000000
@347A 0000000000000001
@347B 0000000000000000
@347C 0000000000000000
@347D -000000000000001
@347E 0000000000000000
@347F 0000000000000000
@3480 0000000000000000
@3481 0000000000000000
@3482 -000000000000002
@3483 0000000000000000
@3484 0000000000000001
@3485 -000000000000002
@3486 0000000000000000
@3487 0000000000000000
@3488 0000000000000000
@3489 -000000000000001
@348A 0000000000000000
@348B 0000000000000000
@348C 0000000000000000
@348D 0000000000000000
@348E 0000000000000000
@348F 0000000000000000
@3490 0000000000000000
@3491 0000000000000000
@3492 0000000000000000
@3493 0000000000000000
@3494 0000000000000001
@3495 0000000000000000
@3496 0000000000000000
@3497 0000000000000000
@3498 0000000000000001
@3499 0000000000000000
@349A 0000000000000000
@349B 0000000000000000
@349C 0000000000000000
@349D 0000000000000000
@349E 0000000000000000
@349F 0000000000000000
@34A0 0000000000000000
@34A1 0000000000000000
@34A2 -000000000000001
@34A3 0000000000000000
@34A4 0000000000000000
@34A5 0000000000000000
@34A6 0000000000000002
@34A7 0000000000000000
@34A8 -000000000000001
@34A9 0000000000000000
@34AA 0000000000000000
@34AB 0000000000000000
@34AC 0000000000000000
@34AD 0000000000000000
@34AE 0000000000000000
@34AF 0000000000000000
@34B0 0000000000000000
@34B1 0000000000000000
@34B2 0000000000000000
@34B3 0000000000000001
@34B4 0000000000000000
@34B5 0000000000000000
@34B6 0000000000000000
@34B7 0000000000000000
@34B8 0000000000000000
@34B9 0000000000000000
@34BA 0000000000000002
@34BB 0000000000000000
@34BC 0000000000000000
@34BD 0000000000000000
@34BE 0000000000000000
@34BF 0000000000000000
@34C0 0000000000000000
@34C1 0000000000000000
@34C2 0000000000000000
@34C3 0000000000000000
@34C4 0000000000000000
@34C5 0000000000000000
@34C6 0000000000000000
@34C7 0000000000000000
@34C8 0000000000000000
@34C9 0000000000000001
@34CA -000000000000001
@34CB 0000000000000000
@34CC 0000000000000001
@34CD 0000000000000000
@34CE 0000000000000000
@34CF 0000000000000000
@34D0 -000000000000001
@34D1 0000000000000000
@34D2 0000000000000000
@34D3 0000000000000000
@34D4 0000000000000000
@34D5 0000000000000000
@34D6 0000000000000000
@34D7 0000000000000000
@34D8 0000000000000000
@34D9 0000000000000000
@34DA 0000000000000000
@34DB 0000000000000000
@34DC 0000000000000001
@34DD 0000000000000000
@34DE 0000000000000000
@34DF 0000000000000000
@34E0 0000000000000000
@34E1 0000000000000000
@34E2 0000000000000000
@34E3 0000000000000000
@34E4 0000000000000000
@34E5 0000000000000000
@34E6 0000000000000000
@34E7 0000000000000000
@34E8 0000000000000000
@34E9 0000000000000000
@34EA 0000000000000000
@34EB 0000000000000000
@34EC 0000000000000000
@34ED 0000000000000000
@34EE 0000000000000000
@34EF 0000000000000000
@34F0 0000000000000000
@34F1 0000000000000003
@34F2 0000000000000000
@34F3 0000000000000000
@34F4 0000000000000000
@34F5 0000000000000000
@34F6 0000000000000000
@34F7 0000000000000001
@34F8 0000000000000000
@34F9 0000000000000000
@34FA 0000000000000000
@34FB 0000000000000000
@34FC 0000000000000000
@34FD 0000000000000000
@34FE 0000000000000000
@34FF 0000000000000000
@3500 0000000000000000
@3501 0000000000000000
@3502 0000000000000000
@3503 0000000000000000
@3504 0000000000000000
@3505 0000000000000000
@3506 0000000000000000
@3507 0000000000000000
@3508 0000000000000000
@3509 0000000000000000
@350A 0000000000000000
@350B 0000000000000001
@350C 0000000000000000
@350D 0000000000000000
@350E 0000000000000000
@350F 0000000000000000
@3510 0000000000000000
@3511 0000000000000000
@3512 0000000000000000
@3513 0000000000000001
@3514 0000000000000000
@3515 0000000000000000
@3516 0000000000000000
@3517 0000000000000000
@3518 0000000000000000
@3519 0000000000000000
@351A 0000000000000000
@351B 0000000000000000
@351C 0000000000000000
@351D 0000000000000000
@351E 0000000000000000
@351F 0000000000000000
@3520 0000000000000000
@3521 -000000000000001
@3522 0000000000000000
@3523 0000000000000000
@3524 0000000000000000
@3525 0000000000000000
@3526 0000000000000000
@3527 0000000000000000
@3528 0000000000000000
@3529 0000000000000000
@352A 0000000000000000
@352B 0000000000000000
@352C 0000000000000000
@352D -000000000000001
@352E 0000000000000000
@352F 0000000000000000
@3530 0000000000000000
@3531 0000000000000000
@3532 0000000000000000
@3533 0000000000000000
@3534 0000000000000000
@3535 0000000000000000
@3536 -000000000000001
@3537 0000000000000000
@3538 0000000000000001
@3539 0000000000000000
@353A 0000000000000001
@353B 0000000000000000
@353C 0000000000000000
@353D 0000000000000000
@353E 0000000000000000
@353F 0000000000000000
@3540 0000000000000000
@3541 0000000000000000
@3542 -000000000000002
@3543 0000000000000000
@3544 0000000000000001
@3545 -000000000000002
@3546 0000000000000000
@3547 0000000000000000
@3548 0000000000000000
@3549 -000000000000001
@354A 0000000000000000
@354B 0000000000000000
@354C 0000000000000000
@354D 0000000000000000
@354E 0000000000000000
@354F 0000000000000000
@3550 0000000000000000
@3551 0000000000000000
@3552 0000000000000000
@3553 0000000000000000
@3554 0000000000000001
@3555 0000000000000000
@3556 0000000000000000
@3557 0000000000000000
@3558 0000000000000001
@3559 0000000000000000
@355A 0000000000000000
@355B 0000000000000000
@355C 0000000000000000
@355D 0000000000000000
@355E 0000000000000000
@355F 0000000000000000
@3560 0000000000000000
@3561 0000000000000000
@3562 -000000000000001
@3563 0000000000000000
@3564 0000000000000000
@3565 0000000000000000
@3566 0000000000000002
@3567 0000000000000000
@3568 -000000000000001
@3569 0000000000000000
@356A 0000000000000000
@356B 0000000000000001
@356C 0000000000000000
@356D 0000000000000000
@356E 0000000000000000
@356F 0000000000000000
@3570 0000000000000000
@3571 0000000000000000
@3572 0000000000000000
@3573 0000000000000001
@3574 0000000000000000
@3575 0000000000000000
@3576 -000000000000001
@3577 0000000000000000
@3578 0000000000000000
@3579 0000000000000000
@357A 0000000000000002
@357B 0000000000000000
@357C 0000000000000000
@357D 0000000000000000
@357E 0000000000000000
@357F 0000000000000000
@3580 0000000000000000
@3581 0000000000000000
@3582 0000000000000000
@3583 0000000000000000
@3584 0000000000000000
@3585 0000000000000000
@3586 0000000000000000
@3587 0000000000000000
@3588 0000000000000000
@3589 0000000000000001
@358A -000000000000001
@358B 0000000000000000
@358C 0000000000000001
@358D 0000000000000000
@358E 0000000000000000
@358F 0000000000000000
@3590 -000000000000001
@3591 0000000000000000
@3592 0000000000000000
@3593 0000000000000000
@3594 0000000000000000
@3595 0000000000000000
@3596 0000000000000000
@3597 0000000000000000
@3598 0000000000000000
@3599 0000000000000000
@359A 0000000000000000
@359B 0000000000000000
@359C 0000000000000001
@359D 0000000000000000
@359E 0000000000000000
@359F 0000000000000000
@35A0 0000000000000000
@35A1 0000000000000000
@35A2 -000000000000001
@35A3 0000000000000000
@35A4 0000000000000000
@35A5 0000000000000000
@35A6 0000000000000000
@35A7 0000000000000000
@35A8 0000000000000000
@35A9 0000000000000000
@35AA 0000000000000000
@35AB 0000000000000000
@35AC 0000000000000000
@35AD 0000000000000000
@35AE 0000000000000000
@35AF 0000000000000000
@35B0 0000000000000000
@35B1 0000000000000003
@35B2 0000000000000000
@35B3 0000000000000000
@35B4 0000000000000000
@35B5 0000000000000000
@35B6 0000000000000000
@35B7 0000000000000001
@35B8 0000000000000000
@35B9 0000000000000000
@35BA 0000000000000000
@35BB 0000000000000000
@35BC 0000000000000000
@35BD 0000000000000000
@35BE 0000000000000000
@35BF 0000000000000000
@35C0 0000000000000000
@35C1 0000000000000000
@35C2 0000000000000000
@35C3 0000000000000000
@35C4 0000000000000000
@35C5 0000000000000000
@35C6 0000000000000000
@35C7 0000000000000000
@35C8 0000000000000000
@35C9 0000000000000000
@35CA 0000000000000000
@35CB 0000000000000001
@35CC 0000000000000000
@35CD 0000000000000000
@35CE 0000000000000000
@35CF 0000000000000000
@35D0 0000000000000000
@35D1 0000000000000000
@35D2 0000000000000000
@35D3 0000000000000001
@35D4 0000000000000000
@35D5 0000000000000000
@35D6 0000000000000000
@35D7 0000000000000000
@35D8 0000000000000000
@35D9 0000000000000000
@35DA 0000000000000000
@35DB 0000000000000000
@35DC 0000000000000000
@35DD 0000000000000000
@35DE 0000000000000000
@35DF 0000000000000000
@35E0 0000000000000000
@35E1 0000000000000000
@35E2 0000000000000000
@35E3 0000000000000000
@35E4 0000000000000000
@35E5 0000000000000000
@35E6 0000000000000000
@35E7 0000000000000000
@35E8 0000000000000000
@35E9 0000000000000000
@35EA 0000000000000000
@35EB 0000000000000000
@35EC 0000000000000000
@35ED -000000000000001
@35EE 0000000000000000
@35EF 0000000000000000
@35F0 0000000000000000
@35F1 0000000000000000
@35F2 0000000000000000
@35F3 0000000000000000
@35F4 0000000000000000
@35F5 0000000000000000
@35F6 -000000000000001
@35F7 0000000000000000
@35F8 0000000000000002
@35F9 0000000000000000
@35FA 0000000000000001
@35FB 0000000000000000
@35FC 0000000000000000
@35FD 0000000000000000
@35FE 0000000000000000
@35FF 0000000000000000
@3600 0000000000000000
@3601 0000000000000000
@3602 0000000000000000
@3603 0000000000000000
@3604 0000000000000001
@3605 -000000000000001
@3606 0000000000000000
@3607 0000000000000001
@3608 0000000000000000
@3609 0000000000000000
@360A 0000000000000000
@360B 0000000000000000
@360C 0000000000000000
@360D 0000000000000000
@360E 0000000000000000
@360F 0000000000000000
@3610 0000000000000000
@3611 -000000000000001
@3612 -000000000000001
@3613 0000000000000000
@3614 0000000000000001
@3615 0000000000000000
@3616 0000000000000000
@3617 0000000000000000
@3618 0000000000000002
@3619 -000000000000001
@361A 0000000000000000
@361B 0000000000000000
@361C 0000000000000000
@361D 0000000000000000
@361E 0000000000000000
@361F 0000000000000000
@3620 0000000000000000
@3621 0000000000000000
@3622 -000000000000001
@3623 0000000000000000
@3624 0000000000000000
@3625 0000000000000000
@3626 0000000000000003
@3627 0000000000000000
@3628 -000000000000001
@3629 0000000000000000
@362A -000000000000001
@362B 0000000000000000
@362C 0000000000000000
@362D 0000000000000000
@362E 0000000000000000
@362F 0000000000000001
@3630 0000000000000000
@3631 0000000000000000
@3632 0000000000000000
@3633 0000000000000001
@3634 0000000000000000
@3635 0000000000000000
@3636 0000000000000000
@3637 -000000000000001
@3638 0000000000000000
@3639 -000000000000001
@363A 0000000000000002
@363B 0000000000000000
@363C 0000000000000000
@363D 0000000000000000
@363E 0000000000000000
@363F 0000000000000000
@3640 0000000000000000
@3641 0000000000000000
@3642 0000000000000000
@3643 0000000000000000
@3644 -000000000000001
@3645 -000000000000001
@3646 0000000000000000
@3647 0000000000000000
@3648 0000000000000000
@3649 0000000000000001
@364A 0000000000000001
@364B 0000000000000000
@364C 0000000000000000
@364D -000000000000002
@364E 0000000000000002
@364F 0000000000000000
@3650 -000000000000001
@3651 0000000000000000
@3652 0000000000000000
@3653 0000000000000000
@3654 0000000000000000
@3655 0000000000000000
@3656 0000000000000000
@3657 0000000000000000
@3658 0000000000000000
@3659 -000000000000001
@365A 0000000000000000
@365B 0000000000000000
@365C 0000000000000002
@365D -000000000000001
@365E 0000000000000000
@365F 0000000000000000
@3660 0000000000000000
@3661 0000000000000000
@3662 -000000000000001
@3663 0000000000000000
@3664 0000000000000000
@3665 0000000000000000
@3666 0000000000000000
@3667 0000000000000000
@3668 0000000000000000
@3669 0000000000000000
@366A 0000000000000000
@366B 0000000000000000
@366C -000000000000001
@366D 0000000000000000
@366E -000000000000001
@366F 0000000000000000
@3670 -000000000000001
@3671 0000000000000001
@3672 0000000000000000
@3673 0000000000000000
@3674 0000000000000000
@3675 0000000000000000
@3676 0000000000000000
@3677 0000000000000000
@3678 0000000000000000
@3679 0000000000000000
@367A 0000000000000000
@367B 0000000000000000
@367C 0000000000000000
@367D -000000000000001
@367E 0000000000000000
@367F 0000000000000000
@3680 0000000000000000
@3681 0000000000000000
@3682 0000000000000000
@3683 0000000000000000
@3684 0000000000000000
@3685 0000000000000000
@3686 0000000000000000
@3687 0000000000000000
@3688 0000000000000000
@3689 0000000000000000
@368A 0000000000000000
@368B 0000000000000000
@368C 0000000000000000
@368D 0000000000000000
@368E -000000000000001
@368F 0000000000000000
@3690 -000000000000001
@3691 0000000000000000
@3692 0000000000000000
@3693 0000000000000001
@3694 0000000000000000
@3695 0000000000000000
@3696 0000000000000000
@3697 0000000000000000
@3698 0000000000000000
@3699 0000000000000000
@369A 0000000000000000
@369B 0000000000000001
@369C 0000000000000000
@369D 0000000000000000
@369E 0000000000000000
@369F 0000000000000000
@36A0 0000000000000000
@36A1 -000000000000001
@36A2 0000000000000000
@36A3 0000000000000000
@36A4 0000000000000000
@36A5 0000000000000000
@36A6 -000000000000001
@36A7 0000000000000000
@36A8 0000000000000001
@36A9 0000000000000000
@36AA 0000000000000000
@36AB 0000000000000000
@36AC 0000000000000000
@36AD -000000000000001
@36AE 0000000000000000
@36AF 0000000000000001
@36B0 0000000000000000
@36B1 0000000000000000
@36B2 0000000000000000
@36B3 0000000000000000
@36B4 0000000000000000
@36B5 0000000000000001
@36B6 -000000000000001
@36B7 0000000000000000
@36B8 0000000000000003
@36B9 0000000000000000
@36BA 0000000000000000
@36BB 0000000000000003
@36BC 0000000000000000
@36BD 0000000000000000
@36BE 0000000000000003
@36BF 0000000000000001
@36C0 0000000000000000
@36C1 0000000000000000
@36C2 -000000000000002
@36C3 0000000000000000
@36C4 0000000000000001
@36C5 -000000000000001
@36C6 -000000000000001
@36C7 0000000000000000
@36C8 0000000000000000
@36C9 -000000000000002
@36CA -000000000000001
@36CB 0000000000000000
@36CC -000000000000001
@36CD 0000000000000000
@36CE 0000000000000000
@36CF 0000000000000000
@36D0 0000000000000000
@36D1 0000000000000000
@36D2 0000000000000000
@36D3 0000000000000000
@36D4 0000000000000000
@36D5 -000000000000001
@36D6 0000000000000000
@36D7 0000000000000001
@36D8 0000000000000000
@36D9 -000000000000001
@36DA 0000000000000000
@36DB 0000000000000000
@36DC 0000000000000000
@36DD -000000000000001
@36DE 0000000000000001
@36DF -000000000000001
@36E0 0000000000000000
@36E1 0000000000000000
@36E2 -000000000000001
@36E3 0000000000000000
@36E4 0000000000000001
@36E5 0000000000000000
@36E6 0000000000000002
@36E7 0000000000000000
@36E8 0000000000000000
@36E9 0000000000000000
@36EA -000000000000001
@36EB 0000000000000002
@36EC 0000000000000001
@36ED 0000000000000000
@36EE 0000000000000001
@36EF -000000000000001
@36F0 0000000000000000
@36F1 0000000000000000
@36F2 0000000000000000
@36F3 0000000000000001
@36F4 0000000000000000
@36F5 0000000000000000
@36F6 0000000000000000
@36F7 0000000000000000
@36F8 -000000000000001
@36F9 -000000000000002
@36FA 0000000000000002
@36FB 0000000000000000
@36FC 0000000000000000
@36FD 0000000000000000
@36FE 0000000000000000
@36FF 0000000000000000
@3700 -000000000000002
@3701 0000000000000001
@3702 0000000000000001
@3703 0000000000000002
@3704 0000000000000000
@3705 0000000000000000
@3706 0000000000000000
@3707 0000000000000001
@3708 0000000000000000
@3709 0000000000000001
@370A -000000000000002
@370B 0000000000000000
@370C 0000000000000001
@370D 0000000000000000
@370E -000000000000001
@370F 0000000000000001
@3710 0000000000000000
@3711 0000000000000000
@3712 -000000000000001
@3713 0000000000000000
@3714 0000000000000000
@3715 0000000000000000
@3716 -000000000000001
@3717 0000000000000001
@3718 0000000000000000
@3719 0000000000000000
@371A 0000000000000001
@371B 0000000000000000
@371C 0000000000000000
@371D 0000000000000000
@371E 0000000000000001
@371F 0000000000000000
@3720 0000000000000000
@3721 0000000000000001
@3722 0000000000000000
@3723 0000000000000001
@3724 -000000000000001
@3725 -000000000000001
@3726 0000000000000001
@3727 0000000000000001
@3728 0000000000000000
@3729 0000000000000002
@372A 0000000000000002
@372B 0000000000000000
@372C -000000000000001
@372D 0000000000000000
@372E 0000000000000000
@372F 0000000000000000
@3730 0000000000000000
@3731 0000000000000004
@3732 0000000000000000
@3733 0000000000000000
@3734 0000000000000000
@3735 0000000000000000
@3736 0000000000000001
@3737 0000000000000000
@3738 0000000000000000
@3739 0000000000000000
@373A -000000000000001
@373B 0000000000000000
@373C 0000000000000001
@373D 0000000000000000
@373E -000000000000001
@373F 0000000000000000
@3740 0000000000000000
@3741 -000000000000002
@3742 0000000000000002
@3743 0000000000000000
@3744 0000000000000000
@3745 -000000000000002
@3746 0000000000000000
@3747 0000000000000000
@3748 0000000000000000
@3749 0000000000000001
@374A 0000000000000000
@374B 0000000000000001
@374C 0000000000000001
@374D 0000000000000000
@374E 0000000000000000
@374F 0000000000000001
@3750 0000000000000000
@3751 0000000000000001
@3752 0000000000000000
@3753 0000000000000001
@3754 0000000000000000
@3755 0000000000000001
@3756 0000000000000000
@3757 0000000000000000
@3758 0000000000000000
@3759 0000000000000000
@375A 0000000000000001
@375B 0000000000000000
@375C 0000000000000000
@375D 0000000000000000
@375E 0000000000000001
@375F 0000000000000000
@3760 0000000000000001
@3761 0000000000000000
@3762 0000000000000000
@3763 0000000000000000
@3764 0000000000000000
@3765 0000000000000000
@3766 0000000000000000
@3767 0000000000000000
@3768 0000000000000000
@3769 0000000000000000
@376A 0000000000000000
@376B -000000000000001
@376C 0000000000000000
@376D -000000000000001
@376E 0000000000000000
@376F 0000000000000000
@3770 0000000000000000
@3771 0000000000000000
@3772 -000000000000001
@3773 0000000000000000
@3774 0000000000000000
@3775 0000000000000000
@3776 0000000000000000
@3777 0000000000000000
@3778 0000000000000000
@3779 0000000000000000
@377A 0000000000000000
@377B -000000000000001
@377C 0000000000000001
@377D -000000000000001
@377E -000000000000002
@377F 0000000000000001
@3780 0000000000000000
@3781 0000000000000000
@3782 -000000000000002
@3783 0000000000000000
@3784 0000000000000000
@3785 -000000000000002
@3786 0000000000000000
@3787 0000000000000000
@3788 0000000000000000
@3789 0000000000000000
@378A 0000000000000001
@378B 0000000000000000
@378C 0000000000000000
@378D 0000000000000000
@378E 0000000000000000
@378F 0000000000000000
@3790 0000000000000000
@3791 0000000000000000
@3792 0000000000000000
@3793 0000000000000000
@3794 0000000000000000
@3795 -000000000000001
@3796 0000000000000000
@3797 0000000000000000
@3798 0000000000000000
@3799 0000000000000001
@379A 0000000000000000
@379B 0000000000000000
@379C 0000000000000000
@379D 0000000000000000
@379E 0000000000000000
@379F 0000000000000000
@37A0 0000000000000001
@37A1 0000000000000000
@37A2 -000000000000001
@37A3 0000000000000000
@37A4 0000000000000000
@37A5 0000000000000000
@37A6 0000000000000001
@37A7 0000000000000000
@37A8 -000000000000001
@37A9 0000000000000000
@37AA 0000000000000000
@37AB 0000000000000001
@37AC 0000000000000000
@37AD 0000000000000000
@37AE -000000000000001
@37AF 0000000000000000
@37B0 0000000000000000
@37B1 0000000000000000
@37B2 0000000000000000
@37B3 0000000000000001
@37B4 0000000000000000
@37B5 0000000000000000
@37B6 0000000000000000
@37B7 0000000000000000
@37B8 0000000000000000
@37B9 0000000000000000
@37BA 0000000000000001
@37BB 0000000000000000
@37BC -000000000000001
@37BD 0000000000000000
@37BE 0000000000000000
@37BF 0000000000000000
@37C0 0000000000000000
@37C1 0000000000000000
@37C2 0000000000000001
@37C3 0000000000000000
@37C4 0000000000000000
@37C5 0000000000000000
@37C6 0000000000000000
@37C7 0000000000000000
@37C8 0000000000000000
@37C9 0000000000000001
@37CA -000000000000002
@37CB 0000000000000000
@37CC 0000000000000001
@37CD 0000000000000000
@37CE 0000000000000000
@37CF 0000000000000000
@37D0 0000000000000000
@37D1 0000000000000000
@37D2 -000000000000001
@37D3 0000000000000000
@37D4 0000000000000000
@37D5 0000000000000000
@37D6 0000000000000000
@37D7 0000000000000000
@37D8 0000000000000000
@37D9 -000000000000001
@37DA 0000000000000000
@37DB 0000000000000000
@37DC 0000000000000001
@37DD 0000000000000000
@37DE -000000000000001
@37DF 0000000000000000
@37E0 0000000000000000
@37E1 0000000000000000
@37E2 0000000000000000
@37E3 0000000000000000
@37E4 0000000000000000
@37E5 0000000000000000
@37E6 0000000000000000
@37E7 0000000000000000
@37E8 0000000000000000
@37E9 0000000000000000
@37EA 0000000000000000
@37EB 0000000000000000
@37EC -000000000000001
@37ED 0000000000000000
@37EE 0000000000000000
@37EF 0000000000000000
@37F0 0000000000000000
@37F1 0000000000000003
@37F2 0000000000000000
@37F3 0000000000000000
@37F4 0000000000000000
@37F5 0000000000000000
@37F6 0000000000000000
@37F7 0000000000000001
@37F8 0000000000000000
@37F9 0000000000000000
@37FA 0000000000000000
@37FB 0000000000000000
@37FC 0000000000000000
@37FD -000000000000001
@37FE 0000000000000000
@37FF 0000000000000000
@3800 0000000000000001
@3801 0000000000000000
@3802 0000000000000000
@3803 0000000000000000
@3804 0000000000000000
@3805 0000000000000000
@3806 0000000000000000
@3807 0000000000000000
@3808 0000000000000000
@3809 0000000000000000
@380A 0000000000000000
@380B 0000000000000001
@380C 0000000000000001
@380D 0000000000000000
@380E 0000000000000000
@380F 0000000000000000
@3810 0000000000000000
@3811 0000000000000000
@3812 0000000000000000
@3813 0000000000000001
@3814 0000000000000000
@3815 0000000000000000
@3816 0000000000000000
@3817 0000000000000000
@3818 0000000000000000
@3819 0000000000000000
@381A 0000000000000000
@381B 0000000000000000
@381C 0000000000000000
@381D 0000000000000000
@381E 0000000000000000
@381F 0000000000000000
@3820 0000000000000000
@3821 -000000000000002
@3822 0000000000000000
@3823 0000000000000000
@3824 0000000000000000
@3825 0000000000000000
@3826 0000000000000000
@3827 0000000000000000
@3828 0000000000000000
@3829 0000000000000000
@382A 0000000000000000
@382B 0000000000000000
@382C 0000000000000000
@382D -000000000000001
@382E 0000000000000000
@382F -000000000000001
@3830 0000000000000000
@3831 0000000000000000
@3832 0000000000000000
@3833 0000000000000000
@3834 0000000000000000
@3835 0000000000000000
@3836 -000000000000001
@3837 0000000000000000
@3838 0000000000000000
@3839 0000000000000000
@383A 0000000000000001
@383B 0000000000000000
@383C 0000000000000000
@383D -000000000000001
@383E 0000000000000000
@383F 0000000000000000
@3840 0000000000000000
@3841 0000000000000000
@3842 -000000000000001
@3843 0000000000000000
@3844 0000000000000001
@3845 -000000000000002
@3846 0000000000000000
@3847 0000000000000000
@3848 0000000000000000
@3849 -000000000000001
@384A 0000000000000000
@384B 0000000000000000
@384C 0000000000000000
@384D 0000000000000000
@384E 0000000000000000
@384F 0000000000000000
@3850 0000000000000000
@3851 0000000000000000
@3852 0000000000000000
@3853 0000000000000000
@3854 0000000000000001
@3855 0000000000000000
@3856 0000000000000000
@3857 0000000000000000
@3858 0000000000000001
@3859 0000000000000000
@385A 0000000000000000
@385B 0000000000000000
@385C 0000000000000000
@385D 0000000000000000
@385E 0000000000000000
@385F 0000000000000000
@3860 0000000000000000
@3861 0000000000000000
@3862 -000000000000001
@3863 0000000000000000
@3864 0000000000000000
@3865 0000000000000000
@3866 0000000000000002
@3867 0000000000000000
@3868 -000000000000001
@3869 0000000000000000
@386A 0000000000000000
@386B 0000000000000000
@386C 0000000000000000
@386D 0000000000000000
@386E 0000000000000000
@386F 0000000000000000
@3870 0000000000000000
@3871 0000000000000000
@3872 0000000000000000
@3873 0000000000000001
@3874 0000000000000000
@3875 0000000000000000
@3876 0000000000000000
@3877 0000000000000000
@3878 0000000000000000
@3879 0000000000000000
@387A 0000000000000002
@387B 0000000000000000
@387C 0000000000000000
@387D 0000000000000000
@387E 0000000000000000
@387F 0000000000000000
@3880 0000000000000000
@3881 0000000000000000
@3882 0000000000000000
@3883 0000000000000000
@3884 0000000000000000
@3885 0000000000000000
@3886 0000000000000000
@3887 0000000000000000
@3888 0000000000000000
@3889 0000000000000001
@388A -000000000000001
@388B 0000000000000000
@388C 0000000000000001
@388D 0000000000000000
@388E 0000000000000000
@388F 0000000000000000
@3890 -000000000000001
@3891 0000000000000000
@3892 0000000000000000
@3893 0000000000000000
@3894 0000000000000000
@3895 0000000000000000
@3896 0000000000000000
@3897 0000000000000000
@3898 0000000000000000
@3899 0000000000000000
@389A 0000000000000000
@389B 0000000000000000
@389C 0000000000000002
@389D 0000000000000000
@389E 0000000000000000
@389F 0000000000000000
@38A0 0000000000000000
@38A1 0000000000000000
@38A2 -000000000000001
@38A3 0000000000000000
@38A4 0000000000000000
@38A5 0000000000000000
@38A6 0000000000000000
@38A7 0000000000000000
@38A8 0000000000000000
@38A9 0000000000000000
@38AA 0000000000000000
@38AB 0000000000000000
@38AC 0000000000000000
@38AD 0000000000000000
@38AE 0000000000000000
@38AF 0000000000000000
@38B0 0000000000000000
@38B1 0000000000000003
@38B2 0000000000000000
@38B3 0000000000000000
@38B4 0000000000000001
@38B5 0000000000000000
@38B6 0000000000000000
@38B7 0000000000000000
@38B8 0000000000000000
@38B9 0000000000000000
@38BA 0000000000000000
@38BB 0000000000000000
@38BC 0000000000000000
@38BD 0000000000000000
@38BE 0000000000000000
@38BF 0000000000000000
@38C0 0000000000000000
@38C1 0000000000000000
@38C2 0000000000000000
@38C3 0000000000000000
@38C4 0000000000000000
@38C5 0000000000000000
@38C6 0000000000000000
@38C7 0000000000000000
@38C8 0000000000000000
@38C9 0000000000000000
@38CA 0000000000000000
@38CB 0000000000000001
@38CC 0000000000000000
@38CD 0000000000000000
@38CE 0000000000000000
@38CF 0000000000000000
@38D0 0000000000000000
@38D1 0000000000000000
@38D2 0000000000000000
@38D3 0000000000000001
@38D4 0000000000000000
@38D5 0000000000000000
@38D6 0000000000000000
@38D7 0000000000000000
@38D8 0000000000000000
@38D9 0000000000000000
@38DA 0000000000000000
@38DB 0000000000000000
@38DC 0000000000000000
@38DD 0000000000000000
@38DE 0000000000000000
@38DF 0000000000000000
@38E0 0000000000000000
@38E1 0000000000000000
@38E2 0000000000000000
@38E3 0000000000000000
@38E4 0000000000000000
@38E5 0000000000000000
@38E6 0000000000000000
@38E7 0000000000000000
@38E8 0000000000000000
@38E9 0000000000000000
@38EA 0000000000000000
@38EB 0000000000000000
@38EC 0000000000000000
@38ED -000000000000002
@38EE 0000000000000000
@38EF 0000000000000000
@38F0 0000000000000000
@38F1 0000000000000000
@38F2 0000000000000000
@38F3 0000000000000000
@38F4 0000000000000000
@38F5 0000000000000000
@38F6 -000000000000001
@38F7 0000000000000000
@38F8 0000000000000001
@38F9 0000000000000000
@38FA 0000000000000000
@38FB 0000000000000000
@38FC 0000000000000000
@38FD -000000000000001
@38FE 0000000000000000
@38FF 0000000000000000
@3900 0000000000000000
@3901 0000000000000000
@3902 -000000000000001
@3903 0000000000000000
@3904 0000000000000001
@3905 -000000000000002
@3906 0000000000000000
@3907 0000000000000000
@3908 0000000000000000
@3909 -000000000000001
@390A 0000000000000000
@390B 0000000000000000
@390C 0000000000000000
@390D 0000000000000000
@390E 0000000000000000
@390F 0000000000000000
@3910 0000000000000000
@3911 0000000000000000
@3912 0000000000000000
@3913 0000000000000000
@3914 0000000000000001
@3915 0000000000000000
@3916 0000000000000000
@3917 0000000000000000
@3918 0000000000000001
@3919 0000000000000000
@391A 0000000000000000
@391B 0000000000000000
@391C 0000000000000000
@391D 0000000000000000
@391E 0000000000000000
@391F 0000000000000000
@3920 0000000000000000
@3921 0000000000000000
@3922 -000000000000001
@3923 0000000000000000
@3924 0000000000000000
@3925 0000000000000000
@3926 0000000000000002
@3927 0000000000000000
@3928 -000000000000001
@3929 0000000000000000
@392A 0000000000000000
@392B 0000000000000000
@392C 0000000000000000
@392D 0000000000000000
@392E 0000000000000000
@392F 0000000000000000
@3930 0000000000000000
@3931 0000000000000000
@3932 0000000000000000
@3933 0000000000000001
@3934 0000000000000000
@3935 0000000000000000
@3936 0000000000000000
@3937 0000000000000000
@3938 0000000000000000
@3939 0000000000000000
@393A 0000000000000002
@393B 0000000000000000
@393C 0000000000000000
@393D 0000000000000000
@393E 0000000000000000
@393F 0000000000000000
@3940 0000000000000000
@3941 0000000000000000
@3942 0000000000000000
@3943 0000000000000000
@3944 0000000000000000
@3945 0000000000000000
@3946 0000000000000000
@3947 0000000000000000
@3948 0000000000000000
@3949 0000000000000001
@394A -000000000000001
@394B 0000000000000000
@394C 0000000000000001
@394D 0000000000000000
@394E 0000000000000000
@394F 0000000000000000
@3950 -000000000000001
@3951 0000000000000000
@3952 0000000000000000
@3953 0000000000000000
@3954 0000000000000000
@3955 0000000000000000
@3956 0000000000000000
@3957 0000000000000000
@3958 0000000000000000
@3959 0000000000000000
@395A 0000000000000000
@395B 0000000000000000
@395C 0000000000000002
@395D 0000000000000000
@395E 0000000000000000
@395F 0000000000000000
@3960 0000000000000000
@3961 0000000000000000
@3962 -000000000000001
@3963 0000000000000000
@3964 0000000000000000
@3965 0000000000000000
@3966 0000000000000000
@3967 0000000000000000
@3968 0000000000000000
@3969 0000000000000000
@396A 0000000000000000
@396B 0000000000000000
@396C 0000000000000000
@396D 0000000000000000
@396E 0000000000000000
@396F 0000000000000000
@3970 -000000000000001
@3971 0000000000000003
@3972 0000000000000000
@3973 0000000000000000
@3974 0000000000000001
@3975 0000000000000000
@3976 0000000000000000
@3977 0000000000000000
@3978 0000000000000000
@3979 0000000000000000
@397A 0000000000000000
@397B 0000000000000000
@397C 0000000000000000
@397D 0000000000000000
@397E 0000000000000000
@397F 0000000000000000
@3980 0000000000000000
@3981 0000000000000000
@3982 0000000000000000
@3983 0000000000000000
@3984 0000000000000000
@3985 0000000000000000
@3986 0000000000000000
@3987 0000000000000000
@3988 0000000000000000
@3989 0000000000000000
@398A 0000000000000000
@398B 0000000000000001
@398C 0000000000000000
@398D 0000000000000000
@398E 0000000000000000
@398F 0000000000000000
@3990 0000000000000000
@3991 0000000000000000
@3992 0000000000000000
@3993 0000000000000001
@3994 0000000000000000
@3995 0000000000000000
@3996 0000000000000000
@3997 0000000000000000
@3998 0000000000000000
@3999 0000000000000000
@399A 0000000000000000
@399B 0000000000000000
@399C 0000000000000000
@399D 0000000000000000
@399E 0000000000000000
@399F 0000000000000000
@39A0 0000000000000000
@39A1 0000000000000000
@39A2 0000000000000000
@39A3 0000000000000000
@39A4 0000000000000000
@39A5 0000000000000000
@39A6 0000000000000000
@39A7 0000000000000000
@39A8 0000000000000000
@39A9 0000000000000000
@39AA 0000000000000000
@39AB 0000000000000000
@39AC 0000000000000000
@39AD -000000000000001
@39AE 0000000000000000
@39AF 0000000000000000
@39B0 0000000000000000
@39B1 0000000000000000
@39B2 0000000000000000
@39B3 0000000000000000
@39B4 0000000000000000
@39B5 0000000000000000
@39B6 -000000000000001
@39B7 0000000000000000
@39B8 0000000000000001
@39B9 0000000000000000
@39BA 0000000000000000
@39BB 0000000000000000
@39BC 0000000000000000
@39BD -000000000000001
@39BE 0000000000000000
@39BF 0000000000000000
@39C0 0000000000000000
@39C1 0000000000000000
@39C2 -000000000000001
@39C3 0000000000000000
@39C4 0000000000000001
@39C5 -000000000000001
@39C6 0000000000000000
@39C7 0000000000000000
@39C8 0000000000000000
@39C9 -000000000000001
@39CA 0000000000000000
@39CB 0000000000000000
@39CC 0000000000000000
@39CD 0000000000000000
@39CE 0000000000000000
@39CF 0000000000000000
@39D0 0000000000000000
@39D1 0000000000000000
@39D2 0000000000000000
@39D3 0000000000000000
@39D4 0000000000000001
@39D5 0000000000000000
@39D6 0000000000000000
@39D7 0000000000000000
@39D8 0000000000000001
@39D9 0000000000000000
@39DA 0000000000000000
@39DB 0000000000000000
@39DC 0000000000000000
@39DD -000000000000001
@39DE 0000000000000000
@39DF 0000000000000000
@39E0 0000000000000000
@39E1 0000000000000000
@39E2 -000000000000001
@39E3 0000000000000000
@39E4 0000000000000000
@39E5 0000000000000000
@39E6 0000000000000002
@39E7 0000000000000000
@39E8 -000000000000001
@39E9 0000000000000000
@39EA 0000000000000000
@39EB 0000000000000000
@39EC 0000000000000000
@39ED 0000000000000000
@39EE 0000000000000000
@39EF 0000000000000000
@39F0 0000000000000000
@39F1 0000000000000000
@39F2 0000000000000000
@39F3 0000000000000000
@39F4 0000000000000000
@39F5 0000000000000000
@39F6 0000000000000000
@39F7 0000000000000000
@39F8 0000000000000000
@39F9 0000000000000001
@39FA 0000000000000002
@39FB 0000000000000000
@39FC 0000000000000000
@39FD 0000000000000000
@39FE 0000000000000000
@39FF 0000000000000000
@3A00 0000000000000000
@3A01 0000000000000000
@3A02 0000000000000000
@3A03 0000000000000000
@3A04 0000000000000000
@3A05 0000000000000000
@3A06 0000000000000000
@3A07 0000000000000000
@3A08 0000000000000000
@3A09 0000000000000001
@3A0A 0000000000000000
@3A0B 0000000000000000
@3A0C 0000000000000001
@3A0D 0000000000000000
@3A0E 0000000000000000
@3A0F 0000000000000000
@3A10 -000000000000002
@3A11 0000000000000000
@3A12 0000000000000000
@3A13 0000000000000000
@3A14 0000000000000000
@3A15 0000000000000000
@3A16 0000000000000000
@3A17 0000000000000000
@3A18 0000000000000000
@3A19 0000000000000000
@3A1A 0000000000000000
@3A1B 0000000000000000
@3A1C 0000000000000002
@3A1D 0000000000000000
@3A1E 0000000000000000
@3A1F 0000000000000000
@3A20 0000000000000000
@3A21 0000000000000000
@3A22 -000000000000001
@3A23 0000000000000000
@3A24 0000000000000000
@3A25 0000000000000000
@3A26 0000000000000000
@3A27 0000000000000000
@3A28 0000000000000000
@3A29 0000000000000000
@3A2A 0000000000000000
@3A2B 0000000000000000
@3A2C 0000000000000000
@3A2D 0000000000000000
@3A2E 0000000000000000
@3A2F 0000000000000000
@3A30 -000000000000001
@3A31 0000000000000003
@3A32 0000000000000000
@3A33 0000000000000000
@3A34 0000000000000001
@3A35 0000000000000000
@3A36 0000000000000001
@3A37 0000000000000000
@3A38 0000000000000000
@3A39 0000000000000000
@3A3A 0000000000000000
@3A3B 0000000000000000
@3A3C 0000000000000000
@3A3D 0000000000000000
@3A3E 0000000000000000
@3A3F 0000000000000000
@3A40 0000000000000000
@3A41 0000000000000000
@3A42 0000000000000000
@3A43 0000000000000000
@3A44 0000000000000000
@3A45 0000000000000000
@3A46 0000000000000000
@3A47 0000000000000000
@3A48 0000000000000000
@3A49 0000000000000000
@3A4A 0000000000000000
@3A4B 0000000000000000
@3A4C 0000000000000000
@3A4D 0000000000000000
@3A4E 0000000000000000
@3A4F 0000000000000000
@3A50 0000000000000000
@3A51 0000000000000000
@3A52 0000000000000000
@3A53 0000000000000001
@3A54 0000000000000000
@3A55 0000000000000000
@3A56 0000000000000000
@3A57 0000000000000000
@3A58 0000000000000000
@3A59 0000000000000000
@3A5A 0000000000000000
@3A5B 0000000000000000
@3A5C 0000000000000000
@3A5D 0000000000000000
@3A5E 0000000000000000
@3A5F 0000000000000000
@3A60 0000000000000000
@3A61 -000000000000001
@3A62 0000000000000000
@3A63 0000000000000000
@3A64 0000000000000000
@3A65 0000000000000000
@3A66 0000000000000000
@3A67 0000000000000000
@3A68 0000000000000000
@3A69 0000000000000000
@3A6A 0000000000000000
@3A6B 0000000000000000
@3A6C 0000000000000000
@3A6D -000000000000001
@3A6E 0000000000000000
@3A6F 0000000000000000
@3A70 0000000000000000
@3A71 0000000000000000
@3A72 0000000000000000
@3A73 0000000000000000
@3A74 0000000000000000
@3A75 0000000000000000
@3A76 -000000000000001
@3A77 0000000000000000
@3A78 0000000000000001
@3A79 0000000000000000
@3A7A 0000000000000000
@3A7B 0000000000000000
@3A7C 0000000000000000
@3A7D -000000000000001
@3A7E 0000000000000001
@3A7F 0000000000000000
@3A80 0000000000000000
@3A81 -000000000000001
@3A82 0000000000000000
@3A83 0000000000000000
@3A84 0000000000000000
@3A85 -000000000000001
@3A86 0000000000000001
@3A87 0000000000000000
@3A88 0000000000000001
@3A89 -000000000000001
@3A8A 0000000000000000
@3A8B 0000000000000000
@3A8C 0000000000000000
@3A8D 0000000000000000
@3A8E 0000000000000000
@3A8F 0000000000000000
@3A90 0000000000000000
@3A91 0000000000000001
@3A92 0000000000000000
@3A93 0000000000000000
@3A94 0000000000000000
@3A95 -000000000000001
@3A96 0000000000000000
@3A97 0000000000000001
@3A98 0000000000000000
@3A99 -000000000000001
@3A9A -000000000000001
@3A9B 0000000000000000
@3A9C 0000000000000000
@3A9D -000000000000001
@3A9E 0000000000000000
@3A9F 0000000000000000
@3AA0 0000000000000000
@3AA1 0000000000000000
@3AA2 -000000000000002
@3AA3 0000000000000000
@3AA4 0000000000000000
@3AA5 0000000000000000
@3AA6 0000000000000003
@3AA7 0000000000000000
@3AA8 0000000000000000
@3AA9 0000000000000000
@3AAA 0000000000000000
@3AAB 0000000000000000
@3AAC -000000000000003
@3AAD 0000000000000001
@3AAE 0000000000000001
@3AAF 0000000000000001
@3AB0 0000000000000000
@3AB1 -000000000000001
@3AB2 -000000000000003
@3AB3 0000000000000000
@3AB4 0000000000000001
@3AB5 0000000000000001
@3AB6 0000000000000000
@3AB7 -000000000000001
@3AB8 0000000000000000
@3AB9 0000000000000000
@3ABA 0000000000000002
@3ABB 0000000000000000
@3ABC -000000000000001
@3ABD 0000000000000000
@3ABE 0000000000000000
@3ABF 0000000000000000
@3AC0 -000000000000001
@3AC1 0000000000000000
@3AC2 0000000000000001
@3AC3 0000000000000000
@3AC4 0000000000000000
@3AC5 0000000000000000
@3AC6 0000000000000000
@3AC7 0000000000000000
@3AC8 0000000000000000
@3AC9 0000000000000000
@3ACA 0000000000000000
@3ACB 0000000000000000
@3ACC 0000000000000000
@3ACD 0000000000000000
@3ACE -000000000000001
@3ACF -000000000000001
@3AD0 0000000000000000
@3AD1 0000000000000000
@3AD2 -000000000000003
@3AD3 0000000000000000
@3AD4 0000000000000000
@3AD5 0000000000000000
@3AD6 0000000000000002
@3AD7 0000000000000001
@3AD8 -000000000000001
@3AD9 0000000000000000
@3ADA -000000000000002
@3ADB 0000000000000000
@3ADC 0000000000000002
@3ADD -000000000000001
@3ADE 0000000000000001
@3ADF 0000000000000000
@3AE0 0000000000000000
@3AE1 0000000000000000
@3AE2 -000000000000002
@3AE3 0000000000000001
@3AE4 0000000000000001
@3AE5 -000000000000002
@3AE6 0000000000000000
@3AE7 0000000000000000
@3AE8 0000000000000000
@3AE9 0000000000000000
@3AEA 0000000000000002
@3AEB 0000000000000000
@3AEC 0000000000000000
@3AED 0000000000000001
@3AEE 0000000000000000
@3AEF 0000000000000000
@3AF0 -000000000000001
@3AF1 0000000000000000
@3AF2 0000000000000001
@3AF3 0000000000000000
@3AF4 0000000000000001
@3AF5 0000000000000000
@3AF6 0000000000000000
@3AF7 0000000000000002
@3AF8 -000000000000002
@3AF9 -000000000000002
@3AFA -000000000000001
@3AFB -000000000000001
@3AFC 0000000000000000
@3AFD -000000000000004
@3AFE 0000000000000000
@3AFF 0000000000000000
@3B00 0000000000000001
@3B01 0000000000000000
@3B02 0000000000000000
@3B03 0000000000000000
@3B04 0000000000000000
@3B05 0000000000000000
@3B06 0000000000000000
@3B07 -000000000000001
@3B08 0000000000000000
@3B09 -000000000000001
@3B0A 0000000000000000
@3B0B 0000000000000003
@3B0C 0000000000000000
@3B0D 0000000000000000
@3B0E -000000000000001
@3B0F 0000000000000000
@3B10 0000000000000000
@3B11 0000000000000001
@3B12 0000000000000000
@3B13 0000000000000000
@3B14 0000000000000000
@3B15 0000000000000001
@3B16 0000000000000000
@3B17 0000000000000000
@3B18 -000000000000001
@3B19 0000000000000000
@3B1A 0000000000000000
@3B1B 0000000000000001
@3B1C 0000000000000001
@3B1D 0000000000000000
@3B1E 0000000000000000
@3B1F 0000000000000000
@3B20 0000000000000000
@3B21 0000000000000000
@3B22 0000000000000002
@3B23 0000000000000000
@3B24 0000000000000000
@3B25 0000000000000001
@3B26 0000000000000000
@3B27 0000000000000000
@3B28 0000000000000001
@3B29 0000000000000000
@3B2A 0000000000000000
@3B2B 0000000000000001
@3B2C 0000000000000000
@3B2D -000000000000002
@3B2E 0000000000000000
@3B2F -000000000000003
@3B30 -000000000000001
@3B31 0000000000000000
@3B32 0000000000000000
@3B33 0000000000000001
@3B34 0000000000000000
@3B35 0000000000000001
@3B36 0000000000000000
@3B37 -000000000000001
@3B38 0000000000000000
@3B39 0000000000000000
@3B3A -000000000000003
@3B3B 0000000000000004
@3B3C 0000000000000001
@3B3D -000000000000001
@3B3E 0000000000000001
@3B3F 0000000000000001
@3B40 0000000000000000
@3B41 0000000000000000
@3B42 -000000000000002
@3B43 0000000000000000
@3B44 0000000000000001
@3B45 -000000000000002
@3B46 0000000000000000
@3B47 0000000000000000
@3B48 -000000000000001
@3B49 -000000000000001
@3B4A 0000000000000000
@3B4B 0000000000000000
@3B4C 0000000000000000
@3B4D 0000000000000000
@3B4E 0000000000000000
@3B4F 0000000000000000
@3B50 -000000000000001
@3B51 0000000000000000
@3B52 0000000000000000
@3B53 0000000000000000
@3B54 0000000000000000
@3B55 -000000000000001
@3B56 0000000000000000
@3B57 0000000000000000
@3B58 0000000000000001
@3B59 0000000000000000
@3B5A 0000000000000000
@3B5B 0000000000000001
@3B5C 0000000000000000
@3B5D 0000000000000000
@3B5E 0000000000000000
@3B5F 0000000000000000
@3B60 0000000000000000
@3B61 0000000000000000
@3B62 -000000000000001
@3B63 -000000000000001
@3B64 0000000000000000
@3B65 0000000000000000
@3B66 0000000000000002
@3B67 0000000000000000
@3B68 -000000000000001
@3B69 0000000000000000
@3B6A 0000000000000000
@3B6B 0000000000000001
@3B6C 0000000000000000
@3B6D 0000000000000000
@3B6E 0000000000000000
@3B6F 0000000000000000
@3B70 0000000000000000
@3B71 0000000000000000
@3B72 0000000000000000
@3B73 0000000000000001
@3B74 0000000000000000
@3B75 0000000000000000
@3B76 0000000000000001
@3B77 0000000000000000
@3B78 0000000000000000
@3B79 0000000000000000
@3B7A 0000000000000001
@3B7B 0000000000000000
@3B7C -000000000000001
@3B7D 0000000000000000
@3B7E 0000000000000000
@3B7F 0000000000000000
@3B80 0000000000000000
@3B81 0000000000000002
@3B82 0000000000000001
@3B83 0000000000000000
@3B84 0000000000000001
@3B85 0000000000000000
@3B86 0000000000000000
@3B87 0000000000000000
@3B88 0000000000000000
@3B89 0000000000000001
@3B8A 0000000000000000
@3B8B 0000000000000000
@3B8C 0000000000000001
@3B8D 0000000000000000
@3B8E 0000000000000000
@3B8F 0000000000000000
@3B90 0000000000000000
@3B91 0000000000000000
@3B92 0000000000000000
@3B93 0000000000000000
@3B94 0000000000000000
@3B95 0000000000000000
@3B96 0000000000000000
@3B97 0000000000000000
@3B98 0000000000000000
@3B99 0000000000000000
@3B9A 0000000000000000
@3B9B 0000000000000000
@3B9C 0000000000000001
@3B9D 0000000000000000
@3B9E 0000000000000000
@3B9F 0000000000000000
@3BA0 0000000000000000
@3BA1 0000000000000000
@3BA2 0000000000000000
@3BA3 0000000000000000
@3BA4 0000000000000000
@3BA5 0000000000000000
@3BA6 0000000000000000
@3BA7 0000000000000000
@3BA8 0000000000000000
@3BA9 0000000000000000
@3BAA 0000000000000000
@3BAB 0000000000000000
@3BAC 0000000000000000
@3BAD 0000000000000001
@3BAE 0000000000000000
@3BAF 0000000000000000
@3BB0 -000000000000001
@3BB1 0000000000000002
@3BB2 0000000000000000
@3BB3 0000000000000000
@3BB4 0000000000000000
@3BB5 0000000000000000
@3BB6 0000000000000001
@3BB7 0000000000000001
@3BB8 -000000000000001
@3BB9 0000000000000000
@3BBA 0000000000000000
@3BBB 0000000000000000
@3BBC 0000000000000000
@3BBD 0000000000000000
@3BBE 0000000000000000
@3BBF 0000000000000000
@3BC0 0000000000000000
@3BC1 0000000000000000
@3BC2 0000000000000000
@3BC3 0000000000000000
@3BC4 0000000000000000
@3BC5 -000000000000001
@3BC6 0000000000000000
@3BC7 0000000000000000
@3BC8 0000000000000000
@3BC9 0000000000000000
@3BCA 0000000000000000
@3BCB 0000000000000000
@3BCC 0000000000000000
@3BCD 0000000000000000
@3BCE 0000000000000000
@3BCF 0000000000000000
@3BD0 -000000000000001
@3BD1 0000000000000001
@3BD2 0000000000000000
@3BD3 0000000000000001
@3BD4 0000000000000000
@3BD5 0000000000000000
@3BD6 0000000000000000
@3BD7 0000000000000000
@3BD8 0000000000000000
@3BD9 0000000000000000
@3BDA 0000000000000001
@3BDB 0000000000000000
@3BDC 0000000000000000
@3BDD 0000000000000000
@3BDE 0000000000000000
@3BDF 0000000000000000
@3BE0 0000000000000000
@3BE1 0000000000000000
@3BE2 0000000000000000
@3BE3 0000000000000000
@3BE4 0000000000000000
@3BE5 0000000000000000
@3BE6 -000000000000001
@3BE7 0000000000000000
@3BE8 0000000000000000
@3BE9 0000000000000000
@3BEA 0000000000000000
@3BEB 0000000000000000
@3BEC 0000000000000000
@3BED -000000000000001
@3BEE 0000000000000000
@3BEF 0000000000000000
@3BF0 0000000000000000
@3BF1 -000000000000001
@3BF2 0000000000000000
@3BF3 0000000000000000
@3BF4 0000000000000000
@3BF5 0000000000000000
@3BF6 0000000000000000
@3BF7 0000000000000000
@3BF8 -000000000000001
@3BF9 0000000000000001
@3BFA -000000000000001
@3BFB 0000000000000000
@3BFC 0000000000000000
@3BFD -000000000000001
@3BFE 0000000000000001
@3BFF 0000000000000000
@3C00 0000000000000000
@3C01 0000000000000000
@3C02 -000000000000001
@3C03 0000000000000000
@3C04 0000000000000001
@3C05 -000000000000001
@3C06 -000000000000001
@3C07 0000000000000000
@3C08 0000000000000001
@3C09 0000000000000000
@3C0A 0000000000000002
@3C0B -000000000000002
@3C0C 0000000000000000
@3C0D 0000000000000000
@3C0E 0000000000000000
@3C0F -000000000000002
@3C10 -000000000000001
@3C11 0000000000000000
@3C12 0000000000000000
@3C13 0000000000000000
@3C14 0000000000000001
@3C15 -000000000000001
@3C16 0000000000000000
@3C17 0000000000000002
@3C18 0000000000000001
@3C19 0000000000000000
@3C1A 0000000000000000
@3C1B 0000000000000000
@3C1C 0000000000000000
@3C1D -000000000000001
@3C1E -000000000000002
@3C1F -000000000000001
@3C20 0000000000000001
@3C21 0000000000000000
@3C22 -000000000000003
@3C23 0000000000000001
@3C24 0000000000000000
@3C25 0000000000000000
@3C26 0000000000000003
@3C27 -000000000000001
@3C28 -000000000000002
@3C29 0000000000000000
@3C2A -000000000000002
@3C2B -000000000000002
@3C2C -000000000000002
@3C2D 0000000000000000
@3C2E -000000000000001
@3C2F 0000000000000001
@3C30 0000000000000000
@3C31 0000000000000001
@3C32 0000000000000000
@3C33 0000000000000001
@3C34 -000000000000001
@3C35 0000000000000000
@3C36 0000000000000001
@3C37 -000000000000001
@3C38 0000000000000000
@3C39 0000000000000000
@3C3A 0000000000000001
@3C3B 0000000000000000
@3C3C 0000000000000000
@3C3D 0000000000000000
@3C3E 0000000000000000
@3C3F 0000000000000000
@3C40 0000000000000000
@3C41 -000000000000001
@3C42 0000000000000001
@3C43 0000000000000000
@3C44 0000000000000000
@3C45 0000000000000000
@3C46 0000000000000000
@3C47 0000000000000001
@3C48 0000000000000000
@3C49 0000000000000001
@3C4A 0000000000000000
@3C4B 0000000000000000
@3C4C 0000000000000002
@3C4D -000000000000001
@3C4E 0000000000000001
@3C4F 0000000000000000
@3C50 0000000000000001
@3C51 0000000000000000
@3C52 0000000000000001
@3C53 0000000000000000
@3C54 0000000000000000
@3C55 0000000000000001
@3C56 0000000000000000
@3C57 0000000000000000
@3C58 0000000000000001
@3C59 0000000000000000
@3C5A 0000000000000000
@3C5B 0000000000000001
@3C5C 0000000000000001
@3C5D 0000000000000000
@3C5E -000000000000001
@3C5F 0000000000000000
@3C60 0000000000000000
@3C61 0000000000000000
@3C62 -000000000000001
@3C63 -000000000000001
@3C64 0000000000000000
@3C65 -000000000000001
@3C66 0000000000000001
@3C67 -000000000000001
@3C68 0000000000000001
@3C69 -000000000000001
@3C6A -000000000000001
@3C6B 0000000000000000
@3C6C 0000000000000000
@3C6D 0000000000000000
@3C6E 0000000000000000
@3C6F 0000000000000000
@3C70 0000000000000000
@3C71 0000000000000003
@3C72 0000000000000000
@3C73 0000000000000000
@3C74 0000000000000000
@3C75 0000000000000000
@3C76 0000000000000000
@3C77 0000000000000001
@3C78 0000000000000001
@3C79 0000000000000000
@3C7A 0000000000000000
@3C7B 0000000000000000
@3C7C 0000000000000000
@3C7D -000000000000003
@3C7E 0000000000000000
@3C7F 0000000000000000
@3C80 0000000000000001
@3C81 0000000000000000
@3C82 0000000000000000
@3C83 0000000000000000
@3C84 0000000000000000
@3C85 0000000000000001
@3C86 0000000000000000
@3C87 -000000000000001
@3C88 0000000000000001
@3C89 0000000000000000
@3C8A 0000000000000000
@3C8B 0000000000000002
@3C8C 0000000000000000
@3C8D 0000000000000000
@3C8E -000000000000002
@3C8F 0000000000000000
@3C90 -000000000000001
@3C91 0000000000000000
@3C92 0000000000000000
@3C93 0000000000000000
@3C94 0000000000000000
@3C95 0000000000000000
@3C96 0000000000000000
@3C97 0000000000000000
@3C98 0000000000000000
@3C99 0000000000000001
@3C9A 0000000000000000
@3C9B -000000000000001
@3C9C 0000000000000000
@3C9D 0000000000000000
@3C9E 0000000000000000
@3C9F 0000000000000000
@3CA0 0000000000000001
@3CA1 -000000000000001
@3CA2 0000000000000000
@3CA3 0000000000000000
@3CA4 0000000000000000
@3CA5 0000000000000000
@3CA6 0000000000000001
@3CA7 0000000000000000
@3CA8 0000000000000000
@3CA9 0000000000000000
@3CAA 0000000000000000
@3CAB 0000000000000000
@3CAC 0000000000000000
@3CAD -000000000000001
@3CAE 0000000000000000
@3CAF 0000000000000000
@3CB0 0000000000000000
@3CB1 0000000000000000
@3CB2 0000000000000001
@3CB3 0000000000000000
@3CB4 0000000000000000
@3CB5 0000000000000000
@3CB6 0000000000000000
@3CB7 0000000000000000
@3CB8 -000000000000002
@3CB9 0000000000000000
@3CBA -000000000000002
@3CBB 0000000000000001
@3CBC 0000000000000000
@3CBD -000000000000001
@3CBE -000000000000001
@3CBF 0000000000000000
@3CC0 0000000000000000
@3CC1 0000000000000000
@3CC2 -000000000000002
@3CC3 0000000000000000
@3CC4 0000000000000001
@3CC5 -000000000000002
@3CC6 0000000000000000
@3CC7 0000000000000000
@3CC8 0000000000000000
@3CC9 -000000000000001
@3CCA 0000000000000000
@3CCB 0000000000000000
@3CCC 0000000000000000
@3CCD 0000000000000000
@3CCE 0000000000000000
@3CCF 0000000000000000
@3CD0 0000000000000000
@3CD1 0000000000000000
@3CD2 0000000000000000
@3CD3 0000000000000000
@3CD4 0000000000000000
@3CD5 0000000000000000
@3CD6 0000000000000000
@3CD7 0000000000000000
@3CD8 0000000000000000
@3CD9 0000000000000000
@3CDA 0000000000000000
@3CDB 0000000000000000
@3CDC 0000000000000000
@3CDD 0000000000000000
@3CDE 0000000000000000
@3CDF 0000000000000000
@3CE0 0000000000000000
@3CE1 0000000000000000
@3CE2 -000000000000001
@3CE3 -000000000000002
@3CE4 0000000000000001
@3CE5 0000000000000000
@3CE6 0000000000000002
@3CE7 0000000000000000
@3CE8 -000000000000001
@3CE9 0000000000000000
@3CEA 0000000000000000
@3CEB 0000000000000002
@3CEC 0000000000000000
@3CED 0000000000000000
@3CEE 0000000000000000
@3CEF 0000000000000000
@3CF0 0000000000000000
@3CF1 0000000000000000
@3CF2 0000000000000000
@3CF3 0000000000000000
@3CF4 0000000000000000
@3CF5 0000000000000000
@3CF6 0000000000000000
@3CF7 -000000000000002
@3CF8 0000000000000000
@3CF9 0000000000000003
@3CFA 0000000000000003
@3CFB -000000000000001
@3CFC -000000000000001
@3CFD 0000000000000000
@3CFE 0000000000000000
@3CFF 0000000000000000
@3D00 0000000000000000
@3D01 0000000000000000
@3D02 0000000000000000
@3D03 0000000000000000
@3D04 0000000000000000
@3D05 0000000000000000
@3D06 0000000000000000
@3D07 0000000000000000
@3D08 -000000000000001
@3D09 0000000000000001
@3D0A -000000000000002
@3D0B 0000000000000000
@3D0C 0000000000000001
@3D0D 0000000000000000
@3D0E 0000000000000000
@3D0F -000000000000001
@3D10 -000000000000002
@3D11 0000000000000000
@3D12 0000000000000001
@3D13 0000000000000000
@3D14 0000000000000000
@3D15 0000000000000000
@3D16 -000000000000001
@3D17 0000000000000000
@3D18 0000000000000000
@3D19 0000000000000000
@3D1A 0000000000000000
@3D1B 0000000000000000
@3D1C 0000000000000001
@3D1D 0000000000000000
@3D1E 0000000000000000
@3D1F 0000000000000000
@3D20 0000000000000000
@3D21 0000000000000000
@3D22 0000000000000000
@3D23 0000000000000000
@3D24 -000000000000002
@3D25 0000000000000000
@3D26 0000000000000000
@3D27 0000000000000000
@3D28 0000000000000000
@3D29 0000000000000000
@3D2A 0000000000000001
@3D2B 0000000000000000
@3D2C 0000000000000000
@3D2D 0000000000000000
@3D2E 0000000000000000
@3D2F 0000000000000000
@3D30 0000000000000000
@3D31 0000000000000002
@3D32 0000000000000000
@3D33 0000000000000000
@3D34 0000000000000001
@3D35 0000000000000000
@3D36 0000000000000000
@3D37 0000000000000001
@3D38 0000000000000000
@3D39 0000000000000000
@3D3A 0000000000000000
@3D3B 0000000000000000
@3D3C 0000000000000001
@3D3D 0000000000000000
@3D3E -000000000000001
@3D3F 0000000000000000
@3D40 0000000000000000
@3D41 0000000000000000
@3D42 0000000000000000
@3D43 0000000000000000
@3D44 0000000000000000
@3D45 0000000000000000
@3D46 -000000000000001
@3D47 0000000000000000
@3D48 -000000000000002
@3D49 0000000000000000
@3D4A 0000000000000000
@3D4B 0000000000000000
@3D4C 0000000000000000
@3D4D 0000000000000000
@3D4E 0000000000000000
@3D4F 0000000000000000
@3D50 0000000000000000
@3D51 0000000000000000
@3D52 0000000000000000
@3D53 0000000000000000
@3D54 0000000000000000
@3D55 0000000000000000
@3D56 0000000000000000
@3D57 0000000000000000
@3D58 -000000000000001
@3D59 0000000000000000
@3D5A 0000000000000001
@3D5B 0000000000000000
@3D5C 0000000000000001
@3D5D 0000000000000000
@3D5E 0000000000000000
@3D5F -000000000000001
@3D60 0000000000000001
@3D61 0000000000000000
@3D62 -000000000000001
@3D63 -000000000000001
@3D64 0000000000000000
@3D65 0000000000000000
@3D66 -000000000000001
@3D67 0000000000000000
@3D68 0000000000000001
@3D69 0000000000000000
@3D6A 0000000000000000
@3D6B 0000000000000000
@3D6C 0000000000000000
@3D6D -000000000000002
@3D6E 0000000000000000
@3D6F 0000000000000000
@3D70 -000000000000001
@3D71 0000000000000000
@3D72 0000000000000000
@3D73 0000000000000000
@3D74 0000000000000000
@3D75 -000000000000001
@3D76 0000000000000000
@3D77 0000000000000000
@3D78 0000000000000000
@3D79 0000000000000000
@3D7A 0000000000000002
@3D7B 0000000000000001
@3D7C -000000000000001
@3D7D -000000000000001
@3D7E 0000000000000000
@3D7F 0000000000000000
@3D80 0000000000000000
@3D81 0000000000000000
@3D82 -000000000000001
@3D83 0000000000000000
@3D84 0000000000000001
@3D85 -000000000000002
@3D86 0000000000000000
@3D87 0000000000000000
@3D88 0000000000000000
@3D89 -000000000000001
@3D8A 0000000000000000
@3D8B 0000000000000000
@3D8C 0000000000000000
@3D8D 0000000000000000
@3D8E 0000000000000000
@3D8F 0000000000000000
@3D90 0000000000000000
@3D91 0000000000000000
@3D92 0000000000000000
@3D93 0000000000000000
@3D94 0000000000000001
@3D95 0000000000000000
@3D96 0000000000000000
@3D97 0000000000000000
@3D98 0000000000000001
@3D99 0000000000000000
@3D9A 0000000000000000
@3D9B 0000000000000000
@3D9C 0000000000000000
@3D9D -000000000000001
@3D9E 0000000000000000
@3D9F 0000000000000000
@3DA0 0000000000000000
@3DA1 0000000000000000
@3DA2 -000000000000001
@3DA3 0000000000000000
@3DA4 0000000000000000
@3DA5 0000000000000000
@3DA6 0000000000000002
@3DA7 0000000000000000
@3DA8 -000000000000001
@3DA9 0000000000000000
@3DAA 0000000000000000
@3DAB 0000000000000000
@3DAC 0000000000000000
@3DAD 0000000000000000
@3DAE 0000000000000000
@3DAF 0000000000000000
@3DB0 0000000000000000
@3DB1 0000000000000000
@3DB2 0000000000000000
@3DB3 0000000000000000
@3DB4 0000000000000000
@3DB5 0000000000000000
@3DB6 0000000000000000
@3DB7 0000000000000000
@3DB8 0000000000000000
@3DB9 0000000000000002
@3DBA 0000000000000002
@3DBB 0000000000000000
@3DBC -000000000000001
@3DBD 0000000000000000
@3DBE 0000000000000000
@3DBF 0000000000000000
@3DC0 0000000000000000
@3DC1 0000000000000000
@3DC2 0000000000000001
@3DC3 0000000000000000
@3DC4 0000000000000000
@3DC5 0000000000000000
@3DC6 0000000000000000
@3DC7 0000000000000000
@3DC8 0000000000000000
@3DC9 0000000000000001
@3DCA -000000000000001
@3DCB 0000000000000000
@3DCC 0000000000000001
@3DCD 0000000000000000
@3DCE 0000000000000000
@3DCF 0000000000000000
@3DD0 -000000000000002
@3DD1 0000000000000000
@3DD2 0000000000000001
@3DD3 0000000000000000
@3DD4 0000000000000000
@3DD5 0000000000000000
@3DD6 0000000000000000
@3DD7 0000000000000000
@3DD8 0000000000000000
@3DD9 0000000000000000
@3DDA 0000000000000000
@3DDB 0000000000000000
@3DDC 0000000000000002
@3DDD 0000000000000000
@3DDE 0000000000000000
@3DDF 0000000000000000
@3DE0 0000000000000000
@3DE1 0000000000000000
@3DE2 0000000000000000
@3DE3 0000000000000000
@3DE4 -000000000000001
@3DE5 0000000000000000
@3DE6 0000000000000000
@3DE7 0000000000000000
@3DE8 0000000000000000
@3DE9 0000000000000000
@3DEA 0000000000000000
@3DEB 0000000000000000
@3DEC 0000000000000000
@3DED 0000000000000000
@3DEE 0000000000000000
@3DEF 0000000000000000
@3DF0 0000000000000000
@3DF1 0000000000000002
@3DF2 0000000000000000
@3DF3 0000000000000000
@3DF4 0000000000000001
@3DF5 0000000000000000
@3DF6 0000000000000001
@3DF7 0000000000000000
@3DF8 0000000000000000
@3DF9 0000000000000000
@3DFA 0000000000000000
@3DFB 0000000000000000
@3DFC 0000000000000000
@3DFD -000000000000001
@3DFE 0000000000000000
@3DFF 0000000000000000
@3E00 0000000000000000
@3E01 0000000000000000
@3E02 0000000000000000
@3E03 0000000000000000
@3E04 0000000000000000
@3E05 0000000000000000
@3E06 0000000000000000
@3E07 0000000000000000
@3E08 0000000000000000
@3E09 0000000000000000
@3E0A 0000000000000000
@3E0B 0000000000000001
@3E0C 0000000000000000
@3E0D 0000000000000000
@3E0E 0000000000000000
@3E0F 0000000000000000
@3E10 0000000000000000
@3E11 0000000000000000
@3E12 0000000000000000
@3E13 0000000000000001
@3E14 0000000000000000
@3E15 0000000000000000
@3E16 0000000000000000
@3E17 0000000000000000
@3E18 0000000000000000
@3E19 0000000000000000
@3E1A 0000000000000000
@3E1B 0000000000000000
@3E1C 0000000000000000
@3E1D 0000000000000000
@3E1E 0000000000000000
@3E1F 0000000000000000
@3E20 0000000000000000
@3E21 0000000000000000
@3E22 0000000000000000
@3E23 0000000000000000
@3E24 0000000000000000
@3E25 0000000000000000
@3E26 -000000000000001
@3E27 0000000000000000
@3E28 0000000000000000
@3E29 0000000000000000
@3E2A 0000000000000000
@3E2B 0000000000000000
@3E2C 0000000000000000
@3E2D -000000000000002
@3E2E 0000000000000000
@3E2F 0000000000000000
@3E30 0000000000000000
@3E31 0000000000000000
@3E32 0000000000000000
@3E33 0000000000000000
@3E34 0000000000000000
@3E35 0000000000000000
@3E36 0000000000000000
@3E37 0000000000000000
@3E38 0000000000000000
@3E39 0000000000000000
@3E3A 0000000000000001
@3E3B 0000000000000000
@3E3C 0000000000000000
@3E3D -000000000000001
@3E3E 0000000000000001
@3E3F 0000000000000000
@3E40 0000000000000000
@3E41 0000000000000000
@3E42 -000000000000001
@3E43 0000000000000000
@3E44 0000000000000001
@3E45 -000000000000002
@3E46 0000000000000000
@3E47 0000000000000000
@3E48 0000000000000000
@3E49 -000000000000001
@3E4A 0000000000000000
@3E4B 0000000000000000
@3E4C 0000000000000000
@3E4D 0000000000000000
@3E4E 0000000000000000
@3E4F 0000000000000000
@3E50 0000000000000000
@3E51 0000000000000000
@3E52 0000000000000000
@3E53 0000000000000000
@3E54 0000000000000001
@3E55 0000000000000000
@3E56 0000000000000000
@3E57 0000000000000000
@3E58 0000000000000001
@3E59 0000000000000000
@3E5A 0000000000000000
@3E5B 0000000000000000
@3E5C 0000000000000000
@3E5D -000000000000001
@3E5E 0000000000000000
@3E5F 0000000000000000
@3E60 0000000000000000
@3E61 0000000000000000
@3E62 -000000000000001
@3E63 0000000000000000
@3E64 0000000000000000
@3E65 0000000000000000
@3E66 0000000000000002
@3E67 0000000000000000
@3E68 -000000000000001
@3E69 0000000000000000
@3E6A 0000000000000000
@3E6B 0000000000000000
@3E6C 0000000000000000
@3E6D 0000000000000000
@3E6E 0000000000000000
@3E6F 0000000000000000
@3E70 0000000000000000
@3E71 0000000000000000
@3E72 0000000000000000
@3E73 0000000000000000
@3E74 0000000000000000
@3E75 0000000000000000
@3E76 0000000000000000
@3E77 0000000000000000
@3E78 0000000000000000
@3E79 0000000000000001
@3E7A 0000000000000002
@3E7B 0000000000000000
@3E7C -000000000000001
@3E7D 0000000000000000
@3E7E 0000000000000000
@3E7F 0000000000000000
@3E80 0000000000000000
@3E81 0000000000000000
@3E82 0000000000000000
@3E83 0000000000000000
@3E84 0000000000000000
@3E85 0000000000000000
@3E86 0000000000000000
@3E87 0000000000000000
@3E88 0000000000000000
@3E89 0000000000000001
@3E8A -000000000000001
@3E8B 0000000000000000
@3E8C 0000000000000001
@3E8D 0000000000000000
@3E8E 0000000000000000
@3E8F 0000000000000000
@3E90 -000000000000001
@3E91 0000000000000000
@3E92 0000000000000000
@3E93 0000000000000000
@3E94 0000000000000000
@3E95 0000000000000000
@3E96 0000000000000000
@3E97 0000000000000000
@3E98 0000000000000000
@3E99 0000000000000000
@3E9A 0000000000000000
@3E9B 0000000000000000
@3E9C 0000000000000002
@3E9D 0000000000000000
@3E9E 0000000000000000
@3E9F 0000000000000000
@3EA0 0000000000000000
@3EA1 0000000000000000
@3EA2 0000000000000000
@3EA3 0000000000000000
@3EA4 -000000000000001
@3EA5 0000000000000000
@3EA6 0000000000000000
@3EA7 0000000000000000
@3EA8 0000000000000000
@3EA9 0000000000000000
@3EAA 0000000000000000
@3EAB 0000000000000000
@3EAC 0000000000000000
@3EAD 0000000000000000
@3EAE 0000000000000000
@3EAF 0000000000000000
@3EB0 0000000000000000
@3EB1 0000000000000002
@3EB2 0000000000000000
@3EB3 0000000000000000
@3EB4 0000000000000001
@3EB5 0000000000000000
@3EB6 0000000000000000
@3EB7 0000000000000000
@3EB8 0000000000000000
@3EB9 0000000000000000
@3EBA 0000000000000000
@3EBB 0000000000000000
@3EBC 0000000000000000
@3EBD 0000000000000000
@3EBE 0000000000000000
@3EBF 0000000000000000
@3EC0 0000000000000000
@3EC1 0000000000000000
@3EC2 0000000000000000
@3EC3 0000000000000000
@3EC4 0000000000000000
@3EC5 0000000000000000
@3EC6 0000000000000000
@3EC7 0000000000000000
@3EC8 0000000000000000
@3EC9 0000000000000000
@3ECA 0000000000000000
@3ECB 0000000000000001
@3ECC 0000000000000000
@3ECD 0000000000000000
@3ECE 0000000000000000
@3ECF 0000000000000000
@3ED0 0000000000000000
@3ED1 0000000000000000
@3ED2 0000000000000000
@3ED3 0000000000000001
@3ED4 0000000000000000
@3ED5 0000000000000000
@3ED6 0000000000000000
@3ED7 0000000000000000
@3ED8 0000000000000000
@3ED9 0000000000000000
@3EDA 0000000000000000
@3EDB 0000000000000000
@3EDC 0000000000000000
@3EDD 0000000000000000
@3EDE 0000000000000000
@3EDF 0000000000000000
@3EE0 0000000000000000
@3EE1 0000000000000000
@3EE2 0000000000000000
@3EE3 0000000000000000
@3EE4 0000000000000000
@3EE5 0000000000000000
@3EE6 0000000000000000
@3EE7 0000000000000000
@3EE8 0000000000000000
@3EE9 0000000000000000
@3EEA 0000000000000000
@3EEB 0000000000000000
@3EEC 0000000000000000
@3EED -000000000000002
@3EEE 0000000000000000
@3EEF 0000000000000000
@3EF0 0000000000000000
@3EF1 0000000000000000
@3EF2 0000000000000000
@3EF3 0000000000000000
@3EF4 0000000000000000
@3EF5 0000000000000000
@3EF6 -000000000000001
@3EF7 0000000000000000
@3EF8 0000000000000001
@3EF9 0000000000000000
@3EFA 0000000000000001
@3EFB 0000000000000000
@3EFC 0000000000000000
@3EFD -000000000000001
@3EFE 0000000000000001
@3EFF 0000000000000000
@3F00 0000000000000000
@3F01 0000000000000000
@3F02 -000000000000002
@3F03 0000000000000000
@3F04 0000000000000001
@3F05 -000000000000002
@3F06 0000000000000000
@3F07 0000000000000000
@3F08 0000000000000000
@3F09 -000000000000001
@3F0A 0000000000000000
@3F0B 0000000000000000
@3F0C 0000000000000000
@3F0D 0000000000000000
@3F0E 0000000000000000
@3F0F 0000000000000000
@3F10 0000000000000000
@3F11 0000000000000000
@3F12 0000000000000000
@3F13 0000000000000000
@3F14 0000000000000001
@3F15 -000000000000001
@3F16 0000000000000000
@3F17 0000000000000000
@3F18 0000000000000001
@3F19 0000000000000000
@3F1A 0000000000000000
@3F1B 0000000000000000
@3F1C 0000000000000000
@3F1D 0000000000000000
@3F1E 0000000000000000
@3F1F 0000000000000000
@3F20 0000000000000000
@3F21 0000000000000000
@3F22 -000000000000001
@3F23 0000000000000000
@3F24 0000000000000000
@3F25 0000000000000000
@3F26 0000000000000002
@3F27 0000000000000000
@3F28 -000000000000001
@3F29 0000000000000000
@3F2A 0000000000000000
@3F2B 0000000000000000
@3F2C 0000000000000000
@3F2D 0000000000000000
@3F2E 0000000000000000
@3F2F 0000000000000000
@3F30 0000000000000000
@3F31 0000000000000000
@3F32 0000000000000000
@3F33 0000000000000001
@3F34 0000000000000000
@3F35 0000000000000000
@3F36 -000000000000001
@3F37 0000000000000000
@3F38 0000000000000000
@3F39 0000000000000000
@3F3A 0000000000000002
@3F3B 0000000000000000
@3F3C 0000000000000000
@3F3D 0000000000000000
@3F3E 0000000000000000
@3F3F 0000000000000000
@3F40 0000000000000000
@3F41 0000000000000000
@3F42 0000000000000000
@3F43 0000000000000000
@3F44 0000000000000000
@3F45 0000000000000000
@3F46 0000000000000000
@3F47 0000000000000000
@3F48 0000000000000000
@3F49 0000000000000001
@3F4A -000000000000001
@3F4B 0000000000000000
@3F4C 0000000000000001
@3F4D 0000000000000000
@3F4E 0000000000000000
@3F4F 0000000000000000
@3F50 -000000000000001
@3F51 0000000000000000
@3F52 0000000000000000
@3F53 0000000000000000
@3F54 0000000000000000
@3F55 0000000000000000
@3F56 0000000000000000
@3F57 0000000000000000
@3F58 0000000000000000
@3F59 0000000000000000
@3F5A 0000000000000000
@3F5B 0000000000000000
@3F5C 0000000000000001
@3F5D 0000000000000000
@3F5E 0000000000000000
@3F5F 0000000000000000
@3F60 0000000000000000
@3F61 0000000000000000
@3F62 -000000000000001
@3F63 0000000000000000
@3F64 0000000000000000
@3F65 0000000000000000
@3F66 0000000000000000
@3F67 0000000000000000
@3F68 0000000000000000
@3F69 0000000000000000
@3F6A 0000000000000000
@3F6B 0000000000000000
@3F6C 0000000000000000
@3F6D 0000000000000000
@3F6E 0000000000000000
@3F6F 0000000000000000
@3F70 0000000000000000
@3F71 0000000000000003
@3F72 0000000000000000
@3F73 0000000000000000
@3F74 0000000000000000
@3F75 0000000000000000
@3F76 0000000000000000
@3F77 0000000000000001
@3F78 0000000000000000
@3F79 0000000000000000
@3F7A 0000000000000000
@3F7B 0000000000000000
@3F7C 0000000000000000
@3F7D 0000000000000000
@3F7E 0000000000000000
@3F7F 0000000000000000
@3F80 0000000000000000
@3F81 0000000000000000
@3F82 0000000000000000
@3F83 0000000000000000
@3F84 0000000000000000
@3F85 0000000000000000
@3F86 0000000000000000
@3F87 0000000000000000
@3F88 0000000000000000
@3F89 0000000000000000
@3F8A 0000000000000000
@3F8B 0000000000000001
@3F8C 0000000000000000
@3F8D 0000000000000000
@3F8E 0000000000000000
@3F8F 0000000000000000
@3F90 0000000000000000
@3F91 0000000000000000
@3F92 0000000000000000
@3F93 0000000000000001
@3F94 0000000000000000
@3F95 0000000000000000
@3F96 0000000000000000
@3F97 0000000000000000
@3F98 0000000000000001
@3F99 0000000000000000
@3F9A 0000000000000000
@3F9B 0000000000000000
@3F9C 0000000000000000
@3F9D 0000000000000000
@3F9E 0000000000000000
@3F9F 0000000000000000
@3FA0 0000000000000000
@3FA1 -000000000000001
@3FA2 0000000000000000
@3FA3 0000000000000000
@3FA4 0000000000000000
@3FA5 0000000000000000
@3FA6 0000000000000000
@3FA7 0000000000000000
@3FA8 0000000000000000
@3FA9 0000000000000000
@3FAA 0000000000000000
@3FAB 0000000000000000
@3FAC 0000000000000000
@3FAD -000000000000002
@3FAE 0000000000000000
@3FAF 0000000000000000
@3FB0 0000000000000000
@3FB1 0000000000000000
@3FB2 0000000000000000
@3FB3 0000000000000000
@3FB4 0000000000000000
@3FB5 0000000000000000
@3FB6 -000000000000001
@3FB7 0000000000000000
@3FB8 0000000000000002
@3FB9 0000000000000000
@3FBA 0000000000000001
@3FBB 0000000000000001
@3FBC 0000000000000000
@3FBD -000000000000001
@3FBE 0000000000000000
@3FBF 0000000000000000
@3FC0 0000000000000000
@3FC1 0000000000000000
@3FC2 -000000000000001
@3FC3 0000000000000000
@3FC4 0000000000000001
@3FC5 -000000000000002
@3FC6 0000000000000000
@3FC7 0000000000000000
@3FC8 0000000000000000
@3FC9 -000000000000001
@3FCA 0000000000000000
@3FCB 0000000000000000
@3FCC 0000000000000000
@3FCD 0000000000000000
@3FCE 0000000000000000
@3FCF 0000000000000000
@3FD0 0000000000000000
@3FD1 0000000000000000
@3FD2 0000000000000000
@3FD3 0000000000000000
@3FD4 0000000000000001
@3FD5 0000000000000000
@3FD6 0000000000000000
@3FD7 0000000000000000
@3FD8 0000000000000001
@3FD9 0000000000000000
@3FDA 0000000000000000
@3FDB 0000000000000000
@3FDC 0000000000000000
@3FDD 0000000000000000
@3FDE 0000000000000000
@3FDF 0000000000000000
@3FE0 0000000000000000
@3FE1 0000000000000000
@3FE2 -000000000000001
@3FE3 0000000000000000
@3FE4 0000000000000000
@3FE5 0000000000000000
@3FE6 0000000000000002
@3FE7 0000000000000000
@3FE8 -000000000000001
@3FE9 0000000000000000
@3FEA 0000000000000000
@3FEB 0000000000000000
@3FEC 0000000000000000
@3FED 0000000000000000
@3FEE 0000000000000000
@3FEF 0000000000000000
@3FF0 0000000000000000
@3FF1 0000000000000000
@3FF2 0000000000000000
@3FF3 0000000000000001
@3FF4 0000000000000000
@3FF5 0000000000000000
@3FF6 -000000000000001
@3FF7 0000000000000000
@3FF8 0000000000000000
@3FF9 -000000000000001
@3FFA 0000000000000002
@3FFB 0000000000000000
@3FFC 0000000000000000
@3FFD 0000000000000000
@3FFE 0000000000000000
@3FFF 0000000000000000
@4000 0000000000000000
@4001 0000000000000000
@4002 0000000000000000
@4003 0000000000000000
@4004 0000000000000000
@4005 0000000000000000
@4006 0000000000000000
@4007 0000000000000000
@4008 0000000000000000
@4009 0000000000000001
@400A -000000000000001
@400B 0000000000000000
@400C 0000000000000000
@400D 0000000000000000
@400E 0000000000000000
@400F 0000000000000000
@4010 -000000000000001
@4011 0000000000000000
@4012 0000000000000000
@4013 0000000000000000
@4014 0000000000000000
@4015 0000000000000000
@4016 0000000000000000
@4017 0000000000000000
@4018 0000000000000000
@4019 0000000000000000
@401A 0000000000000000
@401B 0000000000000000
@401C 0000000000000002
@401D 0000000000000000
@401E 0000000000000000
@401F 0000000000000000
@4020 0000000000000000
@4021 0000000000000000
@4022 -000000000000001
@4023 0000000000000000
@4024 0000000000000000
@4025 0000000000000000
@4026 0000000000000000
@4027 0000000000000000
@4028 0000000000000000
@4029 0000000000000000
@402A 0000000000000000
@402B 0000000000000000
@402C 0000000000000000
@402D 0000000000000000
@402E 0000000000000000
@402F 0000000000000000
@4030 -000000000000001
@4031 0000000000000002
@4032 0000000000000000
@4033 0000000000000000
@4034 0000000000000000
@4035 0000000000000000
@4036 0000000000000000
@4037 0000000000000000
@4038 0000000000000000
@4039 0000000000000000
@403A 0000000000000000
@403B 0000000000000000
@403C 0000000000000000
@403D 0000000000000000
@403E 0000000000000000
@403F 0000000000000000
@4040 0000000000000000
@4041 0000000000000000
@4042 0000000000000000
@4043 0000000000000000
@4044 0000000000000000
@4045 0000000000000000
@4046 0000000000000000
@4047 0000000000000000
@4048 0000000000000000
@4049 0000000000000000
@404A 0000000000000000
@404B 0000000000000001
@404C 0000000000000000
@404D 0000000000000000
@404E 0000000000000000
@404F 0000000000000000
@4050 0000000000000000
@4051 0000000000000000
@4052 0000000000000000
@4053 0000000000000001
@4054 0000000000000000
@4055 0000000000000000
@4056 0000000000000000
@4057 0000000000000000
@4058 0000000000000001
@4059 0000000000000000
@405A 0000000000000000
@405B 0000000000000000
@405C 0000000000000000
@405D 0000000000000000
@405E 0000000000000000
@405F 0000000000000000
@4060 0000000000000000
@4061 -000000000000001
@4062 0000000000000000
@4063 0000000000000000
@4064 0000000000000000
@4065 0000000000000000
@4066 0000000000000000
@4067 0000000000000000
@4068 0000000000000000
@4069 0000000000000000
@406A 0000000000000000
@406B 0000000000000000
@406C 0000000000000000
@406D -000000000000002
@406E 0000000000000000
@406F 0000000000000000
@4070 0000000000000000
@4071 0000000000000000
@4072 0000000000000000
@4073 0000000000000000
@4074 0000000000000000
@4075 0000000000000000
@4076 -000000000000001
@4077 0000000000000000
@4078 0000000000000002
@4079 0000000000000000
@407A 0000000000000001
@407B 0000000000000000
@407C 0000000000000000
@407D 0000000000000000
@407E 0000000000000000
@407F 0000000000000000
@4080 0000000000000000
@4081 0000000000000000
@4082 -000000000000002
@4083 0000000000000000
@4084 0000000000000001
@4085 -000000000000002
@4086 0000000000000000
@4087 0000000000000000
@4088 0000000000000000
@4089 -000000000000003
@408A 0000000000000000
@408B 0000000000000000
@408C 0000000000000001
@408D 0000000000000001
@408E 0000000000000000
@408F 0000000000000001
@4090 0000000000000000
@4091 0000000000000000
@4092 0000000000000000
@4093 0000000000000000
@4094 0000000000000001
@4095 -000000000000001
@4096 0000000000000000
@4097 0000000000000000
@4098 0000000000000001
@4099 -000000000000001
@409A 0000000000000000
@409B 0000000000000001
@409C 0000000000000000
@409D -000000000000001
@409E 0000000000000001
@409F 0000000000000001
@40A0 0000000000000000
@40A1 0000000000000000
@40A2 -000000000000001
@40A3 -000000000000001
@40A4 0000000000000000
@40A5 0000000000000001
@40A6 0000000000000002
@40A7 0000000000000000
@40A8 0000000000000000
@40A9 0000000000000000
@40AA 0000000000000000
@40AB 0000000000000001
@40AC -000000000000001
@40AD 0000000000000000
@40AE 0000000000000000
@40AF 0000000000000000
@40B0 0000000000000000
@40B1 0000000000000000
@40B2 0000000000000000
@40B3 0000000000000001
@40B4 0000000000000000
@40B5 0000000000000000
@40B6 0000000000000000
@40B7 0000000000000000
@40B8 0000000000000000
@40B9 -000000000000002
@40BA 0000000000000001
@40BB 0000000000000000
@40BC 0000000000000000
@40BD 0000000000000001
@40BE 0000000000000000
@40BF -000000000000001
@40C0 -000000000000002
@40C1 0000000000000001
@40C2 0000000000000000
@40C3 0000000000000001
@40C4 0000000000000002
@40C5 0000000000000000
@40C6 0000000000000000
@40C7 0000000000000000
@40C8 0000000000000000
@40C9 0000000000000001
@40CA 0000000000000000
@40CB 0000000000000000
@40CC 0000000000000000
@40CD 0000000000000000
@40CE -000000000000001
@40CF -000000000000001
@40D0 0000000000000000
@40D1 0000000000000000
@40D2 0000000000000000
@40D3 -000000000000001
@40D4 0000000000000001
@40D5 0000000000000001
@40D6 -000000000000001
@40D7 0000000000000000
@40D8 -000000000000001
@40D9 0000000000000000
@40DA 0000000000000000
@40DB 0000000000000001
@40DC 0000000000000001
@40DD 0000000000000000
@40DE 0000000000000002
@40DF 0000000000000001
@40E0 0000000000000000
@40E1 0000000000000000
@40E2 -000000000000002
@40E3 0000000000000000
@40E4 0000000000000000
@40E5 -000000000000002
@40E6 0000000000000000
@40E7 0000000000000001
@40E8 0000000000000001
@40E9 0000000000000000
@40EA 0000000000000002
@40EB 0000000000000000
@40EC 0000000000000000
@40ED 0000000000000000
@40EE 0000000000000000
@40EF 0000000000000000
@40F0 -000000000000001
@40F1 0000000000000003
@40F2 0000000000000000
@40F3 0000000000000000
@40F4 0000000000000000
@40F5 0000000000000000
@40F6 0000000000000001
@40F7 0000000000000000
@40F8 -000000000000001
@40F9 0000000000000000
@40FA -000000000000001
@40FB 0000000000000000
@40FC 0000000000000000
@40FD 0000000000000000
@40FE 0000000000000000
@40FF 0000000000000000
@4100 0000000000000000
@4101 -000000000000001
@4102 0000000000000001
@4103 0000000000000000
@4104 0000000000000000
@4105 -000000000000002
@4106 0000000000000000
@4107 0000000000000000
@4108 0000000000000000
@4109 0000000000000000
@410A 0000000000000000
@410B 0000000000000002
@410C 0000000000000002
@410D 0000000000000000
@410E 0000000000000000
@410F 0000000000000000
@4110 0000000000000000
@4111 0000000000000001
@4112 0000000000000000
@4113 0000000000000000
@4114 0000000000000000
@4115 0000000000000000
@4116 -000000000000001
@4117 0000000000000000
@4118 0000000000000000
@4119 0000000000000000
@411A 0000000000000001
@411B 0000000000000000
@411C 0000000000000000
@411D 0000000000000001
@411E 0000000000000000
@411F 0000000000000000
@4120 0000000000000000
@4121 0000000000000000
@4122 -000000000000001
@4123 0000000000000000
@4124 0000000000000000
@4125 0000000000000000
@4126 0000000000000001
@4127 0000000000000000
@4128 0000000000000000
@4129 0000000000000000
@412A 0000000000000000
@412B 0000000000000000
@412C 0000000000000000
@412D -000000000000001
@412E 0000000000000000
@412F -000000000000001
@4130 -000000000000001
@4131 0000000000000000
@4132 0000000000000000
@4133 -000000000000001
@4134 0000000000000000
@4135 -000000000000001
@4136 0000000000000000
@4137 0000000000000000
@4138 0000000000000001
@4139 0000000000000001
@413A -000000000000001
@413B -000000000000001
@413C 0000000000000001
@413D 0000000000000000
@413E -000000000000002
@413F 0000000000000001
@4140 0000000000000000
@4141 -000000000000001
@4142 -000000000000002
@4143 0000000000000000
@4144 0000000000000000
@4145 -000000000000002
@4146 0000000000000000
@4147 0000000000000000
@4148 0000000000000000
@4149 0000000000000000
@414A 0000000000000001
@414B 0000000000000000
@414C 0000000000000000
@414D 0000000000000000
@414E 0000000000000000
@414F 0000000000000000
@4150 -000000000000001
@4151 0000000000000000
@4152 0000000000000000
@4153 0000000000000000
@4154 0000000000000000
@4155 -000000000000001
@4156 0000000000000000
@4157 0000000000000000
@4158 0000000000000000
@4159 0000000000000001
@415A 0000000000000000
@415B 0000000000000001
@415C 0000000000000000
@415D 0000000000000000
@415E 0000000000000000
@415F 0000000000000001
@4160 0000000000000000
@4161 0000000000000000
@4162 -000000000000001
@4163 0000000000000000
@4164 0000000000000000
@4165 0000000000000000
@4166 0000000000000001
@4167 0000000000000000
@4168 -000000000000002
@4169 0000000000000000
@416A 0000000000000000
@416B 0000000000000001
@416C 0000000000000000
@416D 0000000000000000
@416E 0000000000000000
@416F 0000000000000000
@4170 0000000000000000
@4171 0000000000000001
@4172 0000000000000000
@4173 0000000000000001
@4174 0000000000000000
@4175 0000000000000000
@4176 0000000000000000
@4177 0000000000000000
@4178 0000000000000000
@4179 0000000000000000
@417A 0000000000000002
@417B 0000000000000000
@417C -000000000000001
@417D 0000000000000000
@417E 0000000000000000
@417F 0000000000000000
@4180 0000000000000000
@4181 0000000000000000
@4182 0000000000000000
@4183 0000000000000000
@4184 0000000000000001
@4185 0000000000000000
@4186 0000000000000000
@4187 0000000000000000
@4188 0000000000000000
@4189 0000000000000001
@418A -000000000000001
@418B 0000000000000000
@418C 0000000000000001
@418D 0000000000000000
@418E 0000000000000000
@418F 0000000000000000
@4190 0000000000000000
@4191 0000000000000000
@4192 -000000000000001
@4193 0000000000000000
@4194 0000000000000000
@4195 0000000000000000
@4196 0000000000000000
@4197 0000000000000000
@4198 0000000000000000
@4199 0000000000000000
@419A 0000000000000000
@419B 0000000000000001
@419C 0000000000000002
@419D 0000000000000000
@419E 0000000000000000
@419F 0000000000000000
@41A0 0000000000000000
@41A1 0000000000000000
@41A2 0000000000000000
@41A3 0000000000000000
@41A4 -000000000000001
@41A5 0000000000000000
@41A6 0000000000000000
@41A7 0000000000000000
@41A8 0000000000000000
@41A9 0000000000000000
@41AA 0000000000000000
@41AB 0000000000000000
@41AC 0000000000000000
@41AD 0000000000000000
@41AE 0000000000000000
@41AF 0000000000000000
@41B0 -000000000000001
@41B1 0000000000000002
@41B2 0000000000000000
@41B3 0000000000000000
@41B4 0000000000000000
@41B5 0000000000000000
@41B6 0000000000000000
@41B7 0000000000000001
@41B8 0000000000000000
@41B9 0000000000000000
@41BA 0000000000000000
@41BB 0000000000000000
@41BC 0000000000000000
@41BD 0000000000000000
@41BE 0000000000000000
@41BF 0000000000000000
@41C0 0000000000000001
@41C1 0000000000000000
@41C2 0000000000000000
@41C3 0000000000000000
@41C4 0000000000000000
@41C5 0000000000000000
@41C6 0000000000000000
@41C7 0000000000000000
@41C8 0000000000000000
@41C9 0000000000000000
@41CA 0000000000000000
@41CB 0000000000000001
@41CC 0000000000000001
@41CD 0000000000000000
@41CE 0000000000000000
@41CF 0000000000000000
@41D0 0000000000000000
@41D1 0000000000000000
@41D2 0000000000000000
@41D3 0000000000000001
@41D4 0000000000000000
@41D5 0000000000000000
@41D6 0000000000000000
@41D7 0000000000000000
@41D8 0000000000000000
@41D9 0000000000000000
@41DA 0000000000000000
@41DB 0000000000000000
@41DC 0000000000000000
@41DD 0000000000000001
@41DE 0000000000000000
@41DF 0000000000000000
@41E0 0000000000000000
@41E1 -000000000000002
@41E2 0000000000000000
@41E3 0000000000000000
@41E4 0000000000000000
@41E5 0000000000000000
@41E6 0000000000000000
@41E7 0000000000000000
@41E8 0000000000000001
@41E9 0000000000000000
@41EA 0000000000000000
@41EB 0000000000000000
@41EC 0000000000000000
@41ED -000000000000001
@41EE 0000000000000000
@41EF -000000000000001
@41F0 0000000000000000
@41F1 0000000000000000
@41F2 0000000000000000
@41F3 0000000000000000
@41F4 0000000000000000
@41F5 0000000000000000
@41F6 -000000000000001
@41F7 0000000000000000
@41F8 0000000000000001
@41F9 0000000000000000
@41FA 0000000000000001
@41FB 0000000000000000
@41FC 0000000000000000
@41FD 0000000000000000
@41FE 0000000000000000
@41FF 0000000000000000
@4200 0000000000000000
@4201 0000000000000000
@4202 -000000000000001
@4203 0000000000000000
@4204 0000000000000001
@4205 -000000000000002
@4206 0000000000000000
@4207 0000000000000000
@4208 0000000000000000
@4209 0000000000000000
@420A 0000000000000000
@420B 0000000000000000
@420C 0000000000000000
@420D 0000000000000000
@420E 0000000000000000
@420F 0000000000000000
@4210 0000000000000000
@4211 0000000000000000
@4212 0000000000000000
@4213 0000000000000000
@4214 0000000000000000
@4215 0000000000000000
@4216 0000000000000000
@4217 0000000000000000
@4218 0000000000000001
@4219 0000000000000000
@421A 0000000000000000
@421B 0000000000000000
@421C 0000000000000000
@421D 0000000000000000
@421E 0000000000000000
@421F 0000000000000000
@4220 0000000000000000
@4221 0000000000000000
@4222 -000000000000001
@4223 0000000000000000
@4224 0000000000000000
@4225 0000000000000000
@4226 0000000000000002
@4227 0000000000000000
@4228 -000000000000001
@4229 0000000000000000
@422A 0000000000000000
@422B 0000000000000000
@422C 0000000000000000
@422D 0000000000000000
@422E 0000000000000000
@422F 0000000000000000
@4230 0000000000000000
@4231 0000000000000000
@4232 0000000000000000
@4233 0000000000000001
@4234 0000000000000000
@4235 0000000000000000
@4236 0000000000000000
@4237 0000000000000000
@4238 0000000000000000
@4239 0000000000000000
@423A 0000000000000002
@423B 0000000000000000
@423C 0000000000000000
@423D 0000000000000000
@423E 0000000000000000
@423F 0000000000000000
@4240 0000000000000000
@4241 0000000000000000
@4242 0000000000000000
@4243 0000000000000000
@4244 0000000000000000
@4245 0000000000000000
@4246 0000000000000000
@4247 0000000000000000
@4248 0000000000000000
@4249 0000000000000001
@424A -000000000000001
@424B 0000000000000000
@424C 0000000000000001
@424D 0000000000000000
@424E 0000000000000000
@424F 0000000000000000
@4250 -000000000000001
@4251 0000000000000000
@4252 0000000000000000
@4253 0000000000000000
@4254 0000000000000000
@4255 0000000000000000
@4256 0000000000000000
@4257 0000000000000000
@4258 0000000000000000
@4259 0000000000000000
@425A 0000000000000000
@425B 0000000000000000
@425C 0000000000000001
@425D 0000000000000000
@425E 0000000000000000
@425F 0000000000000000
@4260 0000000000000000
@4261 0000000000000000
@4262 0000000000000000
@4263 0000000000000000
@4264 0000000000000000
@4265 0000000000000000
@4266 0000000000000000
@4267 0000000000000000
@4268 0000000000000000
@4269 0000000000000000
@426A 0000000000000000
@426B 0000000000000000
@426C 0000000000000000
@426D 0000000000000000
@426E 0000000000000000
@426F 0000000000000000
@4270 0000000000000000
@4271 0000000000000003
@4272 0000000000000000
@4273 0000000000000000
@4274 0000000000000000
@4275 0000000000000000
@4276 0000000000000000
@4277 0000000000000001
@4278 0000000000000000
@4279 0000000000000000
@427A 0000000000000000
@427B 0000000000000000
@427C 0000000000000000
@427D -000000000000001
@427E 0000000000000000
@427F 0000000000000000
@4280 0000000000000001
@4281 0000000000000000
@4282 0000000000000000
@4283 0000000000000000
@4284 0000000000000000
@4285 0000000000000000
@4286 0000000000000000
@4287 0000000000000000
@4288 0000000000000000
@4289 0000000000000000
@428A 0000000000000000
@428B 0000000000000001
@428C 0000000000000000
@428D 0000000000000000
@428E 0000000000000000
@428F 0000000000000000
@4290 0000000000000000
@4291 0000000000000000
@4292 0000000000000000
@4293 0000000000000001
@4294 0000000000000000
@4295 0000000000000000
@4296 0000000000000000
@4297 0000000000000000
@4298 0000000000000000
@4299 0000000000000000
@429A 0000000000000000
@429B 0000000000000000
@429C 0000000000000000
@429D 0000000000000000
@429E 0000000000000000
@429F 0000000000000000
@42A0 0000000000000000
@42A1 -000000000000001
@42A2 0000000000000000
@42A3 0000000000000000
@42A4 0000000000000000
@42A5 0000000000000000
@42A6 0000000000000000
@42A7 0000000000000000
@42A8 0000000000000001
@42A9 0000000000000000
@42AA 0000000000000000
@42AB 0000000000000000
@42AC 0000000000000000
@42AD -000000000000002
@42AE 0000000000000000
@42AF 0000000000000000
@42B0 0000000000000000
@42B1 0000000000000000
@42B2 0000000000000000
@42B3 0000000000000000
@42B4 0000000000000000
@42B5 0000000000000000
@42B6 -000000000000001
@42B7 0000000000000000
@42B8 0000000000000001
@42B9 0000000000000000
@42BA 0000000000000001
@42BB 0000000000000001
@42BC 0000000000000000
@42BD -000000000000001
@42BE 0000000000000001
@42BF 0000000000000000
@42C0 0000000000000000
@42C1 0000000000000000
@42C2 -000000000000001
@42C3 0000000000000000
@42C4 0000000000000001
@42C5 -000000000000002
@42C6 0000000000000000
@42C7 0000000000000000
@42C8 0000000000000000
@42C9 -000000000000001
@42CA 0000000000000000
@42CB 0000000000000000
@42CC 0000000000000000
@42CD 0000000000000000
@42CE 0000000000000000
@42CF 0000000000000000
@42D0 0000000000000000
@42D1 0000000000000000
@42D2 0000000000000000
@42D3 0000000000000000
@42D4 0000000000000001
@42D5 0000000000000000
@42D6 0000000000000000
@42D7 0000000000000000
@42D8 0000000000000001
@42D9 0000000000000000
@42DA 0000000000000000
@42DB 0000000000000000
@42DC 0000000000000000
@42DD 0000000000000000
@42DE 0000000000000000
@42DF 0000000000000000
@42E0 0000000000000000
@42E1 0000000000000000
@42E2 -000000000000001
@42E3 0000000000000000
@42E4 0000000000000000
@42E5 0000000000000000
@42E6 0000000000000002
@42E7 0000000000000000
@42E8 -000000000000001
@42E9 0000000000000000
@42EA 0000000000000000
@42EB 0000000000000000
@42EC 0000000000000000
@42ED 0000000000000000
@42EE 0000000000000000
@42EF 0000000000000000
@42F0 0000000000000000
@42F1 0000000000000000
@42F2 0000000000000000
@42F3 0000000000000001
@42F4 0000000000000000
@42F5 0000000000000000
@42F6 0000000000000000
@42F7 0000000000000000
@42F8 0000000000000000
@42F9 0000000000000000
@42FA 0000000000000002
@42FB 0000000000000000
@42FC 0000000000000000
@42FD 0000000000000000
@42FE 0000000000000000
@42FF 0000000000000000
@4300 0000000000000000
@4301 0000000000000000
@4302 0000000000000000
@4303 0000000000000000
@4304 0000000000000000
@4305 0000000000000000
@4306 0000000000000000
@4307 0000000000000000
@4308 0000000000000000
@4309 0000000000000001
@430A -000000000000001
@430B 0000000000000000
@430C 0000000000000001
@430D 0000000000000000
@430E 0000000000000000
@430F 0000000000000000
@4310 -000000000000001
@4311 0000000000000000
@4312 0000000000000000
@4313 0000000000000000
@4314 0000000000000000
@4315 0000000000000000
@4316 0000000000000000
@4317 0000000000000000
@4318 0000000000000000
@4319 0000000000000000
@431A 0000000000000000
@431B 0000000000000000
@431C 0000000000000002
@431D 0000000000000000
@431E 0000000000000000
@431F 0000000000000000
@4320 0000000000000000
@4321 0000000000000000
@4322 -000000000000001
@4323 0000000000000000
@4324 0000000000000000
@4325 0000000000000000
@4326 0000000000000000
@4327 0000000000000000
@4328 0000000000000000
@4329 0000000000000000
@432A 0000000000000000
@432B 0000000000000000
@432C 0000000000000000
@432D 0000000000000000
@432E 0000000000000000
@432F 0000000000000000
@4330 0000000000000000
@4331 0000000000000003
@4332 0000000000000000
@4333 0000000000000000
@4334 0000000000000001
@4335 0000000000000000
@4336 0000000000000000
@4337 0000000000000000
@4338 0000000000000000
@4339 0000000000000000
@433A 0000000000000000
@433B 0000000000000000
@433C 0000000000000000
@433D 0000000000000000
@433E 0000000000000000
@433F 0000000000000000
@4340 0000000000000000
@4341 0000000000000000
@4342 0000000000000000
@4343 0000000000000000
@4344 0000000000000000
@4345 0000000000000000
@4346 0000000000000000
@4347 0000000000000000
@4348 0000000000000000
@4349 0000000000000000
@434A 0000000000000000
@434B 0000000000000001
@434C 0000000000000000
@434D 0000000000000000
@434E 0000000000000000
@434F 0000000000000000
@4350 0000000000000000
@4351 0000000000000000
@4352 0000000000000000
@4353 0000000000000001
@4354 0000000000000000
@4355 0000000000000000
@4356 0000000000000000
@4357 0000000000000000
@4358 0000000000000000
@4359 0000000000000000
@435A 0000000000000000
@435B 0000000000000000
@435C 0000000000000000
@435D 0000000000000000
@435E 0000000000000000
@435F 0000000000000000
@4360 0000000000000000
@4361 0000000000000000
@4362 0000000000000000
@4363 0000000000000000
@4364 0000000000000000
@4365 0000000000000000
@4366 0000000000000000
@4367 0000000000000000
@4368 0000000000000000
@4369 0000000000000000
@436A 0000000000000000
@436B 0000000000000000
@436C 0000000000000000
@436D -000000000000001
@436E 0000000000000000
@436F 0000000000000000
@4370 0000000000000000
@4371 0000000000000000
@4372 0000000000000000
@4373 0000000000000000
@4374 0000000000000000
@4375 0000000000000000
@4376 -000000000000001
@4377 0000000000000000
@4378 0000000000000002
@4379 0000000000000000
@437A 0000000000000001
@437B 0000000000000000
@437C 0000000000000000
@437D -000000000000001
@437E 0000000000000000
@437F 0000000000000000
@4380 0000000000000000
@4381 0000000000000000
@4382 -000000000000001
@4383 0000000000000000
@4384 0000000000000001
@4385 -000000000000002
@4386 0000000000000000
@4387 0000000000000000
@4388 0000000000000000
@4389 -000000000000001
@438A 0000000000000000
@438B 0000000000000000
@438C 0000000000000000
@438D 0000000000000000
@438E 0000000000000000
@438F 0000000000000000
@4390 0000000000000000
@4391 0000000000000000
@4392 0000000000000000
@4393 0000000000000000
@4394 0000000000000001
@4395 0000000000000000
@4396 0000000000000000
@4397 0000000000000000
@4398 0000000000000001
@4399 0000000000000000
@439A 0000000000000000
@439B 0000000000000000
@439C 0000000000000000
@439D 0000000000000000
@439E 0000000000000000
@439F 0000000000000000
@43A0 0000000000000000
@43A1 0000000000000000
@43A2 -000000000000001
@43A3 0000000000000000
@43A4 0000000000000000
@43A5 0000000000000000
@43A6 0000000000000002
@43A7 0000000000000000
@43A8 -000000000000001
@43A9 0000000000000000
@43AA 0000000000000000
@43AB 0000000000000000
@43AC 0000000000000000
@43AD 0000000000000000
@43AE 0000000000000000
@43AF 0000000000000000
@43B0 0000000000000000
@43B1 0000000000000000
@43B2 0000000000000000
@43B3 0000000000000001
@43B4 0000000000000000
@43B5 0000000000000000
@43B6 0000000000000000
@43B7 0000000000000000
@43B8 0000000000000000
@43B9 0000000000000000
@43BA 0000000000000002
@43BB 0000000000000000
@43BC 0000000000000000
@43BD 0000000000000000
@43BE 0000000000000000
@43BF 0000000000000000
@43C0 0000000000000000
@43C1 0000000000000000
@43C2 0000000000000000
@43C3 0000000000000000
@43C4 0000000000000000
@43C5 0000000000000000
@43C6 0000000000000000
@43C7 0000000000000000
@43C8 0000000000000000
@43C9 0000000000000001
@43CA -000000000000001
@43CB 0000000000000000
@43CC 0000000000000001
@43CD 0000000000000000
@43CE 0000000000000000
@43CF 0000000000000000
@43D0 -000000000000001
@43D1 0000000000000000
@43D2 0000000000000000
@43D3 0000000000000000
@43D4 0000000000000000
@43D5 0000000000000000
@43D6 0000000000000000
@43D7 0000000000000000
@43D8 0000000000000000
@43D9 0000000000000000
@43DA 0000000000000000
@43DB 0000000000000000
@43DC 0000000000000002
@43DD 0000000000000000
@43DE 0000000000000000
@43DF 0000000000000000
@43E0 0000000000000000
@43E1 0000000000000000
@43E2 -000000000000001
@43E3 0000000000000000
@43E4 0000000000000000
@43E5 0000000000000000
@43E6 0000000000000000
@43E7 0000000000000000
@43E8 0000000000000000
@43E9 0000000000000000
@43EA 0000000000000000
@43EB 0000000000000000
@43EC 0000000000000000
@43ED 0000000000000000
@43EE 0000000000000000
@43EF 0000000000000000
@43F0 0000000000000000
@43F1 0000000000000002
@43F2 0000000000000000
@43F3 0000000000000000
@43F4 0000000000000001
@43F5 0000000000000000
@43F6 0000000000000000
@43F7 0000000000000000
@43F8 0000000000000000
@43F9 0000000000000000
@43FA 0000000000000000
@43FB 0000000000000000
@43FC 0000000000000000
@43FD 0000000000000000
@43FE 0000000000000000
@43FF 0000000000000000
@4400 0000000000000000
@4401 0000000000000000
@4402 0000000000000000
@4403 0000000000000000
@4404 0000000000000000
@4405 0000000000000000
@4406 0000000000000000
@4407 0000000000000000
@4408 0000000000000000
@4409 0000000000000000
@440A 0000000000000000
@440B 0000000000000001
@440C 0000000000000000
@440D 0000000000000000
@440E 0000000000000000
@440F 0000000000000000
@4410 0000000000000000
@4411 0000000000000000
@4412 0000000000000000
@4413 0000000000000001
@4414 0000000000000000
@4415 0000000000000000
@4416 0000000000000000
@4417 0000000000000000
@4418 0000000000000000
@4419 0000000000000000
@441A 0000000000000000
@441B 0000000000000000
@441C 0000000000000000
@441D 0000000000000000
@441E 0000000000000000
@441F 0000000000000000
@4420 0000000000000000
@4421 0000000000000000
@4422 0000000000000000
@4423 0000000000000000
@4424 0000000000000000
@4425 0000000000000000
@4426 0000000000000000
@4427 0000000000000000
@4428 0000000000000000
@4429 0000000000000000
@442A 0000000000000000
@442B 0000000000000000
@442C 0000000000000000
@442D -000000000000001
@442E 0000000000000000
@442F 0000000000000000
@4430 0000000000000000
@4431 0000000000000000
@4432 0000000000000000
@4433 0000000000000000
@4434 0000000000000000
@4435 0000000000000000
@4436 -000000000000001
@4437 0000000000000000
@4438 0000000000000002
@4439 0000000000000000
@443A 0000000000000000
@443B 0000000000000000
@443C 0000000000000000
@443D -000000000000001
@443E 0000000000000000
@443F 0000000000000000
@4440 0000000000000000
@4441 0000000000000000
@4442 -000000000000001
@4443 0000000000000000
@4444 0000000000000001
@4445 -000000000000002
@4446 0000000000000000
@4447 0000000000000000
@4448 0000000000000000
@4449 -000000000000001
@444A 0000000000000000
@444B 0000000000000000
@444C 0000000000000000
@444D 0000000000000000
@444E 0000000000000000
@444F 0000000000000000
@4450 0000000000000000
@4451 0000000000000000
@4452 0000000000000000
@4453 0000000000000000
@4454 0000000000000001
@4455 0000000000000000
@4456 0000000000000000
@4457 0000000000000000
@4458 0000000000000001
@4459 0000000000000000
@445A 0000000000000000
@445B 0000000000000000
@445C 0000000000000000
@445D 0000000000000000
@445E 0000000000000000
@445F 0000000000000000
@4460 0000000000000000
@4461 0000000000000000
@4462 -000000000000001
@4463 0000000000000000
@4464 0000000000000000
@4465 0000000000000000
@4466 0000000000000002
@4467 0000000000000000
@4468 -000000000000001
@4469 0000000000000000
@446A 0000000000000000
@446B 0000000000000001
@446C 0000000000000000
@446D 0000000000000000
@446E 0000000000000000
@446F 0000000000000000
@4470 0000000000000000
@4471 0000000000000000
@4472 0000000000000000
@4473 0000000000000001
@4474 0000000000000000
@4475 0000000000000000
@4476 0000000000000000
@4477 0000000000000000
@4478 0000000000000000
@4479 0000000000000000
@447A 0000000000000002
@447B 0000000000000000
@447C 0000000000000000
@447D 0000000000000000
@447E 0000000000000000
@447F 0000000000000000
@4480 0000000000000000
@4481 0000000000000000
@4482 0000000000000000
@4483 0000000000000000
@4484 0000000000000000
@4485 0000000000000000
@4486 0000000000000000
@4487 0000000000000000
@4488 0000000000000000
@4489 0000000000000001
@448A -000000000000001
@448B 0000000000000000
@448C 0000000000000001
@448D 0000000000000000
@448E 0000000000000000
@448F 0000000000000000
@4490 -000000000000001
@4491 0000000000000000
@4492 0000000000000000
@4493 0000000000000000
@4494 0000000000000000
@4495 0000000000000000
@4496 0000000000000000
@4497 0000000000000000
@4498 0000000000000000
@4499 0000000000000000
@449A 0000000000000000
@449B 0000000000000000
@449C 0000000000000002
@449D 0000000000000000
@449E 0000000000000000
@449F 0000000000000000
@44A0 0000000000000000
@44A1 0000000000000000
@44A2 -000000000000001
@44A3 0000000000000000
@44A4 0000000000000000
@44A5 0000000000000000
@44A6 0000000000000000
@44A7 0000000000000000
@44A8 0000000000000000
@44A9 0000000000000000
@44AA 0000000000000000
@44AB 0000000000000000
@44AC 0000000000000000
@44AD 0000000000000000
@44AE 0000000000000000
@44AF 0000000000000000
@44B0 -000000000000001
@44B1 0000000000000002
@44B2 0000000000000000
@44B3 0000000000000000
@44B4 0000000000000001
@44B5 0000000000000000
@44B6 0000000000000000
@44B7 0000000000000000
@44B8 0000000000000000
@44B9 0000000000000000
@44BA 0000000000000000
@44BB 0000000000000000
@44BC 0000000000000000
@44BD 0000000000000000
@44BE 0000000000000000
@44BF 0000000000000000
@44C0 0000000000000000
@44C1 0000000000000000
@44C2 0000000000000000
@44C3 0000000000000000
@44C4 0000000000000000
@44C5 0000000000000000
@44C6 0000000000000000
@44C7 0000000000000000
@44C8 0000000000000000
@44C9 0000000000000000
@44CA 0000000000000000
@44CB 0000000000000001
@44CC 0000000000000000
@44CD 0000000000000000
@44CE 0000000000000000
@44CF 0000000000000000
@44D0 0000000000000000
@44D1 0000000000000000
@44D2 0000000000000000
@44D3 0000000000000001
@44D4 0000000000000000
@44D5 0000000000000000
@44D6 0000000000000000
@44D7 0000000000000000
@44D8 0000000000000000
@44D9 0000000000000000
@44DA 0000000000000000
@44DB 0000000000000000
@44DC 0000000000000000
@44DD 0000000000000000
@44DE 0000000000000000
@44DF 0000000000000000
@44E0 0000000000000000
@44E1 -000000000000001
@44E2 0000000000000000
@44E3 0000000000000000
@44E4 0000000000000000
@44E5 0000000000000000
@44E6 0000000000000000
@44E7 0000000000000000
@44E8 0000000000000000
@44E9 0000000000000000
@44EA 0000000000000000
@44EB 0000000000000000
@44EC 0000000000000000
@44ED -000000000000001
@44EE 0000000000000000
@44EF 0000000000000000
@44F0 0000000000000000
@44F1 0000000000000000
@44F2 0000000000000000
@44F3 0000000000000000
@44F4 0000000000000000
@44F5 0000000000000000
@44F6 -000000000000001
@44F7 0000000000000000
@44F8 0000000000000001
@44F9 0000000000000000
@44FA 0000000000000000
@44FB 0000000000000000
@44FC 0000000000000000
@44FD -000000000000001
@44FE 0000000000000000
@44FF 0000000000000000
@4500 0000000000000000
@4501 0000000000000000
@4502 -000000000000001
@4503 0000000000000000
@4504 0000000000000001
@4505 -000000000000001
@4506 0000000000000000
@4507 0000000000000000
@4508 0000000000000000
@4509 -000000000000001
@450A 0000000000000000
@450B 0000000000000000
@450C 0000000000000000
@450D 0000000000000000
@450E 0000000000000000
@450F 0000000000000000
@4510 0000000000000000
@4511 0000000000000000
@4512 0000000000000000
@4513 0000000000000000
@4514 0000000000000001
@4515 0000000000000000
@4516 0000000000000000
@4517 0000000000000000
@4518 0000000000000000
@4519 0000000000000000
@451A 0000000000000000
@451B 0000000000000000
@451C 0000000000000000
@451D 0000000000000000
@451E 0000000000000000
@451F 0000000000000000
@4520 0000000000000000
@4521 0000000000000000
@4522 -000000000000001
@4523 0000000000000000
@4524 0000000000000000
@4525 0000000000000000
@4526 0000000000000002
@4527 0000000000000000
@4528 -000000000000001
@4529 0000000000000000
@452A 0000000000000000
@452B 0000000000000001
@452C 0000000000000000
@452D 0000000000000000
@452E 0000000000000000
@452F 0000000000000000
@4530 0000000000000000
@4531 0000000000000000
@4532 0000000000000000
@4533 0000000000000000
@4534 0000000000000000
@4535 0000000000000000
@4536 0000000000000000
@4537 0000000000000000
@4538 0000000000000000
@4539 0000000000000002
@453A 0000000000000002
@453B 0000000000000000
@453C 0000000000000000
@453D 0000000000000000
@453E 0000000000000000
@453F 0000000000000000
@4540 0000000000000000
@4541 0000000000000000
@4542 0000000000000000
@4543 0000000000000000
@4544 0000000000000000
@4545 0000000000000000
@4546 0000000000000000
@4547 0000000000000000
@4548 0000000000000000
@4549 0000000000000001
@454A 0000000000000000
@454B 0000000000000000
@454C 0000000000000001
@454D 0000000000000000
@454E 0000000000000000
@454F 0000000000000000
@4550 -000000000000002
@4551 0000000000000000
@4552 0000000000000000
@4553 0000000000000000
@4554 0000000000000000
@4555 0000000000000000
@4556 -000000000000001
@4557 0000000000000000
@4558 0000000000000000
@4559 0000000000000000
@455A 0000000000000000
@455B 0000000000000000
@455C 0000000000000002
@455D 0000000000000000
@455E 0000000000000000
@455F 0000000000000000
@4560 0000000000000000
@4561 0000000000000000
@4562 -000000000000001
@4563 0000000000000000
@4564 0000000000000000
@4565 0000000000000000
@4566 0000000000000000
@4567 0000000000000000
@4568 0000000000000000
@4569 0000000000000000
@456A 0000000000000000
@456B 0000000000000000
@456C 0000000000000000
@456D 0000000000000000
@456E 0000000000000000
@456F 0000000000000000
@4570 -000000000000001
@4571 0000000000000003
@4572 0000000000000000
@4573 0000000000000000
@4574 0000000000000001
@4575 0000000000000000
@4576 0000000000000000
@4577 0000000000000000
@4578 0000000000000000
@4579 0000000000000000
@457A 0000000000000000
@457B 0000000000000000
@457C 0000000000000000
@457D 0000000000000000
@457E -000000000000001
@457F 0000000000000000
@4580 0000000000000000
@4581 0000000000000000
@4582 0000000000000000
@4583 0000000000000000
@4584 0000000000000000
@4585 -000000000000001
@4586 0000000000000000
@4587 0000000000000000
@4588 0000000000000000
@4589 0000000000000000
@458A 0000000000000000
@458B 0000000000000001
@458C 0000000000000000
@458D 0000000000000000
@458E 0000000000000000
@458F 0000000000000000
@4590 0000000000000000
@4591 0000000000000000
@4592 0000000000000000
@4593 0000000000000001
@4594 0000000000000000
@4595 0000000000000000
@4596 0000000000000000
@4597 0000000000000000
@4598 0000000000000000
@4599 0000000000000000
@459A 0000000000000000
@459B 0000000000000000
@459C 0000000000000000
@459D 0000000000000000
@459E 0000000000000000
@459F 0000000000000000
@45A0 0000000000000000
@45A1 -000000000000001
@45A2 0000000000000000
@45A3 0000000000000000
@45A4 0000000000000000
@45A5 0000000000000000
@45A6 -000000000000001
@45A7 0000000000000000
@45A8 0000000000000001
@45A9 0000000000000000
@45AA 0000000000000000
@45AB 0000000000000000
@45AC 0000000000000000
@45AD -000000000000001
@45AE 0000000000000000
@45AF 0000000000000000
@45B0 0000000000000000
@45B1 0000000000000000
@45B2 0000000000000000
@45B3 0000000000000000
@45B4 0000000000000000
@45B5 0000000000000000
@45B6 -000000000000001
@45B7 0000000000000000
@45B8 0000000000000001
@45B9 0000000000000000
@45BA 0000000000000000
@45BB 0000000000000000
@45BC 0000000000000000
@45BD -000000000000001
@45BE 0000000000000000
@45BF 0000000000000000
@45C0 0000000000000000
@45C1 0000000000000001
@45C2 -000000000000001
@45C3 0000000000000001
@45C4 0000000000000000
@45C5 -000000000000001
@45C6 0000000000000001
@45C7 0000000000000000
@45C8 0000000000000000
@45C9 -000000000000001
@45CA 0000000000000001
@45CB 0000000000000001
@45CC 0000000000000000
@45CD 0000000000000000
@45CE 0000000000000000
@45CF 0000000000000000
@45D0 -000000000000001
@45D1 0000000000000000
@45D2 0000000000000000
@45D3 0000000000000000
@45D4 0000000000000000
@45D5 -000000000000001
@45D6 0000000000000001
@45D7 0000000000000001
@45D8 0000000000000002
@45D9 0000000000000000
@45DA 0000000000000000
@45DB 0000000000000001
@45DC 0000000000000000
@45DD -000000000000001
@45DE 0000000000000000
@45DF 0000000000000000
@45E0 0000000000000001
@45E1 0000000000000000
@45E2 -000000000000002
@45E3 0000000000000000
@45E4 0000000000000000
@45E5 0000000000000000
@45E6 0000000000000002
@45E7 0000000000000000
@45E8 0000000000000000
@45E9 0000000000000000
@45EA 0000000000000000
@45EB -000000000000001
@45EC -000000000000002
@45ED 0000000000000000
@45EE 0000000000000000
@45EF 0000000000000000
@45F0 0000000000000000
@45F1 -000000000000001
@45F2 0000000000000000
@45F3 0000000000000000
@45F4 0000000000000000
@45F5 0000000000000000
@45F6 0000000000000000
@45F7 0000000000000000
@45F8 -000000000000001
@45F9 0000000000000000
@45FA 0000000000000000
@45FB 0000000000000000
@45FC 0000000000000000
@45FD 0000000000000000
@45FE 0000000000000000
@45FF 0000000000000000
@4600 -000000000000001
@4601 0000000000000001
@4602 0000000000000001
@4603 0000000000000000
@4604 0000000000000000
@4605 0000000000000000
@4606 0000000000000000
@4607 0000000000000000
@4608 0000000000000000
@4609 0000000000000000
@460A -000000000000001
@460B 0000000000000000
@460C 0000000000000001
@460D -000000000000001
@460E 0000000000000000
@460F 0000000000000001
@4610 0000000000000000
@4611 0000000000000000
@4612 -000000000000001
@4613 0000000000000000
@4614 0000000000000000
@4615 0000000000000000
@4616 0000000000000000
@4617 0000000000000000
@4618 0000000000000001
@4619 0000000000000000
@461A 0000000000000000
@461B 0000000000000000
@461C 0000000000000003
@461D 0000000000000000
@461E 0000000000000000
@461F 0000000000000000
@4620 0000000000000000
@4621 0000000000000000
@4622 -000000000000001
@4623 -000000000000001
@4624 0000000000000000
@4625 0000000000000000
@4626 0000000000000000
@4627 0000000000000000
@4628 0000000000000000
@4629 0000000000000000
@462A 0000000000000000
@462B 0000000000000000
@462C -000000000000001
@462D 0000000000000000
@462E 0000000000000000
@462F 0000000000000000
@4630 0000000000000000
@4631 0000000000000003
@4632 0000000000000000
@4633 0000000000000000
@4634 0000000000000000
@4635 0000000000000000
@4636 0000000000000002
@4637 0000000000000000
@4638 0000000000000000
@4639 0000000000000000
@463A -000000000000001
@463B 0000000000000000
@463C 0000000000000000
@463D 0000000000000000
@463E 0000000000000000
@463F 0000000000000000
@4640 0000000000000000
@4641 0000000000000000
@4642 -000000000000001
@4643 0000000000000000
@4644 0000000000000000
@4645 0000000000000000
@4646 0000000000000000
@4647 0000000000000000
@4648 0000000000000001
@4649 0000000000000000
@464A 0000000000000000
@464B 0000000000000003
@464C 0000000000000000
@464D 0000000000000000
@464E 0000000000000000
@464F 0000000000000000
@4650 -000000000000001
@4651 0000000000000000
@4652 0000000000000000
@4653 0000000000000001
@4654 0000000000000000
@4655 0000000000000000
@4656 0000000000000000
@4657 0000000000000000
@4658 0000000000000000
@4659 0000000000000000
@465A 0000000000000000
@465B 0000000000000000
@465C -000000000000001
@465D 0000000000000000
@465E 0000000000000000
@465F 0000000000000000
@4660 0000000000000000
@4661 -000000000000001
@4662 0000000000000000
@4663 0000000000000000
@4664 0000000000000000
@4665 0000000000000000
@4666 0000000000000001
@4667 0000000000000000
@4668 0000000000000000
@4669 -000000000000001
@466A 0000000000000000
@466B 0000000000000000
@466C 0000000000000000
@466D -000000000000002
@466E 0000000000000000
@466F 0000000000000000
@4670 0000000000000000
@4671 0000000000000000
@4672 0000000000000000
@4673 0000000000000000
@4674 0000000000000000
@4675 0000000000000000
@4676 0000000000000000
@4677 0000000000000000
@4678 -000000000000001
@4679 0000000000000001
@467A -000000000000002
@467B 0000000000000000
@467C 0000000000000000
@467D -000000000000001
@467E 0000000000000000
@467F 0000000000000000
@4680 0000000000000000
@4681 0000000000000000
@4682 -000000000000001
@4683 -000000000000001
@4684 0000000000000000
@4685 -000000000000001
@4686 0000000000000000
@4687 0000000000000000
@4688 0000000000000000
@4689 0000000000000000
@468A 0000000000000000
@468B 0000000000000000
@468C 0000000000000000
@468D 0000000000000000
@468E 0000000000000000
@468F -000000000000001
@4690 0000000000000000
@4691 0000000000000000
@4692 0000000000000000
@4693 0000000000000000
@4694 0000000000000000
@4695 -000000000000001
@4696 0000000000000000
@4697 0000000000000000
@4698 0000000000000000
@4699 0000000000000000
@469A 0000000000000000
@469B 0000000000000000
@469C 0000000000000000
@469D 0000000000000000
@469E 0000000000000000
@469F 0000000000000000
@46A0 0000000000000000
@46A1 0000000000000000
@46A2 -000000000000002
@46A3 -000000000000001
@46A4 0000000000000001
@46A5 0000000000000000
@46A6 0000000000000003
@46A7 0000000000000000
@46A8 0000000000000000
@46A9 0000000000000000
@46AA 0000000000000000
@46AB 0000000000000000
@46AC 0000000000000000
@46AD 0000000000000000
@46AE 0000000000000000
@46AF 0000000000000001
@46B0 0000000000000000
@46B1 0000000000000000
@46B2 -000000000000001
@46B3 0000000000000001
@46B4 0000000000000001
@46B5 0000000000000000
@46B6 0000000000000001
@46B7 -000000000000001
@46B8 0000000000000000
@46B9 0000000000000000
@46BA 0000000000000001
@46BB 0000000000000000
@46BC -000000000000001
@46BD 0000000000000000
@46BE 0000000000000000
@46BF 0000000000000000
@46C0 0000000000000000
@46C1 0000000000000000
@46C2 0000000000000001
@46C3 0000000000000000
@46C4 0000000000000000
@46C5 0000000000000000
@46C6 0000000000000000
@46C7 0000000000000000
@46C8 0000000000000000
@46C9 0000000000000001
@46CA 0000000000000000
@46CB 0000000000000000
@46CC 0000000000000000
@46CD 0000000000000000
@46CE 0000000000000000
@46CF -000000000000001
@46D0 0000000000000000
@46D1 0000000000000000
@46D2 -000000000000001
@46D3 0000000000000000
@46D4 0000000000000000
@46D5 0000000000000000
@46D6 0000000000000000
@46D7 0000000000000000
@46D8 -000000000000001
@46D9 0000000000000000
@46DA -000000000000001
@46DB 0000000000000000
@46DC 0000000000000002
@46DD 0000000000000000
@46DE 0000000000000001
@46DF 0000000000000000
@46E0 0000000000000000
@46E1 0000000000000001
@46E2 -000000000000001
@46E3 0000000000000001
@46E4 0000000000000000
@46E5 -000000000000001
@46E6 0000000000000000
@46E7 0000000000000000
@46E8 0000000000000000
@46E9 0000000000000000
@46EA 0000000000000000
@46EB 0000000000000000
@46EC 0000000000000000
@46ED 0000000000000000
@46EE 0000000000000000
@46EF 0000000000000000
@46F0 -000000000000002
@46F1 0000000000000001
@46F2 0000000000000000
@46F3 0000000000000000
@46F4 0000000000000000
@46F5 0000000000000000
@46F6 0000000000000001
@46F7 0000000000000000
@46F8 -000000000000002
@46F9 0000000000000000
@46FA 0000000000000000
@46FB 0000000000000000
@46FC 0000000000000000
@46FD -000000000000002
@46FE -000000000000001
@46FF 0000000000000000
@4700 0000000000000000
@4701 -000000000000001
@4702 0000000000000000
@4703 0000000000000000
@4704 0000000000000000
@4705 -000000000000002
@4706 0000000000000000
@4707 0000000000000000
@4708 0000000000000000
@4709 0000000000000000
@470A 0000000000000000
@470B 0000000000000001
@470C 0000000000000000
@470D 0000000000000000
@470E -000000000000001
@470F -000000000000001
@4710 0000000000000000
@4711 0000000000000001
@4712 0000000000000000
@4713 0000000000000001
@4714 0000000000000000
@4715 0000000000000001
@4716 0000000000000000
@4717 0000000000000000
@4718 -000000000000001
@4719 0000000000000000
@471A 0000000000000001
@471B 0000000000000000
@471C 0000000000000000
@471D 0000000000000000
@471E 0000000000000000
@471F 0000000000000000
@4720 0000000000000000
@4721 -000000000000001
@4722 0000000000000000
@4723 0000000000000000
@4724 0000000000000000
@4725 0000000000000000
@4726 -000000000000001
@4727 0000000000000000
@4728 0000000000000001
@4729 0000000000000001
@472A 0000000000000000
@472B 0000000000000000
@472C 0000000000000001
@472D 0000000000000000
@472E 0000000000000000
@472F 0000000000000000
@4730 -000000000000001
@4731 0000000000000000
@4732 0000000000000000
@4733 0000000000000000
@4734 0000000000000000
@4735 0000000000000000
@4736 0000000000000000
@4737 0000000000000000
@4738 0000000000000000
@4739 0000000000000000
@473A -000000000000003
@473B 0000000000000001
@473C 0000000000000000
@473D -000000000000001
@473E 0000000000000001
@473F 0000000000000000
@4740 -000000000000001
@4741 0000000000000000
@4742 -000000000000003
@4743 0000000000000000
@4744 0000000000000001
@4745 -000000000000002
@4746 -000000000000001
@4747 0000000000000001
@4748 -000000000000002
@4749 0000000000000000
@474A 0000000000000000
@474B 0000000000000000
@474C -000000000000001
@474D 0000000000000000
@474E 0000000000000000
@474F 0000000000000000
@4750 -000000000000003
@4751 -000000000000001
@4752 0000000000000000
@4753 -000000000000001
@4754 0000000000000001
@4755 -000000000000001
@4756 0000000000000001
@4757 0000000000000000
@4758 0000000000000001
@4759 0000000000000001
@475A 0000000000000001
@475B 0000000000000000
@475C 0000000000000000
@475D -000000000000001
@475E -000000000000001
@475F 0000000000000000
@4760 0000000000000001
@4761 -000000000000001
@4762 -000000000000002
@4763 0000000000000000
@4764 -000000000000001
@4765 0000000000000000
@4766 0000000000000002
@4767 -000000000000001
@4768 -000000000000002
@4769 0000000000000001
@476A 0000000000000000
@476B 0000000000000000
@476C 0000000000000000
@476D 0000000000000000
@476E -000000000000001
@476F -000000000000001
@4770 0000000000000000
@4771 0000000000000002
@4772 0000000000000001
@4773 0000000000000001
@4774 -000000000000001
@4775 -000000000000002
@4776 0000000000000001
@4777 0000000000000000
@4778 0000000000000000
@4779 0000000000000001
@477A 0000000000000001
@477B 0000000000000000
@477C 0000000000000000
@477D 0000000000000000
@477E 0000000000000000
@477F -000000000000002
@4780 0000000000000001
@4781 0000000000000000
@4782 0000000000000001
@4783 -000000000000001
@4784 0000000000000000
@4785 0000000000000000
@4786 0000000000000000
@4787 0000000000000000
@4788 0000000000000000
@4789 0000000000000001
@478A -000000000000001
@478B 0000000000000000
@478C 0000000000000003
@478D -000000000000001
@478E 0000000000000002
@478F 0000000000000000
@4790 0000000000000000
@4791 0000000000000000
@4792 0000000000000004
@4793 0000000000000000
@4794 0000000000000000
@4795 0000000000000000
@4796 -000000000000002
@4797 -000000000000001
@4798 0000000000000002
@4799 -000000000000001
@479A 0000000000000001
@479B -000000000000001
@479C 0000000000000001
@479D 0000000000000001
@479E 0000000000000000
@479F 0000000000000000
@47A0 0000000000000000
@47A1 0000000000000001
@47A2 0000000000000000
@47A3 -000000000000001
@47A4 -000000000000002
@47A5 0000000000000001
@47A6 0000000000000000
@47A7 0000000000000000
@47A8 0000000000000000
@47A9 -000000000000001
@47AA -000000000000003
@47AB 0000000000000000
@47AC 0000000000000000
@47AD 0000000000000000
@47AE 0000000000000000
@47AF 0000000000000000
@47B0 0000000000000000
@47B1 0000000000000004
@47B2 -000000000000001
@47B3 0000000000000000
@47B4 0000000000000000
@47B5 0000000000000000
@47B6 0000000000000000
@47B7 0000000000000000
@47B8 0000000000000002
@47B9 0000000000000002
@47BA 0000000000000001
@47BB 0000000000000001
@47BC 0000000000000001
@47BD 0000000000000001
@47BE -000000000000001
@47BF 0000000000000000
@47C0 0000000000000000
@47C1 -000000000000002
@47C2 -000000000000001
@47C3 0000000000000000
@47C4 0000000000000000
@47C5 0000000000000000
@47C6 0000000000000000
@47C7 0000000000000000
@47C8 0000000000000000
@47C9 0000000000000000
@47CA 0000000000000000
@47CB 0000000000000000
@47CC 0000000000000000
@47CD -000000000000001
@47CE -000000000000001
@47CF 0000000000000000
@47D0 -000000000000002
@47D1 0000000000000000
@47D2 0000000000000000
@47D3 0000000000000001
@47D4 0000000000000000
@47D5 -000000000000001
@47D6 0000000000000000
@47D7 0000000000000000
@47D8 0000000000000000
@47D9 0000000000000000
@47DA 0000000000000000
@47DB -000000000000003
@47DC -000000000000001
@47DD 0000000000000000
@47DE 0000000000000000
@47DF 0000000000000000
@47E0 0000000000000001
@47E1 -000000000000001
@47E2 -000000000000002
@47E3 0000000000000001
@47E4 0000000000000000
@47E5 0000000000000000
@47E6 -000000000000001
@47E7 0000000000000000
@47E8 0000000000000000
@47E9 0000000000000001
@47EA 0000000000000000
@47EB 0000000000000000
@47EC 0000000000000000
@47ED -000000000000001
@47EE 0000000000000000
@47EF 0000000000000002
@47F0 0000000000000000
@47F1 0000000000000000
@47F2 0000000000000000
@47F3 -000000000000001
@47F4 0000000000000000
@47F5 -000000000000001
@47F6 0000000000000000
@47F7 0000000000000000
@47F8 -000000000000003
@47F9 0000000000000000
@47FA 0000000000000001
@47FB -000000000000001
@47FC 0000000000000000
@47FD -000000000000001
@47FE -000000000000001
@47FF 0000000000000000
@4800 0000000000000000
@4801 0000000000000000
@4802 -000000000000001
@4803 0000000000000000
@4804 0000000000000001
@4805 -000000000000002
@4806 0000000000000000
@4807 0000000000000000
@4808 0000000000000000
@4809 -000000000000001
@480A 0000000000000000
@480B 0000000000000000
@480C 0000000000000000
@480D 0000000000000000
@480E 0000000000000000
@480F 0000000000000000
@4810 0000000000000000
@4811 0000000000000000
@4812 0000000000000000
@4813 0000000000000000
@4814 0000000000000001
@4815 0000000000000000
@4816 0000000000000000
@4817 0000000000000000
@4818 0000000000000001
@4819 -000000000000001
@481A 0000000000000000
@481B 0000000000000000
@481C 0000000000000000
@481D 0000000000000000
@481E 0000000000000000
@481F 0000000000000000
@4820 0000000000000000
@4821 0000000000000000
@4822 -000000000000002
@4823 0000000000000000
@4824 0000000000000000
@4825 0000000000000000
@4826 0000000000000003
@4827 0000000000000000
@4828 -000000000000001
@4829 0000000000000000
@482A 0000000000000000
@482B 0000000000000000
@482C -000000000000001
@482D 0000000000000000
@482E 0000000000000000
@482F 0000000000000000
@4830 0000000000000000
@4831 0000000000000000
@4832 0000000000000000
@4833 0000000000000000
@4834 0000000000000000
@4835 0000000000000000
@4836 0000000000000000
@4837 -000000000000001
@4838 0000000000000000
@4839 0000000000000000
@483A 0000000000000002
@483B 0000000000000000
@483C 0000000000000000
@483D 0000000000000000
@483E 0000000000000000
@483F 0000000000000000
@4840 0000000000000000
@4841 0000000000000000
@4842 0000000000000001
@4843 0000000000000000
@4844 0000000000000000
@4845 -000000000000001
@4846 0000000000000000
@4847 0000000000000000
@4848 0000000000000000
@4849 0000000000000001
@484A 0000000000000000
@484B 0000000000000000
@484C 0000000000000001
@484D 0000000000000000
@484E 0000000000000000
@484F 0000000000000000
@4850 0000000000000000
@4851 0000000000000000
@4852 0000000000000002
@4853 0000000000000000
@4854 0000000000000000
@4855 0000000000000000
@4856 0000000000000000
@4857 0000000000000000
@4858 0000000000000000
@4859 0000000000000000
@485A 0000000000000000
@485B 0000000000000000
@485C 0000000000000002
@485D 0000000000000000
@485E 0000000000000000
@485F 0000000000000000
@4860 0000000000000000
@4861 0000000000000000
@4862 0000000000000000
@4863 0000000000000000
@4864 -000000000000001
@4865 -000000000000001
@4866 0000000000000000
@4867 0000000000000000
@4868 0000000000000000
@4869 0000000000000000
@486A 0000000000000000
@486B 0000000000000000
@486C 0000000000000000
@486D 0000000000000000
@486E -000000000000001
@486F 0000000000000000
@4870 0000000000000000
@4871 0000000000000002
@4872 0000000000000000
@4873 0000000000000000
@4874 0000000000000000
@4875 0000000000000000
@4876 0000000000000000
@4877 0000000000000000
@4878 0000000000000000
@4879 0000000000000000
@487A 0000000000000000
@487B 0000000000000000
@487C 0000000000000000
@487D -000000000000001
@487E 0000000000000000
@487F 0000000000000000
@4880 0000000000000000
@4881 -000000000000001
@4882 0000000000000000
@4883 0000000000000000
@4884 0000000000000000
@4885 0000000000000000
@4886 0000000000000000
@4887 0000000000000000
@4888 0000000000000000
@4889 0000000000000000
@488A 0000000000000000
@488B 0000000000000000
@488C 0000000000000000
@488D 0000000000000000
@488E -000000000000001
@488F 0000000000000000
@4890 0000000000000000
@4891 0000000000000000
@4892 0000000000000000
@4893 0000000000000000
@4894 0000000000000000
@4895 0000000000000000
@4896 0000000000000000
@4897 0000000000000000
@4898 0000000000000000
@4899 0000000000000000
@489A 0000000000000000
@489B -000000000000001
@489C 0000000000000000
@489D 0000000000000000
@489E 0000000000000000
@489F 0000000000000000
@48A0 0000000000000000
@48A1 0000000000000000
@48A2 0000000000000000
@48A3 0000000000000000
@48A4 0000000000000000
@48A5 0000000000000000
@48A6 0000000000000000
@48A7 0000000000000000
@48A8 0000000000000000
@48A9 0000000000000000
@48AA 0000000000000000
@48AB 0000000000000000
@48AC 0000000000000000
@48AD -000000000000002
@48AE 0000000000000000
@48AF 0000000000000000
@48B0 0000000000000000
@48B1 0000000000000000
@48B2 0000000000000000
@48B3 0000000000000000
@48B4 0000000000000000
@48B5 0000000000000000
@48B6 0000000000000000
@48B7 0000000000000000
@48B8 0000000000000000
@48B9 0000000000000000
@48BA 0000000000000000
@48BB 0000000000000001
@48BC 0000000000000000
@48BD -000000000000001
@48BE 0000000000000001
@48BF 0000000000000000
@48C0 0000000000000000
@48C1 0000000000000000
@48C2 -000000000000001
@48C3 0000000000000000
@48C4 0000000000000001
@48C5 -000000000000002
@48C6 0000000000000000
@48C7 0000000000000000
@48C8 0000000000000000
@48C9 0000000000000000
@48CA 0000000000000000
@48CB 0000000000000000
@48CC 0000000000000000
@48CD 0000000000000000
@48CE 0000000000000000
@48CF 0000000000000000
@48D0 0000000000000000
@48D1 0000000000000000
@48D2 0000000000000000
@48D3 0000000000000000
@48D4 0000000000000001
@48D5 0000000000000000
@48D6 0000000000000000
@48D7 0000000000000000
@48D8 0000000000000000
@48D9 0000000000000000
@48DA 0000000000000000
@48DB 0000000000000000
@48DC 0000000000000000
@48DD 0000000000000000
@48DE 0000000000000000
@48DF 0000000000000000
@48E0 0000000000000000
@48E1 0000000000000000
@48E2 -000000000000001
@48E3 0000000000000000
@48E4 0000000000000000
@48E5 0000000000000000
@48E6 0000000000000002
@48E7 0000000000000000
@48E8 -000000000000001
@48E9 0000000000000000
@48EA 0000000000000000
@48EB 0000000000000001
@48EC 0000000000000000
@48ED 0000000000000000
@48EE 0000000000000000
@48EF 0000000000000000
@48F0 0000000000000000
@48F1 0000000000000000
@48F2 0000000000000000
@48F3 0000000000000001
@48F4 0000000000000000
@48F5 0000000000000000
@48F6 0000000000000000
@48F7 -000000000000001
@48F8 0000000000000000
@48F9 0000000000000001
@48FA 0000000000000002
@48FB 0000000000000000
@48FC -000000000000001
@48FD 0000000000000000
@48FE 0000000000000000
@48FF 0000000000000000
@4900 0000000000000000
@4901 0000000000000000
@4902 0000000000000000
@4903 0000000000000000
@4904 0000000000000000
@4905 0000000000000000
@4906 0000000000000000
@4907 0000000000000000
@4908 0000000000000000
@4909 0000000000000001
@490A -000000000000002
@490B 0000000000000000
@490C 0000000000000001
@490D 0000000000000000
@490E 0000000000000000
@490F -000000000000001
@4910 -000000000000001
@4911 0000000000000000
@4912 0000000000000000
@4913 0000000000000000
@4914 0000000000000000
@4915 0000000000000000
@4916 0000000000000000
@4917 0000000000000000
@4918 0000000000000000
@4919 0000000000000000
@491A 0000000000000000
@491B 0000000000000000
@491C 0000000000000001
@491D 0000000000000000
@491E 0000000000000000
@491F 0000000000000000
@4920 0000000000000000
@4921 0000000000000001
@4922 0000000000000000
@4923 0000000000000000
@4924 -000000000000001
@4925 0000000000000000
@4926 0000000000000000
@4927 0000000000000000
@4928 0000000000000000
@4929 0000000000000001
@492A 0000000000000000
@492B 0000000000000000
@492C 0000000000000000
@492D 0000000000000000
@492E 0000000000000000
@492F 0000000000000000
@4930 0000000000000000
@4931 0000000000000002
@4932 0000000000000000
@4933 0000000000000000
@4934 0000000000000001
@4935 0000000000000000
@4936 0000000000000000
@4937 0000000000000001
@4938 0000000000000000
@4939 0000000000000000
@493A 0000000000000000
@493B 0000000000000000
@493C 0000000000000000
@493D 0000000000000000
@493E 0000000000000000
@493F 0000000000000000
@4940 0000000000000000
@4941 0000000000000000
@4942 0000000000000000
@4943 0000000000000000
@4944 0000000000000000
@4945 0000000000000000
@4946 0000000000000000
@4947 0000000000000000
@4948 -000000000000001
@4949 0000000000000000
@494A 0000000000000000
@494B 0000000000000000
@494C 0000000000000000
@494D 0000000000000000
@494E 0000000000000000
@494F 0000000000000000
@4950 0000000000000000
@4951 0000000000000000
@4952 0000000000000000
@4953 0000000000000000
@4954 0000000000000000
@4955 0000000000000000
@4956 0000000000000000
@4957 0000000000000000
@4958 0000000000000000
@4959 0000000000000000
@495A 0000000000000000
@495B 0000000000000000
@495C 0000000000000000
@495D 0000000000000000
@495E 0000000000000000
@495F 0000000000000000
@4960 0000000000000000
@4961 0000000000000000
@4962 0000000000000000
@4963 -000000000000001
@4964 0000000000000000
@4965 0000000000000000
@4966 -000000000000001
@4967 0000000000000000
@4968 0000000000000001
@4969 0000000000000001
@496A 0000000000000000
@496B 0000000000000000
@496C 0000000000000000
@496D -000000000000002
@496E 0000000000000000
@496F 0000000000000000
@4970 0000000000000000
@4971 0000000000000000
@4972 0000000000000000
@4973 0000000000000000
@4974 0000000000000000
@4975 0000000000000000
@4976 -000000000000001
@4977 0000000000000000
@4978 0000000000000001
@4979 0000000000000000
@497A 0000000000000002
@497B 0000000000000001
@497C 0000000000000000
@497D -000000000000001
@497E 0000000000000000
@497F 0000000000000000
@4980 0000000000000000
@4981 0000000000000000
@4982 -000000000000002
@4983 0000000000000000
@4984 0000000000000001
@4985 -000000000000002
@4986 0000000000000000
@4987 0000000000000000
@4988 0000000000000000
@4989 -000000000000001
@498A 0000000000000000
@498B 0000000000000000
@498C 0000000000000000
@498D 0000000000000000
@498E 0000000000000000
@498F 0000000000000000
@4990 0000000000000000
@4991 0000000000000000
@4992 0000000000000000
@4993 0000000000000000
@4994 0000000000000001
@4995 0000000000000000
@4996 0000000000000000
@4997 0000000000000000
@4998 0000000000000001
@4999 0000000000000000
@499A 0000000000000000
@499B 0000000000000000
@499C 0000000000000000
@499D 0000000000000000
@499E 0000000000000000
@499F 0000000000000000
@49A0 0000000000000000
@49A1 0000000000000000
@49A2 -000000000000001
@49A3 0000000000000000
@49A4 0000000000000000
@49A5 0000000000000000
@49A6 0000000000000002
@49A7 0000000000000000
@49A8 -000000000000001
@49A9 0000000000000000
@49AA 0000000000000000
@49AB 0000000000000001
@49AC 0000000000000000
@49AD 0000000000000000
@49AE 0000000000000000
@49AF 0000000000000000
@49B0 0000000000000000
@49B1 0000000000000000
@49B2 0000000000000000
@49B3 0000000000000001
@49B4 0000000000000000
@49B5 0000000000000000
@49B6 -000000000000001
@49B7 0000000000000000
@49B8 0000000000000000
@49B9 -000000000000001
@49BA 0000000000000002
@49BB 0000000000000000
@49BC 0000000000000000
@49BD 0000000000000000
@49BE 0000000000000000
@49BF 0000000000000000
@49C0 0000000000000000
@49C1 0000000000000000
@49C2 0000000000000000
@49C3 0000000000000000
@49C4 0000000000000000
@49C5 0000000000000000
@49C6 0000000000000000
@49C7 0000000000000000
@49C8 0000000000000000
@49C9 0000000000000001
@49CA -000000000000001
@49CB 0000000000000000
@49CC 0000000000000000
@49CD 0000000000000000
@49CE 0000000000000000
@49CF 0000000000000000
@49D0 -000000000000001
@49D1 0000000000000000
@49D2 0000000000000000
@49D3 0000000000000000
@49D4 0000000000000000
@49D5 0000000000000000
@49D6 0000000000000000
@49D7 0000000000000000
@49D8 0000000000000000
@49D9 0000000000000000
@49DA 0000000000000000
@49DB 0000000000000000
@49DC 0000000000000002
@49DD 0000000000000000
@49DE 0000000000000000
@49DF 0000000000000000
@49E0 0000000000000000
@49E1 0000000000000000
@49E2 -000000000000001
@49E3 0000000000000000
@49E4 0000000000000000
@49E5 0000000000000000
@49E6 0000000000000000
@49E7 0000000000000000
@49E8 0000000000000000
@49E9 0000000000000000
@49EA 0000000000000000
@49EB 0000000000000000
@49EC 0000000000000000
@49ED 0000000000000000
@49EE 0000000000000000
@49EF 0000000000000000
@49F0 0000000000000000
@49F1 0000000000000002
@49F2 0000000000000000
@49F3 0000000000000000
@49F4 0000000000000000
@49F5 0000000000000000
@49F6 0000000000000000
@49F7 0000000000000001
@49F8 0000000000000000
@49F9 0000000000000000
@49FA 0000000000000000
@49FB 0000000000000000
@49FC 0000000000000000
@49FD 0000000000000000
@49FE 0000000000000000
@49FF 0000000000000000
@4A00 0000000000000000
@4A01 0000000000000000
@4A02 0000000000000000
@4A03 0000000000000000
@4A04 0000000000000000
@4A05 0000000000000000
@4A06 0000000000000000
@4A07 0000000000000000
@4A08 0000000000000000
@4A09 0000000000000000
@4A0A 0000000000000000
@4A0B 0000000000000001
@4A0C 0000000000000000
@4A0D 0000000000000000
@4A0E 0000000000000000
@4A0F 0000000000000000
@4A10 0000000000000000
@4A11 0000000000000000
@4A12 0000000000000000
@4A13 0000000000000001
@4A14 0000000000000000
@4A15 0000000000000000
@4A16 0000000000000000
@4A17 0000000000000000
@4A18 0000000000000001
@4A19 0000000000000000
@4A1A 0000000000000000
@4A1B 0000000000000000
@4A1C 0000000000000000
@4A1D 0000000000000000
@4A1E 0000000000000000
@4A1F 0000000000000000
@4A20 0000000000000000
@4A21 0000000000000000
@4A22 0000000000000000
@4A23 0000000000000000
@4A24 0000000000000000
@4A25 0000000000000000
@4A26 0000000000000000
@4A27 0000000000000000
@4A28 0000000000000000
@4A29 0000000000000000
@4A2A 0000000000000000
@4A2B 0000000000000000
@4A2C 0000000000000000
@4A2D -000000000000001
@4A2E 0000000000000000
@4A2F 0000000000000000
@4A30 0000000000000000
@4A31 0000000000000000
@4A32 0000000000000000
@4A33 0000000000000000
@4A34 0000000000000000
@4A35 0000000000000000
@4A36 -000000000000001
@4A37 0000000000000000
@4A38 0000000000000002
@4A39 0000000000000000
@4A3A 0000000000000001
@4A3B 0000000000000000
@4A3C 0000000000000000
@4A3D 0000000000000000
@4A3E 0000000000000000
@4A3F 0000000000000000
@4A40 0000000000000000
@4A41 0000000000000000
@4A42 -000000000000001
@4A43 -000000000000002
@4A44 0000000000000001
@4A45 -000000000000001
@4A46 -000000000000001
@4A47 0000000000000000
@4A48 0000000000000000
@4A49 -000000000000001
@4A4A 0000000000000000
@4A4B 0000000000000000
@4A4C 0000000000000000
@4A4D 0000000000000000
@4A4E 0000000000000000
@4A4F 0000000000000000
@4A50 -000000000000001
@4A51 0000000000000000
@4A52 -000000000000001
@4A53 0000000000000000
@4A54 0000000000000001
@4A55 0000000000000000
@4A56 0000000000000000
@4A57 0000000000000000
@4A58 0000000000000002
@4A59 0000000000000000
@4A5A 0000000000000000
@4A5B 0000000000000000
@4A5C 0000000000000000
@4A5D 0000000000000000
@4A5E 0000000000000000
@4A5F 0000000000000001
@4A60 0000000000000000
@4A61 0000000000000001
@4A62 -000000000000001
@4A63 0000000000000000
@4A64 0000000000000000
@4A65 0000000000000000
@4A66 0000000000000002
@4A67 0000000000000000
@4A68 -000000000000001
@4A69 0000000000000000
@4A6A -000000000000003
@4A6B 0000000000000001
@4A6C 0000000000000000
@4A6D 0000000000000001
@4A6E 0000000000000001
@4A6F 0000000000000000
@4A70 0000000000000000
@4A71 -000000000000001
@4A72 0000000000000000
@4A73 0000000000000001
@4A74 0000000000000000
@4A75 0000000000000000
@4A76 -000000000000001
@4A77 0000000000000001
@4A78 0000000000000000
@4A79 -000000000000001
@4A7A 0000000000000002
@4A7B 0000000000000000
@4A7C 0000000000000000
@4A7D 0000000000000000
@4A7E 0000000000000000
@4A7F 0000000000000001
@4A80 0000000000000000
@4A81 0000000000000000
@4A82 0000000000000000
@4A83 0000000000000000
@4A84 0000000000000001
@4A85 0000000000000000
@4A86 0000000000000000
@4A87 0000000000000000
@4A88 0000000000000000
@4A89 0000000000000001
@4A8A -000000000000001
@4A8B 0000000000000000
@4A8C 0000000000000000
@4A8D 0000000000000000
@4A8E 0000000000000000
@4A8F 0000000000000000
@4A90 0000000000000000
@4A91 0000000000000000
@4A92 0000000000000000
@4A93 0000000000000000
@4A94 -000000000000001
@4A95 0000000000000000
@4A96 -000000000000001
@4A97 0000000000000000
@4A98 0000000000000001
@4A99 0000000000000000
@4A9A 0000000000000001
@4A9B 0000000000000000
@4A9C 0000000000000002
@4A9D 0000000000000000
@4A9E -000000000000001
@4A9F 0000000000000000
@4AA0 0000000000000000
@4AA1 0000000000000000
@4AA2 -000000000000001
@4AA3 0000000000000001
@4AA4 0000000000000000
@4AA5 -000000000000001
@4AA6 0000000000000000
@4AA7 0000000000000000
@4AA8 0000000000000000
@4AA9 0000000000000001
@4AAA 0000000000000001
@4AAB 0000000000000000
@4AAC 0000000000000000
@4AAD 0000000000000001
@4AAE 0000000000000000
@4AAF 0000000000000000
@4AB0 0000000000000000
@4AB1 0000000000000002
@4AB2 0000000000000000
@4AB3 0000000000000000
@4AB4 0000000000000000
@4AB5 0000000000000000
@4AB6 0000000000000001
@4AB7 0000000000000001
@4AB8 0000000000000000
@4AB9 0000000000000002
@4ABA -000000000000001
@4ABB -000000000000001
@4ABC 0000000000000000
@4ABD 0000000000000000
@4ABE 0000000000000000
@4ABF 0000000000000000
@4AC0 0000000000000000
@4AC1 -000000000000002
@4AC2 0000000000000001
@4AC3 0000000000000000
@4AC4 0000000000000000
@4AC5 0000000000000000
@4AC6 0000000000000000
@4AC7 0000000000000000
@4AC8 0000000000000000
@4AC9 0000000000000000
@4ACA 0000000000000000
@4ACB 0000000000000001
@4ACC 0000000000000000
@4ACD 0000000000000000
@4ACE 0000000000000000
@4ACF 0000000000000000
@4AD0 -000000000000001
@4AD1 0000000000000000
@4AD2 0000000000000000
@4AD3 0000000000000001
@4AD4 0000000000000000
@4AD5 0000000000000000
@4AD6 0000000000000000
@4AD7 0000000000000000
@4AD8 0000000000000000
@4AD9 0000000000000000
@4ADA 0000000000000000
@4ADB 0000000000000000
@4ADC 0000000000000000
@4ADD 0000000000000000
@4ADE 0000000000000000
@4ADF 0000000000000000
@4AE0 0000000000000001
@4AE1 0000000000000000
@4AE2 0000000000000000
@4AE3 0000000000000000
@4AE4 -000000000000001
@4AE5 0000000000000000
@4AE6 -000000000000001
@4AE7 0000000000000000
@4AE8 0000000000000000
@4AE9 -000000000000001
@4AEA -000000000000001
@4AEB -000000000000001
@4AEC 0000000000000000
@4AED -000000000000002
@4AEE 0000000000000000
@4AEF 0000000000000001
@4AF0 0000000000000000
@4AF1 0000000000000000
@4AF2 0000000000000000
@4AF3 0000000000000000
@4AF4 0000000000000000
@4AF5 0000000000000000
@4AF6 -000000000000001
@4AF7 0000000000000000
@4AF8 0000000000000002
@4AF9 0000000000000000
@4AFA 0000000000000000
@4AFB 0000000000000001
@4AFC 0000000000000000
@4AFD -000000000000001
@4AFE 0000000000000000
@4AFF 0000000000000000
@4B00 0000000000000000
@4B01 0000000000000000
@4B02 -000000000000002
@4B03 0000000000000000
@4B04 0000000000000000
@4B05 -000000000000002
@4B06 0000000000000000
@4B07 0000000000000000
@4B08 0000000000000000
@4B09 -000000000000001
@4B0A 0000000000000000
@4B0B 0000000000000000
@4B0C 0000000000000000
@4B0D 0000000000000000
@4B0E 0000000000000000
@4B0F 0000000000000000
@4B10 0000000000000000
@4B11 0000000000000000
@4B12 0000000000000000
@4B13 0000000000000000
@4B14 0000000000000000
@4B15 -000000000000001
@4B16 0000000000000000
@4B17 0000000000000000
@4B18 0000000000000001
@4B19 0000000000000000
@4B1A 0000000000000000
@4B1B 0000000000000000
@4B1C 0000000000000000
@4B1D 0000000000000000
@4B1E 0000000000000000
@4B1F 0000000000000001
@4B20 0000000000000000
@4B21 0000000000000000
@4B22 -000000000000001
@4B23 0000000000000000
@4B24 0000000000000000
@4B25 0000000000000000
@4B26 0000000000000001
@4B27 0000000000000000
@4B28 -000000000000001
@4B29 0000000000000000
@4B2A 0000000000000000
@4B2B 0000000000000001
@4B2C 0000000000000000
@4B2D 0000000000000000
@4B2E 0000000000000000
@4B2F 0000000000000000
@4B30 0000000000000000
@4B31 0000000000000000
@4B32 0000000000000000
@4B33 0000000000000001
@4B34 0000000000000000
@4B35 0000000000000000
@4B36 0000000000000000
@4B37 0000000000000000
@4B38 0000000000000000
@4B39 0000000000000000
@4B3A 0000000000000002
@4B3B 0000000000000000
@4B3C -000000000000001
@4B3D 0000000000000000
@4B3E 0000000000000000
@4B3F 0000000000000000
@4B40 0000000000000000
@4B41 0000000000000000
@4B42 0000000000000000
@4B43 0000000000000000
@4B44 0000000000000000
@4B45 0000000000000000
@4B46 0000000000000000
@4B47 0000000000000000
@4B48 0000000000000000
@4B49 0000000000000001
@4B4A -000000000000001
@4B4B 0000000000000000
@4B4C 0000000000000001
@4B4D 0000000000000000
@4B4E 0000000000000000
@4B4F 0000000000000000
@4B50 -000000000000001
@4B51 0000000000000000
@4B52 -000000000000001
@4B53 0000000000000000
@4B54 0000000000000000
@4B55 0000000000000000
@4B56 0000000000000000
@4B57 0000000000000000
@4B58 0000000000000000
@4B59 0000000000000000
@4B5A 0000000000000000
@4B5B 0000000000000000
@4B5C 0000000000000001
@4B5D 0000000000000000
@4B5E 0000000000000000
@4B5F 0000000000000000
@4B60 0000000000000000
@4B61 0000000000000000
@4B62 0000000000000000
@4B63 0000000000000000
@4B64 0000000000000000
@4B65 0000000000000000
@4B66 0000000000000000
@4B67 0000000000000000
@4B68 0000000000000000
@4B69 0000000000000000
@4B6A 0000000000000000
@4B6B 0000000000000000
@4B6C 0000000000000000
@4B6D 0000000000000000
@4B6E 0000000000000000
@4B6F 0000000000000000
@4B70 0000000000000000
@4B71 0000000000000003
@4B72 0000000000000000
@4B73 0000000000000000
@4B74 0000000000000000
@4B75 0000000000000000
@4B76 0000000000000001
@4B77 0000000000000000
@4B78 0000000000000000
@4B79 0000000000000000
@4B7A 0000000000000000
@4B7B 0000000000000000
@4B7C 0000000000000000
@4B7D 0000000000000000
@4B7E 0000000000000000
@4B7F 0000000000000000
@4B80 0000000000000000
@4B81 0000000000000000
@4B82 0000000000000000
@4B83 0000000000000000
@4B84 0000000000000000
@4B85 0000000000000000
@4B86 0000000000000000
@4B87 0000000000000000
@4B88 0000000000000000
@4B89 0000000000000000
@4B8A 0000000000000000
@4B8B 0000000000000001
@4B8C 0000000000000001
@4B8D 0000000000000000
@4B8E 0000000000000000
@4B8F 0000000000000000
@4B90 0000000000000000
@4B91 0000000000000000
@4B92 0000000000000000
@4B93 0000000000000001
@4B94 0000000000000000
@4B95 0000000000000000
@4B96 0000000000000000
@4B97 0000000000000000
@4B98 0000000000000000
@4B99 0000000000000000
@4B9A 0000000000000000
@4B9B 0000000000000000
@4B9C 0000000000000000
@4B9D 0000000000000000
@4B9E 0000000000000000
@4B9F 0000000000000000
@4BA0 0000000000000000
@4BA1 -000000000000001
@4BA2 0000000000000000
@4BA3 0000000000000000
@4BA4 0000000000000000
@4BA5 0000000000000000
@4BA6 0000000000000000
@4BA7 0000000000000000
@4BA8 0000000000000000
@4BA9 0000000000000000
@4BAA 0000000000000000
@4BAB 0000000000000000
@4BAC 0000000000000000
@4BAD -000000000000002
@4BAE 0000000000000000
@4BAF 0000000000000000
@4BB0 0000000000000000
@4BB1 0000000000000000
@4BB2 0000000000000000
@4BB3 0000000000000000
@4BB4 0000000000000000
@4BB5 0000000000000000
@4BB6 -000000000000001
@4BB7 0000000000000000
@4BB8 0000000000000002
@4BB9 0000000000000000
@4BBA 0000000000000001
@4BBB 0000000000000000
@4BBC 0000000000000000
@4BBD 0000000000000000
@4BBE 0000000000000000
@4BBF 0000000000000000
@4BC0 0000000000000000
@4BC1 0000000000000000
@4BC2 -000000000000002
@4BC3 0000000000000000
@4BC4 0000000000000001
@4BC5 -000000000000002
@4BC6 0000000000000000
@4BC7 0000000000000000
@4BC8 0000000000000000
@4BC9 -000000000000001
@4BCA 0000000000000000
@4BCB 0000000000000000
@4BCC 0000000000000000
@4BCD 0000000000000000
@4BCE 0000000000000000
@4BCF 0000000000000000
@4BD0 0000000000000000
@4BD1 0000000000000000
@4BD2 0000000000000000
@4BD3 0000000000000000
@4BD4 0000000000000001
@4BD5 0000000000000000
@4BD6 0000000000000000
@4BD7 0000000000000000
@4BD8 0000000000000001
@4BD9 0000000000000000
@4BDA 0000000000000000
@4BDB 0000000000000000
@4BDC 0000000000000000
@4BDD 0000000000000000
@4BDE 0000000000000000
@4BDF 0000000000000000
@4BE0 0000000000000000
@4BE1 0000000000000000
@4BE2 -000000000000001
@4BE3 0000000000000000
@4BE4 0000000000000000
@4BE5 0000000000000000
@4BE6 0000000000000002
@4BE7 0000000000000000
@4BE8 -000000000000001
@4BE9 0000000000000000
@4BEA 0000000000000000
@4BEB 0000000000000000
@4BEC 0000000000000000
@4BED 0000000000000000
@4BEE 0000000000000000
@4BEF 0000000000000000
@4BF0 0000000000000000
@4BF1 0000000000000000
@4BF2 0000000000000000
@4BF3 0000000000000001
@4BF4 0000000000000000
@4BF5 0000000000000000
@4BF6 -000000000000001
@4BF7 0000000000000000
@4BF8 0000000000000000
@4BF9 0000000000000000
@4BFA 0000000000000002
@4BFB 0000000000000000
@4BFC 0000000000000000
@4BFD 0000000000000000
@4BFE 0000000000000000
@4BFF 0000000000000000
@4C00 0000000000000000
@4C01 0000000000000000
@4C02 0000000000000000
@4C03 0000000000000000
@4C04 0000000000000000
@4C05 0000000000000000
@4C06 0000000000000000
@4C07 0000000000000000
@4C08 0000000000000000
@4C09 0000000000000001
@4C0A -000000000000001
@4C0B 0000000000000000
@4C0C 0000000000000001
@4C0D 0000000000000000
@4C0E 0000000000000000
@4C0F 0000000000000000
@4C10 -000000000000001
@4C11 0000000000000000
@4C12 0000000000000000
@4C13 0000000000000000
@4C14 0000000000000000
@4C15 0000000000000000
@4C16 0000000000000000
@4C17 0000000000000000
@4C18 0000000000000000
@4C19 0000000000000000
@4C1A 0000000000000000
@4C1B 0000000000000000
@4C1C 0000000000000002
@4C1D 0000000000000000
@4C1E 0000000000000000
@4C1F 0000000000000000
@4C20 0000000000000000
@4C21 0000000000000000
@4C22 -000000000000001
@4C23 0000000000000000
@4C24 0000000000000000
@4C25 0000000000000000
@4C26 0000000000000000
@4C27 0000000000000000
@4C28 0000000000000000
@4C29 0000000000000000
@4C2A 0000000000000000
@4C2B 0000000000000000
@4C2C 0000000000000000
@4C2D 0000000000000000
@4C2E 0000000000000000
@4C2F 0000000000000000
@4C30 0000000000000000
@4C31 0000000000000002
@4C32 0000000000000000
@4C33 0000000000000000
@4C34 0000000000000000
@4C35 0000000000000000
@4C36 0000000000000000
@4C37 0000000000000000
@4C38 0000000000000000
@4C39 0000000000000000
@4C3A 0000000000000000
@4C3B 0000000000000000
@4C3C 0000000000000000
@4C3D 0000000000000000
@4C3E 0000000000000000
@4C3F 0000000000000000
@4C40 0000000000000000
@4C41 0000000000000000
@4C42 0000000000000000
@4C43 0000000000000000
@4C44 0000000000000000
@4C45 0000000000000000
@4C46 0000000000000000
@4C47 0000000000000000
@4C48 0000000000000000
@4C49 0000000000000000
@4C4A 0000000000000000
@4C4B 0000000000000001
@4C4C 0000000000000000
@4C4D 0000000000000000
@4C4E 0000000000000000
@4C4F 0000000000000000
@4C50 0000000000000000
@4C51 0000000000000000
@4C52 0000000000000000
@4C53 0000000000000001
@4C54 0000000000000000
@4C55 0000000000000000
@4C56 0000000000000000
@4C57 0000000000000000
@4C58 0000000000000000
@4C59 0000000000000000
@4C5A 0000000000000000
@4C5B 0000000000000000
@4C5C 0000000000000000
@4C5D 0000000000000000
@4C5E 0000000000000000
@4C5F 0000000000000000
@4C60 0000000000000000
@4C61 -000000000000001
@4C62 0000000000000000
@4C63 0000000000000000
@4C64 0000000000000000
@4C65 0000000000000000
@4C66 0000000000000000
@4C67 0000000000000000
@4C68 0000000000000000
@4C69 0000000000000000
@4C6A 0000000000000000
@4C6B 0000000000000000
@4C6C 0000000000000000
@4C6D -000000000000002
@4C6E 0000000000000000
@4C6F 0000000000000000
@4C70 0000000000000000
@4C71 0000000000000000
@4C72 0000000000000000
@4C73 0000000000000000
@4C74 0000000000000000
@4C75 0000000000000000
@4C76 -000000000000001
@4C77 0000000000000000
@4C78 0000000000000002
@4C79 0000000000000000
@4C7A 0000000000000001
@4C7B 0000000000000000
@4C7C 0000000000000000
@4C7D -000000000000001
@4C7E 0000000000000000
@4C7F 0000000000000000
@4C80 0000000000000000
@4C81 0000000000000000
@4C82 -000000000000001
@4C83 0000000000000000
@4C84 0000000000000001
@4C85 -000000000000002
@4C86 0000000000000000
@4C87 0000000000000000
@4C88 0000000000000000
@4C89 -000000000000001
@4C8A 0000000000000000
@4C8B 0000000000000000
@4C8C 0000000000000000
@4C8D 0000000000000000
@4C8E 0000000000000000
@4C8F 0000000000000000
@4C90 0000000000000000
@4C91 0000000000000000
@4C92 0000000000000000
@4C93 0000000000000000
@4C94 0000000000000001
@4C95 0000000000000000
@4C96 0000000000000000
@4C97 0000000000000000
@4C98 0000000000000001
@4C99 0000000000000000
@4C9A 0000000000000000
@4C9B 0000000000000000
@4C9C 0000000000000000
@4C9D 0000000000000000
@4C9E 0000000000000000
@4C9F 0000000000000000
@4CA0 0000000000000000
@4CA1 0000000000000000
@4CA2 -000000000000001
@4CA3 0000000000000000
@4CA4 0000000000000000
@4CA5 0000000000000001
@4CA6 0000000000000002
@4CA7 0000000000000000
@4CA8 -000000000000001
@4CA9 0000000000000000
@4CAA 0000000000000000
@4CAB 0000000000000000
@4CAC 0000000000000000
@4CAD 0000000000000000
@4CAE 0000000000000000
@4CAF 0000000000000000
@4CB0 0000000000000000
@4CB1 0000000000000000
@4CB2 0000000000000000
@4CB3 0000000000000001
@4CB4 0000000000000000
@4CB5 0000000000000000
@4CB6 0000000000000000
@4CB7 0000000000000000
@4CB8 0000000000000000
@4CB9 0000000000000000
@4CBA 0000000000000001
@4CBB 0000000000000000
@4CBC 0000000000000000
@4CBD 0000000000000000
@4CBE 0000000000000000
@4CBF 0000000000000000
@4CC0 0000000000000000
@4CC1 0000000000000000
@4CC2 0000000000000000
@4CC3 0000000000000000
@4CC4 0000000000000000
@4CC5 0000000000000000
@4CC6 0000000000000000
@4CC7 0000000000000000
@4CC8 0000000000000000
@4CC9 0000000000000001
@4CCA 0000000000000000
@4CCB 0000000000000000
@4CCC 0000000000000000
@4CCD 0000000000000000
@4CCE 0000000000000000
@4CCF 0000000000000000
@4CD0 -000000000000001
@4CD1 0000000000000000
@4CD2 0000000000000001
@4CD3 0000000000000000
@4CD4 0000000000000000
@4CD5 0000000000000000
@4CD6 0000000000000000
@4CD7 0000000000000000
@4CD8 0000000000000000
@4CD9 0000000000000000
@4CDA 0000000000000000
@4CDB 0000000000000000
@4CDC 0000000000000002
@4CDD 0000000000000000
@4CDE 0000000000000000
@4CDF 0000000000000000
@4CE0 0000000000000000
@4CE1 0000000000000000
@4CE2 -000000000000001
@4CE3 0000000000000000
@4CE4 0000000000000000
@4CE5 0000000000000000
@4CE6 0000000000000000
@4CE7 0000000000000000
@4CE8 0000000000000000
@4CE9 0000000000000000
@4CEA 0000000000000000
@4CEB 0000000000000000
@4CEC 0000000000000000
@4CED 0000000000000000
@4CEE -000000000000001
@4CEF 0000000000000000
@4CF0 -000000000000001
@4CF1 0000000000000002
@4CF2 0000000000000000
@4CF3 0000000000000000
@4CF4 0000000000000000
@4CF5 0000000000000000
@4CF6 0000000000000000
@4CF7 0000000000000001
@4CF8 0000000000000000
@4CF9 0000000000000000
@4CFA 0000000000000000
@4CFB 0000000000000000
@4CFC 0000000000000000
@4CFD 0000000000000000
@4CFE 0000000000000000
@4CFF 0000000000000000
@4D00 0000000000000000
@4D01 0000000000000000
@4D02 0000000000000000
@4D03 0000000000000000
@4D04 0000000000000000
@4D05 0000000000000000
@4D06 0000000000000000
@4D07 0000000000000000
@4D08 0000000000000000
@4D09 0000000000000000
@4D0A 0000000000000000
@4D0B 0000000000000001
@4D0C 0000000000000000
@4D0D 0000000000000000
@4D0E 0000000000000000
@4D0F 0000000000000000
@4D10 0000000000000000
@4D11 0000000000000000
@4D12 0000000000000000
@4D13 0000000000000000
@4D14 0000000000000000
@4D15 0000000000000000
@4D16 0000000000000000
@4D17 0000000000000000
@4D18 0000000000000000
@4D19 0000000000000000
@4D1A 0000000000000000
@4D1B 0000000000000000
@4D1C 0000000000000000
@4D1D 0000000000000000
@4D1E 0000000000000000
@4D1F 0000000000000000
@4D20 0000000000000000
@4D21 0000000000000000
@4D22 0000000000000000
@4D23 0000000000000000
@4D24 0000000000000000
@4D25 0000000000000000
@4D26 0000000000000000
@4D27 0000000000000000
@4D28 0000000000000000
@4D29 0000000000000000
@4D2A 0000000000000000
@4D2B 0000000000000000
@4D2C 0000000000000000
@4D2D -000000000000001
@4D2E 0000000000000000
@4D2F 0000000000000000
@4D30 0000000000000000
@4D31 0000000000000000
@4D32 0000000000000000
@4D33 0000000000000000
@4D34 0000000000000000
@4D35 0000000000000000
@4D36 -000000000000001
@4D37 0000000000000000
@4D38 0000000000000002
@4D39 0000000000000000
@4D3A 0000000000000000
@4D3B 0000000000000001
@4D3C 0000000000000000
@4D3D -000000000000001
@4D3E 0000000000000000
@4D3F 0000000000000000
@4D40 0000000000000000
@4D41 0000000000000000
@4D42 -000000000000001
@4D43 0000000000000000
@4D44 0000000000000001
@4D45 -000000000000002
@4D46 0000000000000000
@4D47 0000000000000000
@4D48 0000000000000000
@4D49 -000000000000001
@4D4A 0000000000000000
@4D4B 0000000000000000
@4D4C 0000000000000000
@4D4D 0000000000000000
@4D4E 0000000000000000
@4D4F 0000000000000000
@4D50 0000000000000000
@4D51 0000000000000000
@4D52 0000000000000000
@4D53 0000000000000000
@4D54 0000000000000001
@4D55 0000000000000000
@4D56 0000000000000000
@4D57 0000000000000000
@4D58 0000000000000000
@4D59 0000000000000000
@4D5A 0000000000000000
@4D5B 0000000000000000
@4D5C 0000000000000000
@4D5D 0000000000000000
@4D5E 0000000000000000
@4D5F 0000000000000000
@4D60 0000000000000000
@4D61 0000000000000000
@4D62 -000000000000001
@4D63 0000000000000000
@4D64 0000000000000000
@4D65 0000000000000000
@4D66 0000000000000002
@4D67 0000000000000000
@4D68 -000000000000001
@4D69 0000000000000000
@4D6A 0000000000000000
@4D6B 0000000000000000
@4D6C 0000000000000000
@4D6D 0000000000000000
@4D6E 0000000000000000
@4D6F 0000000000000000
@4D70 0000000000000000
@4D71 0000000000000000
@4D72 0000000000000000
@4D73 0000000000000001
@4D74 0000000000000000
@4D75 0000000000000000
@4D76 0000000000000000
@4D77 0000000000000000
@4D78 0000000000000000
@4D79 0000000000000000
@4D7A 0000000000000001
@4D7B 0000000000000000
@4D7C 0000000000000000
@4D7D 0000000000000000
@4D7E 0000000000000000
@4D7F 0000000000000000
@4D80 0000000000000000
@4D81 0000000000000000
@4D82 0000000000000000
@4D83 0000000000000000
@4D84 0000000000000000
@4D85 0000000000000000
@4D86 0000000000000000
@4D87 0000000000000000
@4D88 0000000000000000
@4D89 0000000000000001
@4D8A 0000000000000000
@4D8B 0000000000000000
@4D8C 0000000000000001
@4D8D 0000000000000000
@4D8E 0000000000000000
@4D8F 0000000000000000
@4D90 -000000000000001
@4D91 0000000000000000
@4D92 0000000000000001
@4D93 0000000000000000
@4D94 0000000000000000
@4D95 0000000000000000
@4D96 0000000000000000
@4D97 0000000000000000
@4D98 0000000000000000
@4D99 0000000000000000
@4D9A 0000000000000000
@4D9B 0000000000000000
@4D9C 0000000000000001
@4D9D 0000000000000000
@4D9E 0000000000000000
@4D9F 0000000000000000
@4DA0 0000000000000000
@4DA1 0000000000000000
@4DA2 -000000000000001
@4DA3 0000000000000000
@4DA4 -000000000000001
@4DA5 0000000000000000
@4DA6 0000000000000000
@4DA7 0000000000000000
@4DA8 0000000000000000
@4DA9 0000000000000000
@4DAA 0000000000000000
@4DAB 0000000000000000
@4DAC 0000000000000000
@4DAD 0000000000000000
@4DAE 0000000000000000
@4DAF 0000000000000000
@4DB0 0000000000000000
@4DB1 0000000000000003
@4DB2 0000000000000000
@4DB3 0000000000000000
@4DB4 0000000000000000
@4DB5 0000000000000000
@4DB6 0000000000000000
@4DB7 0000000000000000
@4DB8 0000000000000000
@4DB9 0000000000000000
@4DBA 0000000000000000
@4DBB 0000000000000000
@4DBC 0000000000000000
@4DBD 0000000000000000
@4DBE 0000000000000000
@4DBF 0000000000000000
@4DC0 0000000000000000
@4DC1 0000000000000000
@4DC2 0000000000000000
@4DC3 0000000000000000
@4DC4 0000000000000000
@4DC5 0000000000000000
@4DC6 0000000000000000
@4DC7 0000000000000000
@4DC8 0000000000000000
@4DC9 0000000000000000
@4DCA 0000000000000000
@4DCB 0000000000000001
@4DCC 0000000000000000
@4DCD 0000000000000000
@4DCE 0000000000000000
@4DCF 0000000000000000
@4DD0 0000000000000000
@4DD1 0000000000000000
@4DD2 0000000000000000
@4DD3 0000000000000001
@4DD4 0000000000000000
@4DD5 0000000000000000
@4DD6 0000000000000000
@4DD7 0000000000000000
@4DD8 0000000000000000
@4DD9 0000000000000000
@4DDA 0000000000000000
@4DDB 0000000000000000
@4DDC 0000000000000000
@4DDD 0000000000000000
@4DDE 0000000000000001
@4DDF 0000000000000000
@4DE0 0000000000000000
@4DE1 0000000000000000
@4DE2 0000000000000000
@4DE3 0000000000000000
@4DE4 0000000000000000
@4DE5 0000000000000000
@4DE6 0000000000000000
@4DE7 0000000000000000
@4DE8 0000000000000000
@4DE9 0000000000000000
@4DEA 0000000000000000
@4DEB 0000000000000000
@4DEC 0000000000000000
@4DED -000000000000001
@4DEE 0000000000000000
@4DEF 0000000000000000
@4DF0 0000000000000000
@4DF1 0000000000000000
@4DF2 0000000000000000
@4DF3 0000000000000000
@4DF4 0000000000000000
@4DF5 0000000000000000
@4DF6 0000000000000000
@4DF7 0000000000000000
@4DF8 0000000000000001
@4DF9 0000000000000000
@4DFA 0000000000000001
@4DFB 0000000000000000
@4DFC 0000000000000000
@4DFD -000000000000001
@4DFE 0000000000000000
@4DFF 0000000000000000
@4E00 0000000000000000
@4E01 0000000000000000
@4E02 -000000000000001
@4E03 0000000000000000
@4E04 0000000000000001
@4E05 -000000000000002
@4E06 0000000000000000
@4E07 0000000000000000
@4E08 0000000000000000
@4E09 -000000000000001
@4E0A 0000000000000000
@4E0B 0000000000000000
@4E0C 0000000000000000
@4E0D 0000000000000000
@4E0E 0000000000000000
@4E0F 0000000000000000
@4E10 0000000000000000
@4E11 0000000000000000
@4E12 0000000000000000
@4E13 0000000000000000
@4E14 0000000000000001
@4E15 0000000000000000
@4E16 0000000000000000
@4E17 0000000000000000
@4E18 0000000000000000
@4E19 0000000000000000
@4E1A 0000000000000000
@4E1B 0000000000000000
@4E1C 0000000000000000
@4E1D 0000000000000000
@4E1E 0000000000000000
@4E1F 0000000000000000
@4E20 0000000000000000
@4E21 0000000000000000
@4E22 -000000000000001
@4E23 0000000000000000
@4E24 0000000000000000
@4E25 0000000000000000
@4E26 0000000000000002
@4E27 0000000000000000
@4E28 -000000000000001
@4E29 0000000000000000
@4E2A 0000000000000000
@4E2B 0000000000000000
@4E2C 0000000000000000
@4E2D 0000000000000000
@4E2E 0000000000000000
@4E2F 0000000000000000
@4E30 0000000000000000
@4E31 0000000000000000
@4E32 0000000000000000
@4E33 0000000000000001
@4E34 0000000000000000
@4E35 0000000000000000
@4E36 0000000000000000
@4E37 0000000000000000
@4E38 0000000000000000
@4E39 0000000000000000
@4E3A 0000000000000002
@4E3B 0000000000000000
@4E3C 0000000000000000
@4E3D 0000000000000000
@4E3E 0000000000000000
@4E3F 0000000000000000
@4E40 0000000000000000
@4E41 0000000000000000
@4E42 0000000000000000
@4E43 0000000000000000
@4E44 0000000000000000
@4E45 0000000000000000
@4E46 0000000000000000
@4E47 0000000000000000
@4E48 0000000000000000
@4E49 0000000000000001
@4E4A -000000000000001
@4E4B 0000000000000000
@4E4C 0000000000000001
@4E4D 0000000000000000
@4E4E 0000000000000000
@4E4F 0000000000000000
@4E50 -000000000000001
@4E51 0000000000000000
@4E52 0000000000000000
@4E53 0000000000000000
@4E54 0000000000000000
@4E55 0000000000000000
@4E56 0000000000000000
@4E57 0000000000000000
@4E58 0000000000000000
@4E59 0000000000000000
@4E5A 0000000000000000
@4E5B 0000000000000000
@4E5C 0000000000000001
@4E5D 0000000000000000
@4E5E 0000000000000000
@4E5F 0000000000000000
@4E60 0000000000000000
@4E61 0000000000000000
@4E62 0000000000000000
@4E63 0000000000000000
@4E64 0000000000000000
@4E65 0000000000000000
@4E66 0000000000000000
@4E67 0000000000000000
@4E68 0000000000000000
@4E69 0000000000000000
@4E6A 0000000000000000
@4E6B 0000000000000000
@4E6C 0000000000000000
@4E6D 0000000000000000
@4E6E 0000000000000000
@4E6F 0000000000000000
@4E70 0000000000000000
@4E71 0000000000000002
@4E72 0000000000000000
@4E73 0000000000000000
@4E74 0000000000000001
@4E75 0000000000000000
@4E76 0000000000000000
@4E77 0000000000000000
@4E78 0000000000000000
@4E79 0000000000000000
@4E7A 0000000000000000
@4E7B 0000000000000000
@4E7C 0000000000000000
@4E7D 0000000000000000
@4E7E 0000000000000000
@4E7F 0000000000000000
@4E80 0000000000000000
@4E81 0000000000000000
@4E82 0000000000000000
@4E83 0000000000000000
@4E84 0000000000000000
@4E85 0000000000000000
@4E86 0000000000000000
@4E87 0000000000000000
@4E88 0000000000000000
@4E89 0000000000000000
@4E8A 0000000000000000
@4E8B 0000000000000001
@4E8C 0000000000000000
@4E8D 0000000000000000
@4E8E 0000000000000000
@4E8F 0000000000000000
@4E90 0000000000000000
@4E91 0000000000000000
@4E92 0000000000000000
@4E93 0000000000000001
@4E94 0000000000000000
@4E95 0000000000000000
@4E96 0000000000000000
@4E97 0000000000000000
@4E98 0000000000000000
@4E99 0000000000000000
@4E9A 0000000000000000
@4E9B 0000000000000000
@4E9C 0000000000000000
@4E9D 0000000000000000
@4E9E 0000000000000000
@4E9F 0000000000000000
@4EA0 0000000000000000
@4EA1 0000000000000000
@4EA2 0000000000000000
@4EA3 0000000000000000
@4EA4 0000000000000000
@4EA5 0000000000000000
@4EA6 0000000000000000
@4EA7 0000000000000000
@4EA8 0000000000000000
@4EA9 0000000000000000
@4EAA 0000000000000000
@4EAB 0000000000000000
@4EAC 0000000000000000
@4EAD -000000000000002
@4EAE 0000000000000000
@4EAF 0000000000000000
@4EB0 0000000000000000
@4EB1 0000000000000000
@4EB2 0000000000000000
@4EB3 0000000000000000
@4EB4 0000000000000000
@4EB5 0000000000000000
@4EB6 -000000000000001
@4EB7 0000000000000000
@4EB8 0000000000000001
@4EB9 0000000000000000
@4EBA 0000000000000001
@4EBB 0000000000000000
@4EBC 0000000000000000
@4EBD -000000000000001
@4EBE 0000000000000000
@4EBF 0000000000000000
@4EC0 0000000000000000
@4EC1 0000000000000000
@4EC2 -000000000000001
@4EC3 0000000000000000
@4EC4 0000000000000001
@4EC5 -000000000000002
@4EC6 0000000000000000
@4EC7 0000000000000000
@4EC8 0000000000000000
@4EC9 -000000000000001
@4ECA 0000000000000000
@4ECB 0000000000000000
@4ECC 0000000000000000
@4ECD 0000000000000000
@4ECE 0000000000000000
@4ECF 0000000000000000
@4ED0 0000000000000000
@4ED1 0000000000000000
@4ED2 0000000000000000
@4ED3 0000000000000000
@4ED4 0000000000000001
@4ED5 0000000000000000
@4ED6 0000000000000000
@4ED7 0000000000000000
@4ED8 0000000000000001
@4ED9 0000000000000000
@4EDA 0000000000000000
@4EDB 0000000000000000
@4EDC 0000000000000000
@4EDD 0000000000000000
@4EDE 0000000000000000
@4EDF 0000000000000000
@4EE0 0000000000000000
@4EE1 0000000000000000
@4EE2 -000000000000001
@4EE3 0000000000000000
@4EE4 0000000000000000
@4EE5 0000000000000000
@4EE6 0000000000000002
@4EE7 0000000000000000
@4EE8 -000000000000001
@4EE9 0000000000000000
@4EEA 0000000000000000
@4EEB 0000000000000000
@4EEC 0000000000000000
@4EED 0000000000000000
@4EEE 0000000000000000
@4EEF 0000000000000000
@4EF0 0000000000000000
@4EF1 0000000000000000
@4EF2 0000000000000000
@4EF3 0000000000000001
@4EF4 0000000000000000
@4EF5 0000000000000000
@4EF6 0000000000000000
@4EF7 0000000000000000
@4EF8 0000000000000000
@4EF9 0000000000000000
@4EFA 0000000000000002
@4EFB 0000000000000000
@4EFC 0000000000000000
@4EFD 0000000000000000
@4EFE 0000000000000000
@4EFF 0000000000000000
@4F00 0000000000000000
@4F01 0000000000000000
@4F02 0000000000000000
@4F03 0000000000000000
@4F04 0000000000000000
@4F05 0000000000000000
@4F06 0000000000000000
@4F07 0000000000000000
@4F08 0000000000000000
@4F09 0000000000000001
@4F0A -000000000000001
@4F0B 0000000000000000
@4F0C 0000000000000001
@4F0D 0000000000000000
@4F0E 0000000000000000
@4F0F 0000000000000000
@4F10 -000000000000001
@4F11 0000000000000000
@4F12 0000000000000000
@4F13 0000000000000000
@4F14 0000000000000000
@4F15 0000000000000000
@4F16 0000000000000000
@4F17 0000000000000000
@4F18 0000000000000000
@4F19 0000000000000000
@4F1A 0000000000000000
@4F1B 0000000000000000
@4F1C 0000000000000002
@4F1D 0000000000000000
@4F1E 0000000000000000
@4F1F 0000000000000000
@4F20 0000000000000000
@4F21 0000000000000000
@4F22 -000000000000001
@4F23 0000000000000000
@4F24 0000000000000000
@4F25 0000000000000000
@4F26 0000000000000000
@4F27 0000000000000000
@4F28 0000000000000000
@4F29 0000000000000000
@4F2A 0000000000000000
@4F2B 0000000000000000
@4F2C 0000000000000000
@4F2D 0000000000000000
@4F2E 0000000000000000
@4F2F 0000000000000000
@4F30 0000000000000000
@4F31 0000000000000003
@4F32 0000000000000000
@4F33 0000000000000000
@4F34 0000000000000001
@4F35 0000000000000000
@4F36 0000000000000000
@4F37 0000000000000000
@4F38 0000000000000000
@4F39 0000000000000000
@4F3A 0000000000000000
@4F3B 0000000000000000
@4F3C 0000000000000000
@4F3D 0000000000000000
@4F3E 0000000000000000
@4F3F 0000000000000000
@4F40 0000000000000000
@4F41 0000000000000000
@4F42 0000000000000000
@4F43 0000000000000000
@4F44 0000000000000000
@4F45 0000000000000000
@4F46 0000000000000000
@4F47 0000000000000000
@4F48 0000000000000000
@4F49 0000000000000000
@4F4A 0000000000000000
@4F4B 0000000000000001
@4F4C 0000000000000000
@4F4D 0000000000000000
@4F4E 0000000000000000
@4F4F 0000000000000000
@4F50 0000000000000000
@4F51 0000000000000000
@4F52 0000000000000000
@4F53 0000000000000001
@4F54 0000000000000000
@4F55 0000000000000000
@4F56 0000000000000000
@4F57 0000000000000000
@4F58 0000000000000000
@4F59 0000000000000000
@4F5A 0000000000000000
@4F5B 0000000000000000
@4F5C 0000000000000000
@4F5D 0000000000000000
@4F5E 0000000000000000
@4F5F 0000000000000000
@4F60 0000000000000000
@4F61 0000000000000000
@4F62 0000000000000000
@4F63 0000000000000000
@4F64 0000000000000000
@4F65 0000000000000000
@4F66 0000000000000000
@4F67 0000000000000000
@4F68 0000000000000000
@4F69 0000000000000000
@4F6A 0000000000000000
@4F6B 0000000000000000
@4F6C 0000000000000000
@4F6D -000000000000001
@4F6E 0000000000000000
@4F6F 0000000000000000
@4F70 0000000000000000
@4F71 0000000000000000
@4F72 0000000000000000
@4F73 0000000000000000
@4F74 0000000000000000
@4F75 0000000000000000
@4F76 -000000000000001
@4F77 0000000000000000
@4F78 0000000000000001
@4F79 0000000000000000
@4F7A 0000000000000000
@4F7B 0000000000000000
@4F7C 0000000000000000
@4F7D -000000000000001
@4F7E 0000000000000000
@4F7F 0000000000000000
@4F80 0000000000000000
@4F81 0000000000000000
@4F82 -000000000000001
@4F83 0000000000000000
@4F84 0000000000000001
@4F85 -000000000000001
@4F86 0000000000000000
@4F87 0000000000000000
@4F88 0000000000000000
@4F89 -000000000000001
@4F8A 0000000000000000
@4F8B 0000000000000000
@4F8C 0000000000000000
@4F8D 0000000000000000
@4F8E 0000000000000000
@4F8F 0000000000000000
@4F90 0000000000000000
@4F91 0000000000000000
@4F92 0000000000000000
@4F93 0000000000000000
@4F94 0000000000000000
@4F95 0000000000000000
@4F96 0000000000000000
@4F97 0000000000000000
@4F98 0000000000000001
@4F99 0000000000000000
@4F9A 0000000000000000
@4F9B 0000000000000000
@4F9C 0000000000000000
@4F9D -000000000000001
@4F9E 0000000000000000
@4F9F 0000000000000000
@4FA0 0000000000000000
@4FA1 0000000000000000
@4FA2 -000000000000001
@4FA3 0000000000000000
@4FA4 0000000000000000
@4FA5 0000000000000000
@4FA6 0000000000000002
@4FA7 0000000000000000
@4FA8 -000000000000001
@4FA9 0000000000000000
@4FAA 0000000000000000
@4FAB 0000000000000000
@4FAC 0000000000000000
@4FAD 0000000000000000
@4FAE 0000000000000000
@4FAF 0000000000000000
@4FB0 0000000000000000
@4FB1 0000000000000000
@4FB2 0000000000000000
@4FB3 0000000000000001
@4FB4 0000000000000000
@4FB5 0000000000000000
@4FB6 0000000000000000
@4FB7 0000000000000000
@4FB8 0000000000000000
@4FB9 0000000000000001
@4FBA 0000000000000002
@4FBB 0000000000000000
@4FBC 0000000000000000
@4FBD 0000000000000000
@4FBE 0000000000000000
@4FBF 0000000000000000
@4FC0 0000000000000000
@4FC1 0000000000000000
@4FC2 0000000000000000
@4FC3 0000000000000000
@4FC4 0000000000000000
@4FC5 0000000000000000
@4FC6 0000000000000000
@4FC7 0000000000000000
@4FC8 0000000000000000
@4FC9 0000000000000001
@4FCA -000000000000001
@4FCB 0000000000000000
@4FCC 0000000000000001
@4FCD 0000000000000000
@4FCE 0000000000000000
@4FCF 0000000000000000
@4FD0 -000000000000001
@4FD1 0000000000000000
@4FD2 0000000000000000
@4FD3 0000000000000000
@4FD4 0000000000000000
@4FD5 0000000000000000
@4FD6 0000000000000000
@4FD7 0000000000000000
@4FD8 0000000000000000
@4FD9 0000000000000000
@4FDA 0000000000000000
@4FDB 0000000000000000
@4FDC 0000000000000002
@4FDD 0000000000000000
@4FDE 0000000000000000
@4FDF 0000000000000000
@4FE0 0000000000000000
@4FE1 0000000000000000
@4FE2 -000000000000001
@4FE3 0000000000000000
@4FE4 0000000000000000
@4FE5 0000000000000000
@4FE6 0000000000000000
@4FE7 0000000000000000
@4FE8 0000000000000000
@4FE9 0000000000000000
@4FEA 0000000000000000
@4FEB 0000000000000000
@4FEC 0000000000000000
@4FED 0000000000000000
@4FEE 0000000000000000
@4FEF 0000000000000000
@4FF0 -000000000000001
@4FF1 0000000000000003
@4FF2 0000000000000000
@4FF3 0000000000000000
@4FF4 0000000000000001
@4FF5 0000000000000000
@4FF6 0000000000000001
@4FF7 0000000000000001
@4FF8 0000000000000000
@4FF9 0000000000000000
@4FFA 0000000000000000
@4FFB 0000000000000000
@4FFC 0000000000000000
@4FFD 0000000000000000
@4FFE 0000000000000000
@4FFF 0000000000000000
@5000 0000000000000000
@5001 0000000000000000
@5002 0000000000000000
@5003 0000000000000000
@5004 0000000000000000
@5005 0000000000000000
@5006 0000000000000000
@5007 0000000000000000
@5008 0000000000000000
@5009 0000000000000000
@500A 0000000000000000
@500B 0000000000000000
@500C 0000000000000000
@500D 0000000000000000
@500E 0000000000000000
@500F 0000000000000000
@5010 0000000000000000
@5011 0000000000000000
@5012 0000000000000000
@5013 0000000000000001
@5014 0000000000000000
@5015 0000000000000000
@5016 0000000000000000
@5017 0000000000000000
@5018 0000000000000000
@5019 0000000000000000
@501A 0000000000000000
@501B 0000000000000000
@501C 0000000000000000
@501D 0000000000000000
@501E 0000000000000000
@501F 0000000000000000
@5020 0000000000000001
@5021 -000000000000001
@5022 0000000000000000
@5023 0000000000000000
@5024 0000000000000000
@5025 0000000000000000
@5026 0000000000000000
@5027 0000000000000000
@5028 0000000000000000
@5029 0000000000000000
@502A 0000000000000000
@502B 0000000000000000
@502C 0000000000000000
@502D -000000000000001
@502E 0000000000000000
@502F 0000000000000000
@5030 0000000000000000
@5031 0000000000000000
@5032 0000000000000000
@5033 0000000000000000
@5034 0000000000000000
@5035 0000000000000000
@5036 -000000000000001
@5037 0000000000000000
@5038 0000000000000001
@5039 0000000000000000
@503A 0000000000000000
@503B 0000000000000000
@503C 0000000000000000
@503D -000000000000001
@503E 0000000000000000
@503F 0000000000000000
@5040 0000000000000000
@5041 0000000000000000
@5042 -000000000000001
@5043 0000000000000000
@5044 0000000000000000
@5045 -000000000000001
@5046 0000000000000000
@5047 0000000000000000
@5048 0000000000000000
@5049 -000000000000001
@504A 0000000000000000
@504B 0000000000000000
@504C 0000000000000000
@504D 0000000000000000
@504E 0000000000000000
@504F 0000000000000000
@5050 0000000000000000
@5051 0000000000000000
@5052 0000000000000000
@5053 0000000000000000
@5054 0000000000000000
@5055 0000000000000000
@5056 0000000000000000
@5057 0000000000000000
@5058 0000000000000001
@5059 -000000000000001
@505A 0000000000000000
@505B 0000000000000001
@505C 0000000000000000
@505D 0000000000000000
@505E 0000000000000001
@505F 0000000000000001
@5060 0000000000000000
@5061 0000000000000000
@5062 -000000000000001
@5063 -000000000000001
@5064 0000000000000002
@5065 0000000000000000
@5066 0000000000000002
@5067 0000000000000001
@5068 0000000000000000
@5069 0000000000000000
@506A 0000000000000000
@506B 0000000000000000
@506C 0000000000000000
@506D 0000000000000000
@506E 0000000000000000
@506F 0000000000000000
@5070 0000000000000000
@5071 -000000000000001
@5072 -000000000000001
@5073 0000000000000000
@5074 0000000000000001
@5075 0000000000000000
@5076 0000000000000000
@5077 0000000000000000
@5078 0000000000000000
@5079 0000000000000000
@507A 0000000000000001
@507B 0000000000000000
@507C -000000000000001
@507D 0000000000000000
@507E 0000000000000000
@507F 0000000000000000
@5080 0000000000000000
@5081 0000000000000002
@5082 0000000000000001
@5083 0000000000000000
@5084 0000000000000000
@5085 0000000000000000
@5086 0000000000000000
@5087 0000000000000000
@5088 -000000000000001
@5089 0000000000000000
@508A 0000000000000000
@508B 0000000000000000
@508C 0000000000000000
@508D 0000000000000000
@508E 0000000000000000
@508F 0000000000000000
@5090 -000000000000001
@5091 0000000000000000
@5092 -000000000000003
@5093 0000000000000001
@5094 0000000000000000
@5095 0000000000000000
@5096 -000000000000001
@5097 0000000000000000
@5098 0000000000000000
@5099 0000000000000000
@509A 0000000000000000
@509B 0000000000000000
@509C 0000000000000002
@509D 0000000000000000
@509E 0000000000000002
@509F 0000000000000000
@50A0 0000000000000000
@50A1 0000000000000000
@50A2 0000000000000000
@50A3 0000000000000000
@50A4 0000000000000000
@50A5 0000000000000000
@50A6 0000000000000000
@50A7 0000000000000001
@50A8 0000000000000000
@50A9 0000000000000000
@50AA 0000000000000000
@50AB 0000000000000000
@50AC 0000000000000000
@50AD 0000000000000000
@50AE 0000000000000000
@50AF 0000000000000000
@50B0 -000000000000002
@50B1 0000000000000002
@50B2 0000000000000000
@50B3 0000000000000000
@50B4 0000000000000001
@50B5 0000000000000000
@50B6 0000000000000002
@50B7 0000000000000000
@50B8 -000000000000002
@50B9 0000000000000000
@50BA 0000000000000000
@50BB -000000000000001
@50BC 0000000000000000
@50BD 0000000000000000
@50BE 0000000000000000
@50BF 0000000000000000
@50C0 0000000000000000
@50C1 0000000000000000
@50C2 0000000000000000
@50C3 0000000000000000
@50C4 0000000000000000
@50C5 -000000000000001
@50C6 0000000000000000
@50C7 0000000000000001
@50C8 -000000000000001
@50C9 0000000000000000
@50CA 0000000000000000
@50CB 0000000000000002
@50CC 0000000000000000
@50CD 0000000000000000
@50CE -000000000000001
@50CF -000000000000001
@50D0 0000000000000000
@50D1 0000000000000002
@50D2 0000000000000000
@50D3 0000000000000002
@50D4 0000000000000000
@50D5 0000000000000001
@50D6 0000000000000000
@50D7 0000000000000000
@50D8 0000000000000000
@50D9 0000000000000000
@50DA 0000000000000001
@50DB 0000000000000001
@50DC 0000000000000000
@50DD 0000000000000000
@50DE 0000000000000000
@50DF 0000000000000000
@50E0 0000000000000000
@50E1 0000000000000000
@50E2 0000000000000000
@50E3 -000000000000001
@50E4 0000000000000000
@50E5 0000000000000000
@50E6 -000000000000001
@50E7 0000000000000000
@50E8 0000000000000001
@50E9 0000000000000000
@50EA -000000000000001
@50EB 0000000000000000
@50EC 0000000000000001
@50ED -000000000000001
@50EE 0000000000000001
@50EF 0000000000000000
@50F0 0000000000000000
@50F1 0000000000000000
@50F2 0000000000000000
@50F3 0000000000000000
@50F4 0000000000000000
@50F5 0000000000000000
@50F6 -000000000000001
@50F7 -000000000000001
@50F8 0000000000000001
@50F9 0000000000000001
@50FA -000000000000001
@50FB 0000000000000001
@50FC 0000000000000000
@50FD -000000000000001
@50FE 0000000000000003
@50FF 0000000000000000
@5100 0000000000000000
@5101 0000000000000000
@5102 -000000000000001
@5103 0000000000000000
@5104 0000000000000001
@5105 -000000000000001
@5106 -000000000000001
@5107 0000000000000000
@5108 0000000000000000
@5109 0000000000000000
@510A 0000000000000000
@510B 0000000000000000
@510C 0000000000000000
@510D 0000000000000000
@510E 0000000000000000
@510F 0000000000000000
@5110 -000000000000001
@5111 0000000000000000
@5112 0000000000000000
@5113 0000000000000000
@5114 0000000000000001
@5115 0000000000000000
@5116 0000000000000000
@5117 0000000000000000
@5118 0000000000000000
@5119 0000000000000000
@511A 0000000000000000
@511B 0000000000000001
@511C 0000000000000000
@511D 0000000000000000
@511E 0000000000000000
@511F 0000000000000000
@5120 0000000000000000
@5121 0000000000000000
@5122 -000000000000001
@5123 0000000000000000
@5124 0000000000000000
@5125 0000000000000000
@5126 0000000000000003
@5127 0000000000000000
@5128 -000000000000001
@5129 0000000000000000
@512A 0000000000000000
@512B 0000000000000001
@512C 0000000000000000
@512D 0000000000000000
@512E 0000000000000000
@512F 0000000000000000
@5130 0000000000000000
@5131 0000000000000000
@5132 0000000000000000
@5133 0000000000000001
@5134 0000000000000000
@5135 0000000000000000
@5136 0000000000000001
@5137 0000000000000000
@5138 0000000000000000
@5139 0000000000000000
@513A 0000000000000001
@513B 0000000000000000
@513C 0000000000000000
@513D 0000000000000000
@513E 0000000000000000
@513F 0000000000000000
@5140 0000000000000000
@5141 0000000000000000
@5142 0000000000000000
@5143 0000000000000000
@5144 0000000000000000
@5145 0000000000000000
@5146 0000000000000000
@5147 0000000000000000
@5148 0000000000000000
@5149 0000000000000001
@514A 0000000000000000
@514B 0000000000000000
@514C 0000000000000001
@514D -000000000000001
@514E 0000000000000000
@514F 0000000000000000
@5150 0000000000000000
@5151 0000000000000000
@5152 0000000000000000
@5153 0000000000000000
@5154 0000000000000000
@5155 0000000000000000
@5156 -000000000000001
@5157 0000000000000000
@5158 0000000000000000
@5159 0000000000000000
@515A 0000000000000000
@515B 0000000000000000
@515C 0000000000000001
@515D 0000000000000000
@515E -000000000000001
@515F 0000000000000000
@5160 0000000000000000
@5161 0000000000000001
@5162 0000000000000000
@5163 0000000000000000
@5164 0000000000000000
@5165 0000000000000000
@5166 0000000000000000
@5167 0000000000000000
@5168 0000000000000000
@5169 0000000000000000
@516A 0000000000000000
@516B 0000000000000000
@516C 0000000000000000
@516D 0000000000000000
@516E 0000000000000000
@516F 0000000000000000
@5170 -000000000000001
@5171 0000000000000003
@5172 0000000000000000
@5173 0000000000000000
@5174 0000000000000000
@5175 0000000000000000
@5176 0000000000000000
@5177 0000000000000000
@5178 0000000000000000
@5179 0000000000000000
@517A 0000000000000000
@517B 0000000000000000
@517C 0000000000000000
@517D 0000000000000000
@517E -000000000000002
@517F 0000000000000000
@5180 0000000000000000
@5181 0000000000000000
@5182 0000000000000000
@5183 0000000000000000
@5184 0000000000000000
@5185 -000000000000001
@5186 0000000000000000
@5187 0000000000000000
@5188 0000000000000000
@5189 0000000000000000
@518A 0000000000000000
@518B 0000000000000001
@518C 0000000000000001
@518D 0000000000000000
@518E 0000000000000000
@518F 0000000000000000
@5190 0000000000000000
@5191 0000000000000000
@5192 0000000000000000
@5193 0000000000000001
@5194 0000000000000000
@5195 0000000000000000
@5196 0000000000000000
@5197 0000000000000000
@5198 0000000000000000
@5199 0000000000000000
@519A 0000000000000000
@519B 0000000000000000
@519C 0000000000000000
@519D 0000000000000000
@519E 0000000000000000
@519F 0000000000000000
@51A0 0000000000000001
@51A1 -000000000000002
@51A2 0000000000000000
@51A3 0000000000000000
@51A4 0000000000000000
@51A5 0000000000000000
@51A6 -000000000000001
@51A7 0000000000000000
@51A8 0000000000000000
@51A9 0000000000000000
@51AA 0000000000000000
@51AB 0000000000000000
@51AC 0000000000000000
@51AD 0000000000000000
@51AE 0000000000000000
@51AF 0000000000000000
@51B0 0000000000000000
@51B1 0000000000000000
@51B2 0000000000000000
@51B3 0000000000000000
@51B4 0000000000000000
@51B5 -000000000000001
@51B6 0000000000000000
@51B7 0000000000000000
@51B8 0000000000000000
@51B9 0000000000000000
@51BA -000000000000001
@51BB 0000000000000000
@51BC 0000000000000000
@51BD -000000000000001
@51BE 0000000000000000
@51BF 0000000000000000
@51C0 0000000000000000
@51C1 0000000000000000
@51C2 -000000000000001
@51C3 0000000000000000
@51C4 0000000000000000
@51C5 -000000000000001
@51C6 0000000000000000
@51C7 0000000000000000
@51C8 0000000000000000
@51C9 -000000000000001
@51CA 0000000000000000
@51CB 0000000000000000
@51CC 0000000000000000
@51CD 0000000000000000
@51CE 0000000000000000
@51CF 0000000000000000
@51D0 0000000000000000
@51D1 0000000000000000
@51D2 0000000000000000
@51D3 0000000000000000
@51D4 0000000000000000
@51D5 -000000000000001
@51D6 0000000000000000
@51D7 0000000000000001
@51D8 0000000000000001
@51D9 0000000000000000
@51DA 0000000000000000
@51DB 0000000000000001
@51DC 0000000000000000
@51DD -000000000000001
@51DE 0000000000000000
@51DF 0000000000000000
@51E0 0000000000000000
@51E1 0000000000000000
@51E2 -000000000000002
@51E3 0000000000000000
@51E4 0000000000000000
@51E5 0000000000000000
@51E6 0000000000000003
@51E7 0000000000000000
@51E8 0000000000000000
@51E9 0000000000000000
@51EA 0000000000000000
@51EB -000000000000001
@51EC -000000000000002
@51ED 0000000000000000
@51EE 0000000000000000
@51EF 0000000000000000
@51F0 0000000000000000
@51F1 -000000000000001
@51F2 0000000000000000
@51F3 0000000000000001
@51F4 0000000000000000
@51F5 0000000000000000
@51F6 0000000000000001
@51F7 0000000000000000
@51F8 0000000000000000
@51F9 0000000000000000
@51FA 0000000000000000
@51FB 0000000000000000
@51FC 0000000000000000
@51FD 0000000000000000
@51FE 0000000000000000
@51FF 0000000000000000
@5200 0000000000000000
@5201 0000000000000000
@5202 0000000000000001
@5203 0000000000000000
@5204 0000000000000000
@5205 -000000000000001
@5206 0000000000000000
@5207 0000000000000000
@5208 0000000000000000
@5209 0000000000000001
@520A 0000000000000000
@520B 0000000000000000
@520C 0000000000000001
@520D -000000000000001
@520E 0000000000000000
@520F 0000000000000000
@5210 0000000000000001
@5211 0000000000000000
@5212 0000000000000000
@5213 0000000000000000
@5214 0000000000000000
@5215 0000000000000000
@5216 0000000000000000
@5217 0000000000000000
@5218 0000000000000000
@5219 0000000000000000
@521A 0000000000000000
@521B 0000000000000000
@521C 0000000000000002
@521D 0000000000000000
@521E 0000000000000000
@521F 0000000000000000
@5220 0000000000000000
@5221 0000000000000000
@5222 -000000000000001
@5223 0000000000000000
@5224 0000000000000000
@5225 0000000000000000
@5226 0000000000000000
@5227 0000000000000000
@5228 0000000000000000
@5229 0000000000000000
@522A -000000000000001
@522B 0000000000000000
@522C 0000000000000000
@522D 0000000000000000
@522E 0000000000000000
@522F 0000000000000000
@5230 0000000000000000
@5231 0000000000000002
@5232 0000000000000000
@5233 0000000000000000
@5234 0000000000000000
@5235 0000000000000000
@5236 0000000000000001
@5237 0000000000000001
@5238 0000000000000000
@5239 0000000000000000
@523A -000000000000001
@523B 0000000000000000
@523C 0000000000000000
@523D -000000000000001
@523E 0000000000000000
@523F 0000000000000000
@5240 0000000000000000
@5241 0000000000000000
@5242 -000000000000001
@5243 0000000000000000
@5244 -000000000000001
@5245 0000000000000000
@5246 -000000000000001
@5247 0000000000000000
@5248 0000000000000000
@5249 0000000000000000
@524A 0000000000000000
@524B 0000000000000003
@524C 0000000000000000
@524D 0000000000000000
@524E -000000000000001
@524F 0000000000000000
@5250 0000000000000000
@5251 0000000000000001
@5252 0000000000000000
@5253 0000000000000001
@5254 0000000000000000
@5255 0000000000000000
@5256 0000000000000000
@5257 -000000000000001
@5258 -000000000000001
@5259 0000000000000000
@525A 0000000000000000
@525B 0000000000000000
@525C 0000000000000000
@525D 0000000000000000
@525E 0000000000000000
@525F 0000000000000000
@5260 0000000000000000
@5261 0000000000000000
@5262 0000000000000000
@5263 0000000000000000
@5264 0000000000000000
@5265 0000000000000000
@5266 0000000000000000
@5267 0000000000000000
@5268 0000000000000000
@5269 0000000000000000
@526A 0000000000000000
@526B 0000000000000000
@526C 0000000000000000
@526D -000000000000001
@526E 0000000000000000
@526F 0000000000000000
@5270 0000000000000000
@5271 0000000000000000
@5272 0000000000000000
@5273 0000000000000000
@5274 0000000000000000
@5275 0000000000000000
@5276 0000000000000000
@5277 0000000000000000
@5278 -000000000000002
@5279 0000000000000000
@527A -000000000000003
@527B 0000000000000000
@527C 0000000000000000
@527D -000000000000001
@527E 0000000000000000
@527F 0000000000000000
@5280 0000000000000000
@5281 0000000000000000
@5282 -000000000000002
@5283 0000000000000000
@5284 0000000000000001
@5285 -000000000000003
@5286 -000000000000001
@5287 0000000000000000
@5288 -000000000000001
@5289 -000000000000001
@528A 0000000000000000
@528B 0000000000000000
@528C 0000000000000000
@528D 0000000000000000
@528E 0000000000000000
@528F 0000000000000001
@5290 0000000000000000
@5291 0000000000000000
@5292 0000000000000000
@5293 0000000000000000
@5294 0000000000000000
@5295 -000000000000001
@5296 0000000000000000
@5297 0000000000000000
@5298 0000000000000000
@5299 0000000000000000
@529A 0000000000000000
@529B 0000000000000001
@529C 0000000000000000
@529D 0000000000000000
@529E -000000000000001
@529F 0000000000000000
@52A0 0000000000000000
@52A1 0000000000000000
@52A2 -000000000000002
@52A3 -000000000000002
@52A4 0000000000000000
@52A5 0000000000000001
@52A6 0000000000000003
@52A7 0000000000000001
@52A8 -000000000000001
@52A9 0000000000000000
@52AA 0000000000000000
@52AB 0000000000000000
@52AC -000000000000001
@52AD 0000000000000000
@52AE 0000000000000000
@52AF 0000000000000000
@52B0 0000000000000000
@52B1 0000000000000001
@52B2 0000000000000000
@52B3 0000000000000001
@52B4 0000000000000000
@52B5 0000000000000001
@52B6 0000000000000001
@52B7 0000000000000000
@52B8 0000000000000000
@52B9 0000000000000000
@52BA 0000000000000000
@52BB 0000000000000000
@52BC -000000000000002
@52BD 0000000000000000
@52BE 0000000000000000
@52BF 0000000000000000
@52C0 0000000000000000
@52C1 0000000000000001
@52C2 0000000000000000
@52C3 0000000000000000
@52C4 0000000000000000
@52C5 0000000000000000
@52C6 0000000000000000
@52C7 -000000000000001
@52C8 0000000000000000
@52C9 0000000000000001
@52CA -000000000000001
@52CB 0000000000000000
@52CC 0000000000000002
@52CD 0000000000000000
@52CE 0000000000000000
@52CF -000000000000002
@52D0 0000000000000001
@52D1 0000000000000000
@52D2 0000000000000001
@52D3 0000000000000000
@52D4 0000000000000000
@52D5 0000000000000000
@52D6 -000000000000001
@52D7 -000000000000001
@52D8 0000000000000000
@52D9 -000000000000001
@52DA 0000000000000000
@52DB 0000000000000000
@52DC 0000000000000001
@52DD 0000000000000001
@52DE 0000000000000000
@52DF 0000000000000000
@52E0 0000000000000000
@52E1 0000000000000000
@52E2 -000000000000001
@52E3 0000000000000000
@52E4 -000000000000002
@52E5 0000000000000000
@52E6 0000000000000000
@52E7 0000000000000000
@52E8 0000000000000000
@52E9 0000000000000000
@52EA 0000000000000001
@52EB 0000000000000000
@52EC 0000000000000000
@52ED 0000000000000001
@52EE 0000000000000000
@52EF 0000000000000000
@52F0 0000000000000000
@52F1 0000000000000002
@52F2 0000000000000000
@52F3 0000000000000000
@52F4 0000000000000000
@52F5 0000000000000000
@52F6 0000000000000000
@52F7 0000000000000001
@52F8 0000000000000000
@52F9 0000000000000000
@52FA 0000000000000000
@52FB 0000000000000000
@52FC 0000000000000000
@52FD 0000000000000000
@52FE 0000000000000000
@52FF 0000000000000000
@5300 0000000000000000
@5301 0000000000000000
@5302 0000000000000000
@5303 0000000000000000
@5304 0000000000000000
@5305 0000000000000000
@5306 0000000000000000
@5307 0000000000000000
@5308 0000000000000000
@5309 0000000000000000
@530A 0000000000000000
@530B 0000000000000001
@530C 0000000000000000
@530D 0000000000000000
@530E 0000000000000000
@530F 0000000000000000
@5310 -000000000000001
@5311 0000000000000000
@5312 0000000000000000
@5313 0000000000000000
@5314 0000000000000000
@5315 0000000000000000
@5316 0000000000000000
@5317 -000000000000002
@5318 0000000000000000
@5319 0000000000000000
@531A 0000000000000001
@531B 0000000000000000
@531C 0000000000000000
@531D 0000000000000001
@531E 0000000000000000
@531F -000000000000001
@5320 0000000000000001
@5321 0000000000000000
@5322 0000000000000000
@5323 0000000000000000
@5324 0000000000000000
@5325 -000000000000001
@5326 0000000000000000
@5327 0000000000000000
@5328 0000000000000000
@5329 0000000000000001
@532A 0000000000000000
@532B 0000000000000000
@532C 0000000000000000
@532D -000000000000001
@532E 0000000000000000
@532F 0000000000000000
@5330 0000000000000000
@5331 0000000000000000
@5332 0000000000000000
@5333 0000000000000000
@5334 0000000000000000
@5335 0000000000000000
@5336 0000000000000000
@5337 0000000000000000
@5338 -000000000000002
@5339 0000000000000000
@533A -000000000000001
@533B -000000000000001
@533C 0000000000000000
@533D -000000000000001
@533E -000000000000001
@533F 0000000000000001
@5340 0000000000000000
@5341 0000000000000000
@5342 -000000000000001
@5343 0000000000000000
@5344 0000000000000001
@5345 -000000000000002
@5346 0000000000000000
@5347 0000000000000000
@5348 0000000000000000
@5349 0000000000000000
@534A 0000000000000000
@534B 0000000000000000
@534C 0000000000000000
@534D 0000000000000000
@534E 0000000000000000
@534F 0000000000000000
@5350 0000000000000000
@5351 0000000000000000
@5352 0000000000000000
@5353 0000000000000000
@5354 0000000000000001
@5355 0000000000000000
@5356 0000000000000000
@5357 0000000000000000
@5358 0000000000000000
@5359 0000000000000000
@535A 0000000000000000
@535B 0000000000000000
@535C 0000000000000000
@535D 0000000000000000
@535E 0000000000000000
@535F 0000000000000000
@5360 0000000000000000
@5361 0000000000000000
@5362 -000000000000001
@5363 0000000000000000
@5364 0000000000000000
@5365 0000000000000000
@5366 0000000000000002
@5367 0000000000000000
@5368 -000000000000001
@5369 0000000000000000
@536A 0000000000000000
@536B 0000000000000001
@536C 0000000000000000
@536D 0000000000000000
@536E 0000000000000000
@536F 0000000000000001
@5370 0000000000000000
@5371 0000000000000000
@5372 0000000000000000
@5373 0000000000000000
@5374 0000000000000000
@5375 0000000000000000
@5376 0000000000000000
@5377 0000000000000000
@5378 0000000000000000
@5379 0000000000000002
@537A 0000000000000002
@537B 0000000000000000
@537C -000000000000001
@537D 0000000000000000
@537E 0000000000000000
@537F 0000000000000000
@5380 0000000000000000
@5381 0000000000000000
@5382 0000000000000000
@5383 0000000000000000
@5384 0000000000000000
@5385 0000000000000000
@5386 0000000000000000
@5387 0000000000000000
@5388 0000000000000000
@5389 0000000000000001
@538A -000000000000002
@538B 0000000000000000
@538C 0000000000000002
@538D 0000000000000000
@538E 0000000000000000
@538F 0000000000000000
@5390 -000000000000002
@5391 0000000000000000
@5392 0000000000000000
@5393 0000000000000000
@5394 0000000000000000
@5395 0000000000000000
@5396 -000000000000001
@5397 0000000000000000
@5398 0000000000000000
@5399 0000000000000000
@539A 0000000000000000
@539B 0000000000000000
@539C 0000000000000001
@539D 0000000000000000
@539E 0000000000000000
@539F 0000000000000000
@53A0 0000000000000000
@53A1 0000000000000001
@53A2 0000000000000000
@53A3 0000000000000000
@53A4 -000000000000001
@53A5 0000000000000000
@53A6 0000000000000000
@53A7 0000000000000000
@53A8 0000000000000000
@53A9 0000000000000000
@53AA 0000000000000000
@53AB 0000000000000000
@53AC 0000000000000000
@53AD 0000000000000000
@53AE 0000000000000000
@53AF 0000000000000000
@53B0 0000000000000000
@53B1 0000000000000002
@53B2 0000000000000000
@53B3 0000000000000000
@53B4 0000000000000001
@53B5 0000000000000000
@53B6 0000000000000000
@53B7 0000000000000000
@53B8 0000000000000000
@53B9 0000000000000000
@53BA 0000000000000000
@53BB 0000000000000000
@53BC 0000000000000000
@53BD 0000000000000000
@53BE 0000000000000000
@53BF 0000000000000000
@53C0 0000000000000000
@53C1 0000000000000000
@53C2 0000000000000000
@53C3 0000000000000000
@53C4 0000000000000000
@53C5 0000000000000000
@53C6 0000000000000000
@53C7 0000000000000000
@53C8 0000000000000000
@53C9 0000000000000000
@53CA 0000000000000000
@53CB 0000000000000000
@53CC 0000000000000000
@53CD 0000000000000000
@53CE 0000000000000000
@53CF 0000000000000000
@53D0 0000000000000000
@53D1 0000000000000000
@53D2 0000000000000000
@53D3 0000000000000000
@53D4 0000000000000000
@53D5 0000000000000000
@53D6 0000000000000000
@53D7 0000000000000000
@53D8 0000000000000000
@53D9 0000000000000000
@53DA 0000000000000000
@53DB 0000000000000000
@53DC 0000000000000000
@53DD 0000000000000000
@53DE 0000000000000000
@53DF 0000000000000000
@53E0 0000000000000000
@53E1 -000000000000001
@53E2 0000000000000000
@53E3 -000000000000001
@53E4 0000000000000000
@53E5 0000000000000000
@53E6 -000000000000001
@53E7 0000000000000000
@53E8 0000000000000001
@53E9 0000000000000000
@53EA 0000000000000000
@53EB 0000000000000000
@53EC 0000000000000000
@53ED -000000000000002
@53EE 0000000000000000
@53EF 0000000000000000
@53F0 0000000000000000
@53F1 0000000000000000
@53F2 0000000000000000
@53F3 0000000000000000
@53F4 0000000000000000
@53F5 0000000000000000
@53F6 -000000000000001
@53F7 0000000000000000
@53F8 0000000000000000
@53F9 0000000000000000
@53FA 0000000000000001
@53FB 0000000000000000
@53FC 0000000000000000
@53FD -000000000000001
@53FE 0000000000000000
@53FF 0000000000000000
@5400 0000000000000000
@5401 0000000000000000
@5402 -000000000000001
@5403 0000000000000000
@5404 0000000000000001
@5405 -000000000000002
@5406 0000000000000000
@5407 0000000000000000
@5408 0000000000000000
@5409 -000000000000001
@540A 0000000000000000
@540B 0000000000000000
@540C 0000000000000000
@540D 0000000000000000
@540E 0000000000000000
@540F 0000000000000000
@5410 0000000000000000
@5411 0000000000000000
@5412 0000000000000000
@5413 0000000000000000
@5414 0000000000000001
@5415 0000000000000000
@5416 0000000000000000
@5417 0000000000000000
@5418 0000000000000001
@5419 0000000000000000
@541A 0000000000000000
@541B 0000000000000000
@541C 0000000000000000
@541D 0000000000000000
@541E 0000000000000000
@541F 0000000000000000
@5420 0000000000000000
@5421 0000000000000000
@5422 -000000000000001
@5423 0000000000000000
@5424 0000000000000000
@5425 0000000000000000
@5426 0000000000000002
@5427 0000000000000000
@5428 -000000000000001
@5429 0000000000000000
@542A 0000000000000000
@542B 0000000000000000
@542C 0000000000000000
@542D 0000000000000000
@542E 0000000000000000
@542F 0000000000000000
@5430 0000000000000000
@5431 0000000000000000
@5432 0000000000000000
@5433 0000000000000001
@5434 0000000000000000
@5435 0000000000000000
@5436 -000000000000001
@5437 0000000000000000
@5438 0000000000000000
@5439 0000000000000000
@543A 0000000000000002
@543B 0000000000000000
@543C 0000000000000000
@543D 0000000000000000
@543E 0000000000000000
@543F 0000000000000000
@5440 0000000000000000
@5441 0000000000000000
@5442 0000000000000000
@5443 0000000000000000
@5444 0000000000000000
@5445 0000000000000000
@5446 0000000000000000
@5447 0000000000000000
@5448 0000000000000000
@5449 0000000000000001
@544A -000000000000001
@544B 0000000000000000
@544C 0000000000000001
@544D 0000000000000000
@544E 0000000000000000
@544F 0000000000000000
@5450 -000000000000001
@5451 0000000000000000
@5452 0000000000000000
@5453 0000000000000000
@5454 0000000000000000
@5455 0000000000000000
@5456 0000000000000000
@5457 0000000000000000
@5458 0000000000000000
@5459 0000000000000000
@545A 0000000000000000
@545B 0000000000000000
@545C 0000000000000001
@545D 0000000000000000
@545E 0000000000000000
@545F 0000000000000000
@5460 0000000000000000
@5461 0000000000000000
@5462 -000000000000001
@5463 0000000000000000
@5464 0000000000000000
@5465 0000000000000000
@5466 0000000000000000
@5467 0000000000000000
@5468 0000000000000000
@5469 0000000000000000
@546A 0000000000000000
@546B 0000000000000000
@546C 0000000000000000
@546D 0000000000000000
@546E 0000000000000000
@546F 0000000000000000
@5470 0000000000000000
@5471 0000000000000002
@5472 0000000000000000
@5473 0000000000000000
@5474 0000000000000000
@5475 0000000000000000
@5476 0000000000000000
@5477 0000000000000000
@5478 0000000000000000
@5479 0000000000000000
@547A 0000000000000000
@547B 0000000000000000
@547C 0000000000000000
@547D 0000000000000000
@547E 0000000000000000
@547F 0000000000000000
@5480 0000000000000000
@5481 0000000000000000
@5482 0000000000000000
@5483 0000000000000000
@5484 0000000000000000
@5485 0000000000000000
@5486 0000000000000000
@5487 0000000000000000
@5488 0000000000000000
@5489 0000000000000000
@548A 0000000000000000
@548B 0000000000000001
@548C 0000000000000000
@548D 0000000000000000
@548E 0000000000000000
@548F 0000000000000000
@5490 0000000000000000
@5491 0000000000000000
@5492 0000000000000000
@5493 0000000000000001
@5494 0000000000000000
@5495 0000000000000000
@5496 0000000000000000
@5497 0000000000000000
@5498 0000000000000001
@5499 0000000000000000
@549A 0000000000000000
@549B 0000000000000000
@549C 0000000000000000
@549D 0000000000000000
@549E 0000000000000000
@549F 0000000000000000
@54A0 0000000000000000
@54A1 -000000000000001
@54A2 0000000000000000
@54A3 0000000000000000
@54A4 0000000000000000
@54A5 0000000000000000
@54A6 0000000000000000
@54A7 0000000000000000
@54A8 0000000000000000
@54A9 0000000000000000
@54AA 0000000000000000
@54AB 0000000000000000
@54AC 0000000000000000
@54AD -000000000000001
@54AE 0000000000000000
@54AF 0000000000000000
@54B0 0000000000000000
@54B1 0000000000000000
@54B2 0000000000000000
@54B3 0000000000000000
@54B4 0000000000000000
@54B5 0000000000000000
@54B6 -000000000000001
@54B7 0000000000000000
@54B8 0000000000000002
@54B9 0000000000000000
@54BA 0000000000000001
@54BB 0000000000000000
@54BC 0000000000000000
@54BD 0000000000000000
@54BE 0000000000000000
@54BF 0000000000000000
@54C0 0000000000000000
@54C1 0000000000000000
@54C2 -000000000000001
@54C3 0000000000000000
@54C4 0000000000000001
@54C5 -000000000000002
@54C6 0000000000000000
@54C7 0000000000000000
@54C8 0000000000000000
@54C9 0000000000000000
@54CA 0000000000000000
@54CB 0000000000000000
@54CC 0000000000000000
@54CD 0000000000000000
@54CE 0000000000000000
@54CF 0000000000000000
@54D0 0000000000000000
@54D1 0000000000000000
@54D2 0000000000000000
@54D3 0000000000000000
@54D4 0000000000000001
@54D5 0000000000000000
@54D6 0000000000000000
@54D7 0000000000000000
@54D8 0000000000000001
@54D9 0000000000000000
@54DA 0000000000000000
@54DB 0000000000000000
@54DC 0000000000000000
@54DD 0000000000000000
@54DE 0000000000000000
@54DF 0000000000000000
@54E0 0000000000000000
@54E1 0000000000000000
@54E2 -000000000000001
@54E3 0000000000000000
@54E4 0000000000000000
@54E5 0000000000000000
@54E6 0000000000000002
@54E7 0000000000000000
@54E8 -000000000000001
@54E9 0000000000000000
@54EA 0000000000000000
@54EB 0000000000000000
@54EC 0000000000000000
@54ED 0000000000000000
@54EE 0000000000000000
@54EF 0000000000000000
@54F0 0000000000000000
@54F1 0000000000000000
@54F2 0000000000000000
@54F3 0000000000000001
@54F4 0000000000000000
@54F5 0000000000000000
@54F6 -000000000000001
@54F7 0000000000000000
@54F8 0000000000000000
@54F9 0000000000000000
@54FA 0000000000000002
@54FB 0000000000000000
@54FC 0000000000000000
@54FD 0000000000000000
@54FE 0000000000000000
@54FF 0000000000000000
@5500 0000000000000000
@5501 0000000000000000
@5502 0000000000000000
@5503 0000000000000000
@5504 0000000000000000
@5505 0000000000000000
@5506 0000000000000000
@5507 0000000000000000
@5508 0000000000000000
@5509 0000000000000001
@550A -000000000000001
@550B 0000000000000000
@550C 0000000000000000
@550D 0000000000000000
@550E 0000000000000000
@550F 0000000000000000
@5510 -000000000000001
@5511 0000000000000000
@5512 0000000000000000
@5513 0000000000000000
@5514 0000000000000000
@5515 0000000000000000
@5516 0000000000000000
@5517 0000000000000000
@5518 0000000000000000
@5519 0000000000000000
@551A 0000000000000000
@551B 0000000000000000
@551C 0000000000000001
@551D 0000000000000000
@551E 0000000000000000
@551F 0000000000000000
@5520 0000000000000000
@5521 0000000000000000
@5522 -000000000000001
@5523 0000000000000000
@5524 0000000000000000
@5525 0000000000000000
@5526 0000000000000000
@5527 0000000000000000
@5528 0000000000000000
@5529 0000000000000000
@552A 0000000000000000
@552B 0000000000000000
@552C 0000000000000000
@552D 0000000000000000
@552E 0000000000000000
@552F 0000000000000000
@5530 0000000000000000
@5531 0000000000000003
@5532 0000000000000000
@5533 0000000000000000
@5534 0000000000000000
@5535 0000000000000000
@5536 0000000000000000
@5537 0000000000000001
@5538 0000000000000000
@5539 0000000000000000
@553A 0000000000000000
@553B 0000000000000000
@553C 0000000000000000
@553D 0000000000000000
@553E 0000000000000000
@553F 0000000000000000
@5540 0000000000000000
@5541 0000000000000000
@5542 0000000000000000
@5543 0000000000000000
@5544 0000000000000000
@5545 0000000000000000
@5546 0000000000000000
@5547 0000000000000000
@5548 0000000000000000
@5549 0000000000000000
@554A 0000000000000000
@554B 0000000000000001
@554C 0000000000000000
@554D 0000000000000000
@554E 0000000000000000
@554F 0000000000000000
@5550 0000000000000000
@5551 0000000000000000
@5552 0000000000000000
@5553 0000000000000001
@5554 0000000000000000
@5555 0000000000000000
@5556 0000000000000000
@5557 0000000000000000
@5558 0000000000000000
@5559 0000000000000000
@555A 0000000000000000
@555B 0000000000000000
@555C 0000000000000000
@555D 0000000000000000
@555E 0000000000000000
@555F 0000000000000000
@5560 0000000000000000
@5561 0000000000000000
@5562 0000000000000000
@5563 0000000000000000
@5564 0000000000000000
@5565 0000000000000000
@5566 0000000000000000
@5567 0000000000000000
@5568 0000000000000000
@5569 0000000000000000
@556A 0000000000000000
@556B 0000000000000000
@556C 0000000000000000
@556D -000000000000001
@556E 0000000000000000
@556F 0000000000000000
@5570 0000000000000000
@5571 0000000000000000
@5572 0000000000000000
@5573 0000000000000000
@5574 0000000000000000
@5575 0000000000000000
@5576 -000000000000001
@5577 0000000000000000
@5578 0000000000000002
@5579 0000000000000000
@557A 0000000000000001
@557B 0000000000000001
@557C 0000000000000000
@557D -000000000000001
@557E 0000000000000000
@557F 0000000000000000
@5580 0000000000000000
@5581 0000000000000000
@5582 -000000000000001
@5583 0000000000000000
@5584 0000000000000001
@5585 -000000000000002
@5586 0000000000000000
@5587 0000000000000000
@5588 0000000000000000
@5589 -000000000000001
@558A 0000000000000000
@558B 0000000000000000
@558C 0000000000000000
@558D 0000000000000000
@558E 0000000000000000
@558F 0000000000000000
@5590 0000000000000000
@5591 0000000000000000
@5592 0000000000000000
@5593 0000000000000000
@5594 0000000000000001
@5595 0000000000000000
@5596 0000000000000000
@5597 0000000000000000
@5598 0000000000000001
@5599 0000000000000000
@559A 0000000000000000
@559B 0000000000000000
@559C 0000000000000000
@559D 0000000000000000
@559E 0000000000000000
@559F 0000000000000000
@55A0 0000000000000000
@55A1 0000000000000000
@55A2 -000000000000001
@55A3 0000000000000000
@55A4 0000000000000000
@55A5 0000000000000000
@55A6 0000000000000002
@55A7 0000000000000000
@55A8 -000000000000001
@55A9 0000000000000000
@55AA 0000000000000000
@55AB 0000000000000000
@55AC 0000000000000000
@55AD 0000000000000000
@55AE 0000000000000000
@55AF 0000000000000000
@55B0 0000000000000000
@55B1 0000000000000000
@55B2 0000000000000000
@55B3 0000000000000001
@55B4 0000000000000000
@55B5 0000000000000000
@55B6 -000000000000001
@55B7 0000000000000000
@55B8 0000000000000000
@55B9 0000000000000000
@55BA 0000000000000002
@55BB 0000000000000000
@55BC 0000000000000000
@55BD 0000000000000000
@55BE 0000000000000000
@55BF 0000000000000000
@55C0 0000000000000000
@55C1 0000000000000000
@55C2 0000000000000000
@55C3 0000000000000000
@55C4 0000000000000000
@55C5 0000000000000000
@55C6 0000000000000000
@55C7 0000000000000000
@55C8 0000000000000000
@55C9 0000000000000001
@55CA -000000000000001
@55CB 0000000000000000
@55CC 0000000000000001
@55CD 0000000000000000
@55CE 0000000000000000
@55CF 0000000000000000
@55D0 -000000000000001
@55D1 0000000000000000
@55D2 0000000000000000
@55D3 0000000000000000
@55D4 0000000000000000
@55D5 0000000000000000
@55D6 0000000000000000
@55D7 0000000000000000
@55D8 0000000000000000
@55D9 0000000000000000
@55DA 0000000000000000
@55DB 0000000000000000
@55DC 0000000000000002
@55DD 0000000000000000
@55DE 0000000000000000
@55DF 0000000000000000
@55E0 0000000000000000
@55E1 0000000000000000
@55E2 -000000000000001
@55E3 0000000000000000
@55E4 0000000000000000
@55E5 0000000000000000
@55E6 0000000000000000
@55E7 0000000000000000
@55E8 0000000000000000
@55E9 0000000000000000
@55EA 0000000000000000
@55EB 0000000000000000
@55EC 0000000000000000
@55ED 0000000000000000
@55EE 0000000000000000
@55EF 0000000000000000
@55F0 0000000000000000
@55F1 0000000000000002
@55F2 0000000000000000
@55F3 0000000000000000
@55F4 0000000000000000
@55F5 0000000000000000
@55F6 0000000000000000
@55F7 0000000000000000
@55F8 0000000000000000
@55F9 0000000000000000
@55FA 0000000000000000
@55FB 0000000000000000
@55FC 0000000000000000
@55FD 0000000000000000
@55FE 0000000000000000
@55FF 0000000000000000
@5600 0000000000000000
@5601 0000000000000000
@5602 0000000000000000
@5603 0000000000000000
@5604 0000000000000000
@5605 0000000000000000
@5606 0000000000000000
@5607 0000000000000000
@5608 0000000000000000
@5609 0000000000000000
@560A 0000000000000000
@560B 0000000000000001
@560C 0000000000000000
@560D 0000000000000000
@560E 0000000000000000
@560F 0000000000000000
@5610 0000000000000000
@5611 0000000000000000
@5612 0000000000000000
@5613 0000000000000001
@5614 0000000000000000
@5615 0000000000000000
@5616 0000000000000000
@5617 0000000000000000
@5618 0000000000000000
@5619 0000000000000000
@561A 0000000000000000
@561B 0000000000000000
@561C 0000000000000000
@561D 0000000000000000
@561E 0000000000000000
@561F 0000000000000000
@5620 0000000000000000
@5621 0000000000000000
@5622 0000000000000000
@5623 0000000000000000
@5624 0000000000000000
@5625 0000000000000000
@5626 0000000000000000
@5627 0000000000000000
@5628 0000000000000000
@5629 0000000000000000
@562A 0000000000000000
@562B 0000000000000000
@562C 0000000000000000
@562D -000000000000002
@562E 0000000000000000
@562F 0000000000000000
@5630 0000000000000000
@5631 0000000000000000
@5632 0000000000000000
@5633 0000000000000000
@5634 0000000000000000
@5635 0000000000000000
@5636 -000000000000001
@5637 0000000000000000
@5638 0000000000000002
@5639 0000000000000000
@563A 0000000000000001
@563B 0000000000000000
@563C 0000000000000000
@563D -000000000000001
@563E 0000000000000000
@563F 0000000000000000
@5640 0000000000000000
@5641 0000000000000000
@5642 -000000000000001
@5643 0000000000000000
@5644 0000000000000001
@5645 -000000000000002
@5646 0000000000000000
@5647 0000000000000000
@5648 0000000000000000
@5649 -000000000000001
@564A 0000000000000000
@564B 0000000000000000
@564C 0000000000000000
@564D 0000000000000000
@564E 0000000000000000
@564F 0000000000000000
@5650 -000000000000001
@5651 0000000000000000
@5652 0000000000000000
@5653 0000000000000000
@5654 0000000000000001
@5655 0000000000000000
@5656 0000000000000000
@5657 0000000000000000
@5658 0000000000000000
@5659 0000000000000000
@565A 0000000000000000
@565B 0000000000000000
@565C 0000000000000000
@565D 0000000000000000
@565E 0000000000000000
@565F 0000000000000000
@5660 0000000000000000
@5661 0000000000000000
@5662 -000000000000001
@5663 0000000000000000
@5664 0000000000000000
@5665 0000000000000000
@5666 0000000000000002
@5667 0000000000000000
@5668 -000000000000001
@5669 0000000000000000
@566A 0000000000000000
@566B 0000000000000000
@566C 0000000000000000
@566D 0000000000000000
@566E 0000000000000000
@566F 0000000000000000
@5670 0000000000000000
@5671 0000000000000000
@5672 0000000000000000
@5673 0000000000000001
@5674 0000000000000000
@5675 0000000000000000
@5676 0000000000000000
@5677 0000000000000000
@5678 0000000000000000
@5679 0000000000000000
@567A 0000000000000002
@567B 0000000000000000
@567C 0000000000000000
@567D 0000000000000000
@567E 0000000000000000
@567F 0000000000000000
@5680 0000000000000000
@5681 0000000000000000
@5682 0000000000000000
@5683 0000000000000000
@5684 0000000000000000
@5685 0000000000000000
@5686 0000000000000000
@5687 0000000000000000
@5688 0000000000000000
@5689 0000000000000001
@568A 0000000000000000
@568B 0000000000000000
@568C 0000000000000001
@568D 0000000000000000
@568E 0000000000000000
@568F 0000000000000000
@5690 -000000000000001
@5691 0000000000000000
@5692 0000000000000000
@5693 0000000000000000
@5694 0000000000000000
@5695 0000000000000000
@5696 0000000000000000
@5697 0000000000000000
@5698 0000000000000000
@5699 0000000000000000
@569A 0000000000000000
@569B 0000000000000000
@569C 0000000000000002
@569D 0000000000000000
@569E 0000000000000000
@569F 0000000000000000
@56A0 0000000000000000
@56A1 0000000000000000
@56A2 -000000000000001
@56A3 0000000000000000
@56A4 0000000000000000
@56A5 0000000000000000
@56A6 0000000000000000
@56A7 0000000000000000
@56A8 0000000000000000
@56A9 0000000000000000
@56AA 0000000000000000
@56AB 0000000000000000
@56AC 0000000000000000
@56AD 0000000000000000
@56AE 0000000000000000
@56AF 0000000000000000
@56B0 0000000000000000
@56B1 0000000000000002
@56B2 0000000000000000
@56B3 0000000000000000
@56B4 0000000000000000
@56B5 0000000000000000
@56B6 0000000000000000
@56B7 0000000000000000
@56B8 0000000000000000
@56B9 0000000000000000
@56BA 0000000000000000
@56BB 0000000000000000
@56BC 0000000000000000
@56BD 0000000000000000
@56BE 0000000000000000
@56BF 0000000000000000
@56C0 0000000000000000
@56C1 0000000000000000
@56C2 0000000000000000
@56C3 0000000000000000
@56C4 0000000000000000
@56C5 0000000000000000
@56C6 0000000000000000
@56C7 0000000000000000
@56C8 0000000000000000
@56C9 0000000000000000
@56CA 0000000000000000
@56CB 0000000000000001
@56CC 0000000000000000
@56CD 0000000000000000
@56CE 0000000000000000
@56CF 0000000000000000
@56D0 0000000000000000
@56D1 0000000000000000
@56D2 0000000000000000
@56D3 0000000000000000
@56D4 0000000000000000
@56D5 0000000000000000
@56D6 0000000000000000
@56D7 0000000000000000
@56D8 0000000000000000
@56D9 0000000000000000
@56DA 0000000000000000
@56DB 0000000000000000
@56DC 0000000000000000
@56DD 0000000000000000
@56DE 0000000000000000
@56DF 0000000000000000
@56E0 0000000000000000
@56E1 0000000000000000
@56E2 0000000000000000
@56E3 0000000000000000
@56E4 0000000000000000
@56E5 0000000000000000
@56E6 0000000000000000
@56E7 0000000000000000
@56E8 0000000000000000
@56E9 0000000000000000
@56EA 0000000000000000
@56EB 0000000000000000
@56EC 0000000000000000
@56ED -000000000000001
@56EE 0000000000000000
@56EF 0000000000000000
@56F0 0000000000000000
@56F1 0000000000000000
@56F2 0000000000000000
@56F3 0000000000000000
@56F4 0000000000000000
@56F5 0000000000000000
@56F6 -000000000000001
@56F7 0000000000000000
@56F8 0000000000000002
@56F9 0000000000000000
@56FA 0000000000000000
@56FB 0000000000000000
@56FC 0000000000000000
@56FD 0000000000000000
@56FE 0000000000000000
@56FF 0000000000000000
@5700 0000000000000000
@5701 0000000000000000
@5702 -000000000000001
@5703 0000000000000000
@5704 0000000000000001
@5705 -000000000000002
@5706 0000000000000000
@5707 0000000000000000
@5708 0000000000000000
@5709 -000000000000001
@570A 0000000000000000
@570B 0000000000000000
@570C 0000000000000000
@570D 0000000000000000
@570E 0000000000000000
@570F 0000000000000000
@5710 0000000000000000
@5711 0000000000000000
@5712 0000000000000000
@5713 0000000000000000
@5714 0000000000000001
@5715 0000000000000000
@5716 0000000000000000
@5717 0000000000000000
@5718 0000000000000001
@5719 0000000000000000
@571A 0000000000000000
@571B 0000000000000000
@571C 0000000000000000
@571D 0000000000000000
@571E 0000000000000000
@571F 0000000000000000
@5720 0000000000000000
@5721 0000000000000000
@5722 -000000000000001
@5723 0000000000000000
@5724 0000000000000000
@5725 0000000000000000
@5726 0000000000000002
@5727 0000000000000000
@5728 -000000000000001
@5729 0000000000000000
@572A 0000000000000000
@572B 0000000000000000
@572C 0000000000000000
@572D 0000000000000000
@572E 0000000000000000
@572F 0000000000000000
@5730 0000000000000000
@5731 0000000000000000
@5732 0000000000000000
@5733 0000000000000001
@5734 0000000000000000
@5735 0000000000000000
@5736 0000000000000000
@5737 0000000000000000
@5738 0000000000000000
@5739 -000000000000001
@573A 0000000000000001
@573B 0000000000000000
@573C 0000000000000000
@573D 0000000000000000
@573E 0000000000000000
@573F 0000000000000000
@5740 0000000000000000
@5741 0000000000000000
@5742 0000000000000000
@5743 0000000000000000
@5744 0000000000000000
@5745 0000000000000000
@5746 0000000000000000
@5747 0000000000000000
@5748 0000000000000000
@5749 0000000000000001
@574A -000000000000001
@574B 0000000000000000
@574C 0000000000000001
@574D 0000000000000000
@574E 0000000000000000
@574F 0000000000000000
@5750 -000000000000001
@5751 0000000000000000
@5752 0000000000000000
@5753 0000000000000000
@5754 0000000000000000
@5755 0000000000000000
@5756 0000000000000000
@5757 0000000000000000
@5758 0000000000000000
@5759 0000000000000000
@575A 0000000000000000
@575B 0000000000000000
@575C 0000000000000001
@575D 0000000000000000
@575E 0000000000000000
@575F 0000000000000000
@5760 0000000000000000
@5761 0000000000000000
@5762 -000000000000001
@5763 0000000000000000
@5764 0000000000000000
@5765 0000000000000000
@5766 0000000000000000
@5767 0000000000000000
@5768 0000000000000000
@5769 0000000000000000
@576A 0000000000000000
@576B 0000000000000000
@576C 0000000000000000
@576D 0000000000000000
@576E 0000000000000000
@576F 0000000000000000
@5770 0000000000000000
@5771 0000000000000002
@5772 0000000000000000
@5773 0000000000000000
@5774 0000000000000000
@5775 0000000000000000
@5776 0000000000000000
@5777 0000000000000000
@5778 0000000000000000
@5779 0000000000000000
@577A 0000000000000000
@577B 0000000000000000
@577C 0000000000000000
@577D 0000000000000000
@577E 0000000000000000
@577F 0000000000000000
@5780 0000000000000000
@5781 0000000000000000
@5782 0000000000000000
@5783 0000000000000000
@5784 0000000000000000
@5785 0000000000000000
@5786 0000000000000000
@5787 0000000000000000
@5788 0000000000000000
@5789 0000000000000000
@578A 0000000000000000
@578B 0000000000000001
@578C 0000000000000000
@578D 0000000000000000
@578E 0000000000000000
@578F 0000000000000000
@5790 0000000000000000
@5791 0000000000000000
@5792 0000000000000000
@5793 0000000000000001
@5794 0000000000000000
@5795 0000000000000000
@5796 0000000000000000
@5797 0000000000000000
@5798 0000000000000000
@5799 0000000000000000
@579A 0000000000000000
@579B 0000000000000000
@579C 0000000000000000
@579D 0000000000000000
@579E 0000000000000000
@579F 0000000000000000
@57A0 0000000000000000
@57A1 -000000000000001
@57A2 0000000000000000
@57A3 0000000000000000
@57A4 0000000000000000
@57A5 0000000000000000
@57A6 0000000000000000
@57A7 0000000000000000
@57A8 0000000000000000
@57A9 0000000000000000
@57AA 0000000000000000
@57AB 0000000000000000
@57AC 0000000000000000
@57AD -000000000000001
@57AE 0000000000000000
@57AF 0000000000000000
@57B0 0000000000000000
@57B1 0000000000000000
@57B2 0000000000000000
@57B3 0000000000000000
@57B4 0000000000000000
@57B5 0000000000000000
@57B6 -000000000000001
@57B7 0000000000000000
@57B8 0000000000000001
@57B9 0000000000000000
@57BA 0000000000000000
@57BB 0000000000000000
@57BC 0000000000000000
@57BD -000000000000001
@57BE 0000000000000000
@57BF 0000000000000000
@57C0 0000000000000000
@57C1 0000000000000000
@57C2 -000000000000001
@57C3 0000000000000000
@57C4 0000000000000001
@57C5 -000000000000001
@57C6 0000000000000000
@57C7 0000000000000000
@57C8 0000000000000000
@57C9 -000000000000001
@57CA 0000000000000000
@57CB 0000000000000000
@57CC 0000000000000000
@57CD 0000000000000000
@57CE 0000000000000000
@57CF 0000000000000000
@57D0 0000000000000000
@57D1 0000000000000000
@57D2 0000000000000000
@57D3 0000000000000000
@57D4 0000000000000000
@57D5 0000000000000000
@57D6 0000000000000000
@57D7 0000000000000000
@57D8 0000000000000001
@57D9 0000000000000000
@57DA 0000000000000000
@57DB 0000000000000000
@57DC 0000000000000000
@57DD 0000000000000000
@57DE 0000000000000000
@57DF 0000000000000000
@57E0 0000000000000000
@57E1 0000000000000000
@57E2 -000000000000001
@57E3 0000000000000000
@57E4 0000000000000000
@57E5 0000000000000000
@57E6 0000000000000002
@57E7 0000000000000000
@57E8 -000000000000001
@57E9 0000000000000000
@57EA 0000000000000000
@57EB 0000000000000000
@57EC 0000000000000000
@57ED 0000000000000000
@57EE 0000000000000000
@57EF 0000000000000000
@57F0 0000000000000000
@57F1 0000000000000000
@57F2 0000000000000000
@57F3 0000000000000001
@57F4 0000000000000000
@57F5 0000000000000000
@57F6 0000000000000000
@57F7 0000000000000000
@57F8 0000000000000000
@57F9 -000000000000001
@57FA 0000000000000002
@57FB 0000000000000000
@57FC 0000000000000000
@57FD 0000000000000000
@57FE 0000000000000000
@57FF 0000000000000000
@5800 0000000000000000
@5801 0000000000000000
@5802 0000000000000000
@5803 0000000000000000
@5804 0000000000000000
@5805 0000000000000000
@5806 0000000000000000
@5807 0000000000000000
@5808 0000000000000000
@5809 0000000000000001
@580A -000000000000001
@580B 0000000000000000
@580C 0000000000000001
@580D 0000000000000000
@580E 0000000000000000
@580F 0000000000000000
@5810 -000000000000001
@5811 0000000000000000
@5812 -000000000000001
@5813 0000000000000000
@5814 0000000000000000
@5815 0000000000000000
@5816 0000000000000000
@5817 0000000000000000
@5818 0000000000000000
@5819 0000000000000000
@581A 0000000000000000
@581B 0000000000000000
@581C 0000000000000002
@581D 0000000000000000
@581E 0000000000000000
@581F 0000000000000000
@5820 0000000000000000
@5821 0000000000000000
@5822 -000000000000001
@5823 0000000000000000
@5824 0000000000000000
@5825 0000000000000000
@5826 0000000000000000
@5827 0000000000000000
@5828 0000000000000000
@5829 0000000000000000
@582A 0000000000000000
@582B 0000000000000000
@582C 0000000000000000
@582D 0000000000000000
@582E 0000000000000000
@582F 0000000000000000
@5830 -000000000000001
@5831 0000000000000002
@5832 0000000000000000
@5833 0000000000000000
@5834 0000000000000000
@5835 0000000000000000
@5836 0000000000000000
@5837 0000000000000001
@5838 0000000000000000
@5839 0000000000000000
@583A 0000000000000000
@583B 0000000000000000
@583C 0000000000000000
@583D 0000000000000000
@583E 0000000000000000
@583F 0000000000000000
@5840 0000000000000000
@5841 0000000000000000
@5842 0000000000000000
@5843 0000000000000000
@5844 0000000000000000
@5845 0000000000000000
@5846 0000000000000000
@5847 0000000000000000
@5848 0000000000000000
@5849 0000000000000000
@584A 0000000000000000
@584B 0000000000000001
@584C 0000000000000000
@584D 0000000000000000
@584E 0000000000000000
@584F 0000000000000000
@5850 0000000000000000
@5851 0000000000000000
@5852 0000000000000000
@5853 0000000000000001
@5854 0000000000000000
@5855 0000000000000000
@5856 0000000000000000
@5857 0000000000000000
@5858 0000000000000000
@5859 0000000000000000
@585A 0000000000000000
@585B 0000000000000000
@585C 0000000000000000
@585D 0000000000000000
@585E 0000000000000000
@585F 0000000000000000
@5860 0000000000000000
@5861 -000000000000001
@5862 0000000000000000
@5863 0000000000000000
@5864 0000000000000000
@5865 0000000000000000
@5866 0000000000000000
@5867 0000000000000000
@5868 0000000000000000
@5869 0000000000000000
@586A 0000000000000000
@586B 0000000000000000
@586C 0000000000000000
@586D -000000000000001
@586E 0000000000000000
@586F 0000000000000000
@5870 0000000000000000
@5871 0000000000000000
@5872 0000000000000000
@5873 0000000000000000
@5874 0000000000000000
@5875 0000000000000000
@5876 -000000000000001
@5877 0000000000000000
@5878 0000000000000001
@5879 0000000000000000
@587A 0000000000000000
@587B 0000000000000001
@587C 0000000000000000
@587D -000000000000001
@587E 0000000000000000
@587F 0000000000000000
@5880 0000000000000000
@5881 0000000000000000
@5882 -000000000000002
@5883 0000000000000000
@5884 0000000000000001
@5885 -000000000000002
@5886 0000000000000000
@5887 0000000000000000
@5888 0000000000000000
@5889 -000000000000001
@588A 0000000000000000
@588B 0000000000000000
@588C 0000000000000000
@588D 0000000000000000
@588E 0000000000000000
@588F 0000000000000000
@5890 0000000000000000
@5891 0000000000000000
@5892 0000000000000000
@5893 0000000000000000
@5894 0000000000000001
@5895 0000000000000000
@5896 0000000000000000
@5897 0000000000000000
@5898 0000000000000001
@5899 0000000000000000
@589A 0000000000000000
@589B 0000000000000000
@589C 0000000000000000
@589D 0000000000000000
@589E 0000000000000000
@589F 0000000000000000
@58A0 0000000000000000
@58A1 0000000000000000
@58A2 -000000000000001
@58A3 0000000000000000
@58A4 0000000000000000
@58A5 0000000000000000
@58A6 0000000000000002
@58A7 0000000000000000
@58A8 -000000000000001
@58A9 0000000000000000
@58AA 0000000000000000
@58AB 0000000000000001
@58AC 0000000000000000
@58AD 0000000000000000
@58AE 0000000000000000
@58AF 0000000000000000
@58B0 0000000000000000
@58B1 0000000000000000
@58B2 0000000000000000
@58B3 0000000000000001
@58B4 0000000000000000
@58B5 0000000000000000
@58B6 0000000000000000
@58B7 0000000000000000
@58B8 0000000000000000
@58B9 0000000000000000
@58BA 0000000000000002
@58BB 0000000000000000
@58BC 0000000000000000
@58BD 0000000000000000
@58BE 0000000000000000
@58BF 0000000000000000
@58C0 0000000000000000
@58C1 0000000000000000
@58C2 0000000000000000
@58C3 0000000000000000
@58C4 0000000000000000
@58C5 0000000000000000
@58C6 0000000000000000
@58C7 0000000000000000
@58C8 0000000000000000
@58C9 0000000000000001
@58CA -000000000000001
@58CB 0000000000000000
@58CC 0000000000000001
@58CD 0000000000000000
@58CE 0000000000000000
@58CF 0000000000000000
@58D0 -000000000000001
@58D1 0000000000000000
@58D2 0000000000000000
@58D3 0000000000000000
@58D4 0000000000000000
@58D5 0000000000000000
@58D6 0000000000000000
@58D7 0000000000000000
@58D8 0000000000000000
@58D9 0000000000000000
@58DA 0000000000000000
@58DB 0000000000000000
@58DC 0000000000000001
@58DD 0000000000000000
@58DE 0000000000000000
@58DF 0000000000000000
@58E0 0000000000000000
@58E1 0000000000000001
@58E2 0000000000000000
@58E3 0000000000000000
@58E4 -000000000000001
@58E5 0000000000000000
@58E6 0000000000000000
@58E7 0000000000000000
@58E8 0000000000000000
@58E9 0000000000000000
@58EA 0000000000000000
@58EB 0000000000000000
@58EC 0000000000000000
@58ED 0000000000000000
@58EE 0000000000000000
@58EF 0000000000000000
@58F0 0000000000000000
@58F1 0000000000000003
@58F2 0000000000000000
@58F3 0000000000000000
@58F4 0000000000000000
@58F5 0000000000000000
@58F6 0000000000000000
@58F7 0000000000000000
@58F8 0000000000000000
@58F9 0000000000000000
@58FA 0000000000000000
@58FB 0000000000000000
@58FC 0000000000000000
@58FD 0000000000000000
@58FE -000000000000001
@58FF 0000000000000000
@5900 0000000000000000
@5901 0000000000000000
@5902 0000000000000000
@5903 0000000000000000
@5904 0000000000000000
@5905 0000000000000000
@5906 0000000000000000
@5907 0000000000000000
@5908 0000000000000000
@5909 0000000000000000
@590A 0000000000000000
@590B 0000000000000000
@590C 0000000000000000
@590D 0000000000000000
@590E 0000000000000000
@590F 0000000000000000
@5910 0000000000000000
@5911 0000000000000000
@5912 0000000000000000
@5913 0000000000000001
@5914 0000000000000000
@5915 0000000000000000
@5916 0000000000000000
@5917 0000000000000000
@5918 0000000000000000
@5919 0000000000000000
@591A 0000000000000000
@591B 0000000000000000
@591C 0000000000000000
@591D 0000000000000000
@591E 0000000000000000
@591F 0000000000000000
@5920 0000000000000000
@5921 -000000000000001
@5922 0000000000000000
@5923 0000000000000000
@5924 0000000000000000
@5925 0000000000000000
@5926 0000000000000000
@5927 0000000000000000
@5928 0000000000000000
@5929 0000000000000000
@592A 0000000000000000
@592B 0000000000000000
@592C 0000000000000000
@592D -000000000000002
@592E 0000000000000000
@592F 0000000000000000
@5930 0000000000000000
@5931 0000000000000000
@5932 0000000000000000
@5933 0000000000000000
@5934 0000000000000000
@5935 0000000000000000
@5936 -000000000000001
@5937 0000000000000000
@5938 0000000000000001
@5939 0000000000000000
@593A 0000000000000001
@593B 0000000000000000
@593C 0000000000000000
@593D -000000000000001
@593E 0000000000000000
@593F 0000000000000000
@5940 0000000000000000
@5941 0000000000000000
@5942 -000000000000001
@5943 0000000000000000
@5944 0000000000000001
@5945 -000000000000002
@5946 0000000000000000
@5947 0000000000000000
@5948 0000000000000000
@5949 -000000000000001
@594A 0000000000000000
@594B 0000000000000000
@594C 0000000000000000
@594D 0000000000000000
@594E 0000000000000000
@594F 0000000000000000
@5950 0000000000000000
@5951 0000000000000000
@5952 0000000000000000
@5953 0000000000000000
@5954 0000000000000001
@5955 0000000000000000
@5956 0000000000000000
@5957 0000000000000000
@5958 0000000000000001
@5959 0000000000000000
@595A 0000000000000000
@595B 0000000000000000
@595C 0000000000000000
@595D 0000000000000000
@595E 0000000000000000
@595F 0000000000000000
@5960 0000000000000000
@5961 0000000000000000
@5962 -000000000000001
@5963 0000000000000000
@5964 0000000000000000
@5965 0000000000000000
@5966 0000000000000002
@5967 0000000000000000
@5968 -000000000000001
@5969 0000000000000000
@596A 0000000000000000
@596B 0000000000000000
@596C 0000000000000000
@596D 0000000000000000
@596E 0000000000000000
@596F 0000000000000000
@5970 0000000000000000
@5971 0000000000000000
@5972 0000000000000000
@5973 0000000000000001
@5974 0000000000000000
@5975 0000000000000000
@5976 0000000000000000
@5977 0000000000000000
@5978 0000000000000000
@5979 0000000000000000
@597A 0000000000000002
@597B 0000000000000000
@597C 0000000000000000
@597D 0000000000000000
@597E 0000000000000000
@597F 0000000000000000
@5980 0000000000000000
@5981 0000000000000000
@5982 0000000000000000
@5983 0000000000000000
@5984 0000000000000000
@5985 0000000000000000
@5986 0000000000000000
@5987 0000000000000000
@5988 0000000000000000
@5989 0000000000000001
@598A -000000000000001
@598B 0000000000000000
@598C 0000000000000001
@598D 0000000000000000
@598E 0000000000000000
@598F 0000000000000000
@5990 -000000000000001
@5991 0000000000000000
@5992 0000000000000000
@5993 0000000000000000
@5994 0000000000000000
@5995 0000000000000000
@5996 0000000000000000
@5997 0000000000000000
@5998 0000000000000000
@5999 0000000000000000
@599A 0000000000000000
@599B 0000000000000000
@599C 0000000000000002
@599D 0000000000000000
@599E 0000000000000000
@599F 0000000000000000
@59A0 0000000000000000
@59A1 0000000000000000
@59A2 -000000000000001
@59A3 0000000000000000
@59A4 0000000000000000
@59A5 0000000000000000
@59A6 0000000000000000
@59A7 0000000000000000
@59A8 0000000000000000
@59A9 0000000000000000
@59AA 0000000000000000
@59AB 0000000000000000
@59AC 0000000000000000
@59AD 0000000000000000
@59AE 0000000000000000
@59AF 0000000000000000
@59B0 0000000000000000
@59B1 0000000000000003
@59B2 0000000000000000
@59B3 0000000000000000
@59B4 0000000000000001
@59B5 0000000000000000
@59B6 0000000000000000
@59B7 0000000000000000
@59B8 0000000000000000
@59B9 0000000000000000
@59BA 0000000000000000
@59BB 0000000000000000
@59BC 0000000000000000
@59BD 0000000000000000
@59BE 0000000000000000
@59BF 0000000000000000
@59C0 0000000000000000
@59C1 0000000000000000
@59C2 0000000000000000
@59C3 0000000000000000
@59C4 0000000000000000
@59C5 0000000000000000
@59C6 0000000000000000
@59C7 0000000000000000
@59C8 0000000000000000
@59C9 0000000000000000
@59CA 0000000000000000
@59CB 0000000000000001
@59CC 0000000000000000
@59CD 0000000000000000
@59CE 0000000000000000
@59CF 0000000000000000
@59D0 0000000000000000
@59D1 0000000000000000
@59D2 0000000000000000
@59D3 0000000000000001
@59D4 0000000000000000
@59D5 0000000000000000
@59D6 0000000000000000
@59D7 0000000000000000
@59D8 0000000000000000
@59D9 0000000000000000
@59DA 0000000000000000
@59DB 0000000000000000
@59DC 0000000000000000
@59DD 0000000000000000
@59DE 0000000000000000
@59DF 0000000000000000
@59E0 0000000000000000
@59E1 -000000000000001
@59E2 0000000000000000
@59E3 0000000000000000
@59E4 0000000000000000
@59E5 0000000000000000
@59E6 0000000000000000
@59E7 0000000000000000
@59E8 0000000000000000
@59E9 0000000000000000
@59EA 0000000000000000
@59EB 0000000000000000
@59EC 0000000000000000
@59ED -000000000000001
@59EE 0000000000000000
@59EF 0000000000000000
@59F0 0000000000000000
@59F1 0000000000000000
@59F2 0000000000000000
@59F3 0000000000000000
@59F4 0000000000000000
@59F5 0000000000000000
@59F6 -000000000000001
@59F7 0000000000000000
@59F8 0000000000000002
@59F9 0000000000000000
@59FA 0000000000000001
@59FB 0000000000000000
@59FC 0000000000000000
@59FD -000000000000001
@59FE 0000000000000000
@59FF 0000000000000000
@5A00 0000000000000000
@5A01 0000000000000000
@5A02 -000000000000001
@5A03 0000000000000000
@5A04 0000000000000001
@5A05 -000000000000002
@5A06 0000000000000000
@5A07 0000000000000000
@5A08 0000000000000000
@5A09 0000000000000000
@5A0A 0000000000000000
@5A0B 0000000000000000
@5A0C 0000000000000000
@5A0D 0000000000000000
@5A0E 0000000000000000
@5A0F 0000000000000000
@5A10 0000000000000000
@5A11 0000000000000000
@5A12 0000000000000000
@5A13 0000000000000000
@5A14 0000000000000001
@5A15 0000000000000000
@5A16 0000000000000000
@5A17 0000000000000000
@5A18 0000000000000001
@5A19 0000000000000000
@5A1A 0000000000000000
@5A1B 0000000000000000
@5A1C 0000000000000000
@5A1D 0000000000000000
@5A1E 0000000000000000
@5A1F 0000000000000000
@5A20 0000000000000000
@5A21 0000000000000000
@5A22 -000000000000001
@5A23 0000000000000000
@5A24 0000000000000000
@5A25 0000000000000000
@5A26 0000000000000002
@5A27 0000000000000000
@5A28 -000000000000001
@5A29 0000000000000000
@5A2A -000000000000001
@5A2B 0000000000000000
@5A2C 0000000000000000
@5A2D 0000000000000000
@5A2E 0000000000000000
@5A2F 0000000000000000
@5A30 0000000000000000
@5A31 0000000000000000
@5A32 0000000000000000
@5A33 0000000000000001
@5A34 0000000000000000
@5A35 0000000000000000
@5A36 0000000000000000
@5A37 0000000000000000
@5A38 0000000000000000
@5A39 0000000000000000
@5A3A 0000000000000002
@5A3B 0000000000000000
@5A3C 0000000000000000
@5A3D 0000000000000000
@5A3E 0000000000000000
@5A3F 0000000000000000
@5A40 0000000000000000
@5A41 0000000000000000
@5A42 0000000000000000
@5A43 0000000000000000
@5A44 0000000000000000
@5A45 0000000000000000
@5A46 0000000000000000
@5A47 0000000000000000
@5A48 0000000000000000
@5A49 0000000000000001
@5A4A 0000000000000000
@5A4B 0000000000000000
@5A4C 0000000000000000
@5A4D 0000000000000000
@5A4E 0000000000000000
@5A4F 0000000000000000
@5A50 -000000000000001
@5A51 0000000000000000
@5A52 0000000000000001
@5A53 0000000000000000
@5A54 0000000000000000
@5A55 0000000000000000
@5A56 0000000000000000
@5A57 0000000000000000
@5A58 0000000000000000
@5A59 0000000000000000
@5A5A 0000000000000000
@5A5B 0000000000000000
@5A5C 0000000000000002
@5A5D 0000000000000000
@5A5E 0000000000000000
@5A5F 0000000000000000
@5A60 0000000000000000
@5A61 0000000000000000
@5A62 -000000000000001
@5A63 0000000000000000
@5A64 0000000000000000
@5A65 0000000000000000
@5A66 0000000000000000
@5A67 0000000000000000
@5A68 0000000000000000
@5A69 0000000000000000
@5A6A 0000000000000000
@5A6B 0000000000000000
@5A6C 0000000000000000
@5A6D 0000000000000000
@5A6E -000000000000001
@5A6F 0000000000000000
@5A70 -000000000000001
@5A71 0000000000000002
@5A72 0000000000000000
@5A73 0000000000000000
@5A74 0000000000000001
@5A75 0000000000000000
@5A76 0000000000000000
@5A77 0000000000000000
@5A78 0000000000000000
@5A79 0000000000000000
@5A7A 0000000000000000
@5A7B 0000000000000000
@5A7C 0000000000000000
@5A7D -000000000000001
@5A7E 0000000000000000
@5A7F 0000000000000000
@5A80 0000000000000000
@5A81 0000000000000000
@5A82 0000000000000000
@5A83 0000000000000000
@5A84 0000000000000000
@5A85 0000000000000000
@5A86 0000000000000000
@5A87 0000000000000000
@5A88 0000000000000000
@5A89 0000000000000000
@5A8A 0000000000000000
@5A8B 0000000000000000
@5A8C 0000000000000000
@5A8D 0000000000000000
@5A8E -000000000000001
@5A8F 0000000000000000
@5A90 0000000000000000
@5A91 0000000000000000
@5A92 0000000000000000
@5A93 0000000000000001
@5A94 0000000000000000
@5A95 0000000000000000
@5A96 0000000000000000
@5A97 0000000000000000
@5A98 0000000000000000
@5A99 0000000000000000
@5A9A 0000000000000000
@5A9B 0000000000000000
@5A9C 0000000000000000
@5A9D 0000000000000000
@5A9E 0000000000000000
@5A9F 0000000000000000
@5AA0 0000000000000000
@5AA1 -000000000000001
@5AA2 0000000000000000
@5AA3 0000000000000000
@5AA4 0000000000000000
@5AA5 0000000000000000
@5AA6 0000000000000000
@5AA7 0000000000000000
@5AA8 0000000000000000
@5AA9 0000000000000000
@5AAA 0000000000000000
@5AAB 0000000000000000
@5AAC 0000000000000000
@5AAD -000000000000002
@5AAE 0000000000000000
@5AAF 0000000000000000
@5AB0 0000000000000000
@5AB1 0000000000000000
@5AB2 0000000000000000
@5AB3 0000000000000000
@5AB4 0000000000000000
@5AB5 0000000000000000
@5AB6 -000000000000001
@5AB7 0000000000000000
@5AB8 0000000000000002
@5AB9 0000000000000000
@5ABA 0000000000000000
@5ABB 0000000000000001
@5ABC 0000000000000000
@5ABD -000000000000001
@5ABE 0000000000000001
@5ABF 0000000000000001
@5AC0 0000000000000000
@5AC1 0000000000000000
@5AC2 -000000000000002
@5AC3 0000000000000000
@5AC4 0000000000000001
@5AC5 -000000000000002
@5AC6 0000000000000000
@5AC7 0000000000000000
@5AC8 -000000000000002
@5AC9 -000000000000002
@5ACA 0000000000000000
@5ACB 0000000000000000
@5ACC 0000000000000000
@5ACD 0000000000000000
@5ACE 0000000000000000
@5ACF 0000000000000001
@5AD0 0000000000000000
@5AD1 0000000000000000
@5AD2 0000000000000000
@5AD3 0000000000000000
@5AD4 0000000000000001
@5AD5 0000000000000000
@5AD6 0000000000000000
@5AD7 0000000000000000
@5AD8 0000000000000001
@5AD9 0000000000000000
@5ADA 0000000000000000
@5ADB 0000000000000000
@5ADC 0000000000000000
@5ADD 0000000000000000
@5ADE 0000000000000000
@5ADF 0000000000000000
@5AE0 0000000000000001
@5AE1 -000000000000001
@5AE2 -000000000000001
@5AE3 0000000000000000
@5AE4 0000000000000000
@5AE5 0000000000000001
@5AE6 0000000000000003
@5AE7 -000000000000001
@5AE8 -000000000000002
@5AE9 0000000000000000
@5AEA 0000000000000000
@5AEB 0000000000000000
@5AEC -000000000000001
@5AED -000000000000001
@5AEE 0000000000000000
@5AEF 0000000000000000
@5AF0 0000000000000000
@5AF1 0000000000000002
@5AF2 0000000000000000
@5AF3 0000000000000001
@5AF4 0000000000000000
@5AF5 0000000000000000
@5AF6 0000000000000000
@5AF7 -000000000000001
@5AF8 0000000000000000
@5AF9 0000000000000000
@5AFA 0000000000000001
@5AFB 0000000000000000
@5AFC 0000000000000000
@5AFD 0000000000000000
@5AFE 0000000000000000
@5AFF 0000000000000000
@5B00 0000000000000000
@5B01 0000000000000000
@5B02 0000000000000000
@5B03 0000000000000000
@5B04 0000000000000000
@5B05 0000000000000000
@5B06 0000000000000000
@5B07 0000000000000000
@5B08 0000000000000000
@5B09 0000000000000001
@5B0A 0000000000000000
@5B0B 0000000000000000
@5B0C 0000000000000001
@5B0D -000000000000001
@5B0E 0000000000000000
@5B0F 0000000000000000
@5B10 -000000000000001
@5B11 0000000000000000
@5B12 0000000000000002
@5B13 0000000000000000
@5B14 0000000000000000
@5B15 0000000000000000
@5B16 0000000000000000
@5B17 0000000000000000
@5B18 0000000000000000
@5B19 0000000000000000
@5B1A 0000000000000000
@5B1B 0000000000000000
@5B1C 0000000000000001
@5B1D 0000000000000000
@5B1E 0000000000000001
@5B1F 0000000000000000
@5B20 0000000000000000
@5B21 0000000000000000
@5B22 -000000000000001
@5B23 0000000000000000
@5B24 0000000000000000
@5B25 0000000000000000
@5B26 0000000000000000
@5B27 0000000000000000
@5B28 0000000000000000
@5B29 0000000000000000
@5B2A 0000000000000000
@5B2B 0000000000000000
@5B2C 0000000000000000
@5B2D 0000000000000000
@5B2E -000000000000001
@5B2F 0000000000000000
@5B30 0000000000000000
@5B31 0000000000000003
@5B32 0000000000000000
@5B33 0000000000000000
@5B34 0000000000000001
@5B35 0000000000000000
@5B36 0000000000000000
@5B37 0000000000000000
@5B38 0000000000000000
@5B39 0000000000000000
@5B3A 0000000000000000
@5B3B 0000000000000000
@5B3C 0000000000000000
@5B3D 0000000000000000
@5B3E 0000000000000000
@5B3F 0000000000000000
@5B40 0000000000000000
@5B41 0000000000000000
@5B42 0000000000000001
@5B43 0000000000000000
@5B44 0000000000000000
@5B45 -000000000000001
@5B46 0000000000000000
@5B47 0000000000000000
@5B48 0000000000000000
@5B49 0000000000000000
@5B4A 0000000000000000
@5B4B 0000000000000000
@5B4C 0000000000000000
@5B4D 0000000000000000
@5B4E 0000000000000000
@5B4F 0000000000000000
@5B50 0000000000000000
@5B51 0000000000000000
@5B52 0000000000000000
@5B53 0000000000000000
@5B54 0000000000000000
@5B55 0000000000000000
@5B56 0000000000000000
@5B57 0000000000000000
@5B58 0000000000000000
@5B59 0000000000000000
@5B5A 0000000000000000
@5B5B 0000000000000000
@5B5C 0000000000000001
@5B5D 0000000000000000
@5B5E 0000000000000000
@5B5F 0000000000000000
@5B60 0000000000000000
@5B61 0000000000000000
@5B62 0000000000000000
@5B63 0000000000000001
@5B64 0000000000000000
@5B65 0000000000000000
@5B66 0000000000000000
@5B67 0000000000000000
@5B68 0000000000000000
@5B69 0000000000000000
@5B6A 0000000000000000
@5B6B 0000000000000000
@5B6C 0000000000000000
@5B6D -000000000000001
@5B6E 0000000000000000
@5B6F 0000000000000000
@5B70 0000000000000000
@5B71 0000000000000000
@5B72 0000000000000000
@5B73 0000000000000000
@5B74 0000000000000000
@5B75 0000000000000000
@5B76 0000000000000000
@5B77 0000000000000000
@5B78 0000000000000001
@5B79 0000000000000001
@5B7A 0000000000000000
@5B7B 0000000000000000
@5B7C 0000000000000000
@5B7D 0000000000000000
@5B7E 0000000000000000
@5B7F 0000000000000002
@5B80 0000000000000000
@5B81 0000000000000000
@5B82 -000000000000001
@5B83 0000000000000000
@5B84 0000000000000001
@5B85 -000000000000001
@5B86 0000000000000000
@5B87 0000000000000000
@5B88 0000000000000000
@5B89 -000000000000001
@5B8A 0000000000000000
@5B8B 0000000000000000
@5B8C 0000000000000000
@5B8D 0000000000000000
@5B8E 0000000000000000
@5B8F 0000000000000000
@5B90 -000000000000001
@5B91 0000000000000000
@5B92 0000000000000000
@5B93 0000000000000000
@5B94 0000000000000001
@5B95 0000000000000000
@5B96 0000000000000000
@5B97 0000000000000001
@5B98 0000000000000001
@5B99 0000000000000000
@5B9A 0000000000000000
@5B9B 0000000000000000
@5B9C 0000000000000000
@5B9D 0000000000000000
@5B9E 0000000000000000
@5B9F 0000000000000000
@5BA0 0000000000000000
@5BA1 0000000000000000
@5BA2 -000000000000002
@5BA3 0000000000000000
@5BA4 0000000000000000
@5BA5 0000000000000000
@5BA6 0000000000000003
@5BA7 0000000000000000
@5BA8 -000000000000001
@5BA9 0000000000000000
@5BAA 0000000000000000
@5BAB 0000000000000000
@5BAC 0000000000000000
@5BAD 0000000000000000
@5BAE 0000000000000000
@5BAF 0000000000000000
@5BB0 0000000000000000
@5BB1 0000000000000000
@5BB2 0000000000000000
@5BB3 0000000000000001
@5BB4 0000000000000000
@5BB5 0000000000000000
@5BB6 0000000000000000
@5BB7 0000000000000000
@5BB8 0000000000000000
@5BB9 -000000000000001
@5BBA 0000000000000001
@5BBB 0000000000000000
@5BBC 0000000000000000
@5BBD 0000000000000000
@5BBE 0000000000000000
@5BBF 0000000000000000
@5BC0 0000000000000000
@5BC1 0000000000000000
@5BC2 0000000000000001
@5BC3 0000000000000000
@5BC4 0000000000000000
@5BC5 0000000000000000
@5BC6 0000000000000000
@5BC7 0000000000000000
@5BC8 0000000000000000
@5BC9 0000000000000001
@5BCA 0000000000000000
@5BCB 0000000000000000
@5BCC 0000000000000001
@5BCD 0000000000000000
@5BCE 0000000000000000
@5BCF 0000000000000001
@5BD0 0000000000000000
@5BD1 0000000000000000
@5BD2 0000000000000000
@5BD3 0000000000000000
@5BD4 0000000000000000
@5BD5 0000000000000000
@5BD6 0000000000000000
@5BD7 0000000000000000
@5BD8 0000000000000000
@5BD9 0000000000000000
@5BDA 0000000000000000
@5BDB 0000000000000000
@5BDC 0000000000000001
@5BDD 0000000000000000
@5BDE 0000000000000000
@5BDF 0000000000000000
@5BE0 0000000000000000
@5BE1 0000000000000000
@5BE2 -000000000000001
@5BE3 0000000000000000
@5BE4 0000000000000000
@5BE5 0000000000000000
@5BE6 0000000000000000
@5BE7 0000000000000000
@5BE8 0000000000000000
@5BE9 0000000000000000
@5BEA 0000000000000000
@5BEB 0000000000000000
@5BEC 0000000000000000
@5BED 0000000000000000
@5BEE 0000000000000000
@5BEF 0000000000000000
@5BF0 0000000000000000
@5BF1 0000000000000003
@5BF2 0000000000000000
@5BF3 0000000000000000
@5BF4 0000000000000000
@5BF5 0000000000000000
@5BF6 0000000000000001
@5BF7 0000000000000001
@5BF8 0000000000000000
@5BF9 0000000000000000
@5BFA 0000000000000000
@5BFB 0000000000000000
@5BFC 0000000000000000
@5BFD -000000000000001
@5BFE 0000000000000000
@5BFF 0000000000000000
@5C00 0000000000000000
@5C01 0000000000000000
@5C02 0000000000000000
@5C03 0000000000000000
@5C04 0000000000000000
@5C05 0000000000000000
@5C06 0000000000000000
@5C07 0000000000000000
@5C08 0000000000000000
@5C09 0000000000000000
@5C0A 0000000000000000
@5C0B 0000000000000002
@5C0C 0000000000000001
@5C0D 0000000000000000
@5C0E 0000000000000000
@5C0F 0000000000000000
@5C10 0000000000000000
@5C11 0000000000000001
@5C12 0000000000000000
@5C13 0000000000000001
@5C14 0000000000000000
@5C15 0000000000000000
@5C16 0000000000000000
@5C17 0000000000000000
@5C18 0000000000000000
@5C19 0000000000000000
@5C1A 0000000000000000
@5C1B 0000000000000000
@5C1C 0000000000000000
@5C1D 0000000000000000
@5C1E 0000000000000000
@5C1F 0000000000000000
@5C20 0000000000000001
@5C21 -000000000000001
@5C22 0000000000000000
@5C23 0000000000000000
@5C24 0000000000000000
@5C25 0000000000000000
@5C26 0000000000000000
@5C27 0000000000000000
@5C28 0000000000000000
@5C29 0000000000000000
@5C2A 0000000000000000
@5C2B 0000000000000000
@5C2C 0000000000000000
@5C2D -000000000000001
@5C2E 0000000000000000
@5C2F -000000000000001
@5C30 0000000000000000
@5C31 0000000000000000
@5C32 0000000000000000
@5C33 0000000000000000
@5C34 0000000000000000
@5C35 -000000000000001
@5C36 0000000000000000
@5C37 0000000000000000
@5C38 0000000000000000
@5C39 0000000000000001
@5C3A -000000000000001
@5C3B 0000000000000000
@5C3C 0000000000000000
@5C3D -000000000000001
@5C3E 0000000000000000
@5C3F 0000000000000000
@5C40 0000000000000001
@5C41 -000000000000001
@5C42 0000000000000000
@5C43 0000000000000000
@5C44 0000000000000000
@5C45 -000000000000001
@5C46 0000000000000000
@5C47 0000000000000000
@5C48 0000000000000001
@5C49 0000000000000000
@5C4A 0000000000000000
@5C4B -000000000000001
@5C4C 0000000000000000
@5C4D 0000000000000000
@5C4E 0000000000000000
@5C4F 0000000000000000
@5C50 0000000000000000
@5C51 0000000000000001
@5C52 0000000000000001
@5C53 0000000000000000
@5C54 0000000000000000
@5C55 0000000000000000
@5C56 0000000000000000
@5C57 0000000000000000
@5C58 0000000000000000
@5C59 0000000000000000
@5C5A 0000000000000000
@5C5B 0000000000000000
@5C5C 0000000000000000
@5C5D -000000000000001
@5C5E 0000000000000001
@5C5F 0000000000000000
@5C60 0000000000000001
@5C61 0000000000000001
@5C62 -000000000000001
@5C63 -000000000000001
@5C64 0000000000000000
@5C65 0000000000000000
@5C66 0000000000000002
@5C67 0000000000000000
@5C68 0000000000000000
@5C69 0000000000000000
@5C6A 0000000000000000
@5C6B 0000000000000002
@5C6C 0000000000000000
@5C6D 0000000000000000
@5C6E 0000000000000003
@5C6F 0000000000000001
@5C70 0000000000000000
@5C71 -000000000000003
@5C72 -000000000000002
@5C73 0000000000000000
@5C74 0000000000000001
@5C75 0000000000000003
@5C76 0000000000000001
@5C77 0000000000000000
@5C78 0000000000000001
@5C79 0000000000000001
@5C7A 0000000000000003
@5C7B 0000000000000000
@5C7C -000000000000003
@5C7D 0000000000000000
@5C7E 0000000000000000
@5C7F 0000000000000001
@5C80 0000000000000000
@5C81 -000000000000001
@5C82 0000000000000001
@5C83 0000000000000000
@5C84 0000000000000000
@5C85 0000000000000000
@5C86 0000000000000000
@5C87 -000000000000001
@5C88 0000000000000000
@5C89 0000000000000001
@5C8A -000000000000001
@5C8B -000000000000001
@5C8C 0000000000000000
@5C8D 0000000000000001
@5C8E 0000000000000000
@5C8F -000000000000001
@5C90 -000000000000001
@5C91 0000000000000000
@5C92 -000000000000005
@5C93 0000000000000000
@5C94 0000000000000000
@5C95 0000000000000000
@5C96 0000000000000001
@5C97 0000000000000000
@5C98 -000000000000002
@5C99 -000000000000001
@5C9A -000000000000001
@5C9B 0000000000000000
@5C9C 0000000000000003
@5C9D -000000000000001
@5C9E -000000000000001
@5C9F 0000000000000000
@5CA0 0000000000000000
@5CA1 0000000000000000
@5CA2 0000000000000000
@5CA3 0000000000000002
@5CA4 0000000000000001
@5CA5 -000000000000002
@5CA6 0000000000000000
@5CA7 0000000000000000
@5CA8 0000000000000000
@5CA9 0000000000000001
@5CAA 0000000000000003
@5CAB 0000000000000000
@5CAC 0000000000000000
@5CAD 0000000000000000
@5CAE 0000000000000000
@5CAF 0000000000000000
@5CB0 -000000000000003
@5CB1 0000000000000000
@5CB2 0000000000000003
@5CB3 0000000000000000
@5CB4 0000000000000001
@5CB5 0000000000000000
@5CB6 0000000000000000
@5CB7 0000000000000002
@5CB8 -000000000000002
@5CB9 -000000000000002
@5CBA 0000000000000000
@5CBB 0000000000000000
@5CBC 0000000000000000
@5CBD -000000000000002
@5CBE -000000000000001
@5CBF 0000000000000000
@5CC0 0000000000000000
@5CC1 0000000000000000
@5CC2 0000000000000000
@5CC3 0000000000000000
@5CC4 0000000000000000
@5CC5 -000000000000001
@5CC6 0000000000000000
@5CC7 -000000000000001
@5CC8 -000000000000002
@5CC9 0000000000000000
@5CCA 0000000000000000
@5CCB 0000000000000002
@5CCC 0000000000000002
@5CCD 0000000000000000
@5CCE 0000000000000000
@5CCF 0000000000000000
@5CD0 0000000000000001
@5CD1 0000000000000001
@5CD2 0000000000000000
@5CD3 0000000000000001
@5CD4 -000000000000001
@5CD5 0000000000000000
@5CD6 0000000000000001
@5CD7 -000000000000001
@5CD8 -000000000000002
@5CD9 -000000000000001
@5CDA 0000000000000001
@5CDB 0000000000000002
@5CDC 0000000000000001
@5CDD 0000000000000000
@5CDE 0000000000000000
@5CDF 0000000000000000
@5CE0 0000000000000000
@5CE1 -000000000000001
@5CE2 0000000000000001
@5CE3 -000000000000002
@5CE4 0000000000000000
@5CE5 0000000000000000
@5CE6 0000000000000000
@5CE7 0000000000000000
@5CE8 0000000000000001
@5CE9 0000000000000000
@5CEA 0000000000000000
@5CEB 0000000000000000
@5CEC 0000000000000000
@5CED -000000000000001
@5CEE 0000000000000000
@5CEF -000000000000003
@5CF0 0000000000000000
@5CF1 0000000000000000
@5CF2 0000000000000000
@5CF3 0000000000000001
@5CF4 -000000000000001
@5CF5 0000000000000002
@5CF6 0000000000000000
@5CF7 0000000000000000
@5CF8 0000000000000000
@5CF9 0000000000000000
@5CFA -000000000000002
@5CFB 0000000000000004
@5CFC 0000000000000000
@5CFD -000000000000001
@5CFE 0000000000000002
@5CFF 0000000000000000
@5D00 0000000000000000
@5D01 0000000000000000
@5D02 -000000000000003
@5D03 0000000000000000
@5D04 0000000000000001
@5D05 -000000000000002
@5D06 0000000000000000
@5D07 0000000000000002
@5D08 0000000000000001
@5D09 0000000000000000
@5D0A 0000000000000001
@5D0B 0000000000000000
@5D0C 0000000000000000
@5D0D 0000000000000000
@5D0E 0000000000000000
@5D0F -000000000000003
@5D10 0000000000000000
@5D11 0000000000000000
@5D12 0000000000000001
@5D13 -000000000000001
@5D14 0000000000000000
@5D15 -000000000000001
@5D16 0000000000000001
@5D17 0000000000000000
@5D18 0000000000000001
@5D19 0000000000000001
@5D1A 0000000000000000
@5D1B 0000000000000001
@5D1C 0000000000000000
@5D1D -000000000000002
@5D1E 0000000000000001
@5D1F -000000000000001
@5D20 0000000000000000
@5D21 0000000000000000
@5D22 -000000000000002
@5D23 0000000000000000
@5D24 0000000000000000
@5D25 -000000000000002
@5D26 0000000000000002
@5D27 0000000000000000
@5D28 -000000000000001
@5D29 0000000000000001
@5D2A -000000000000001
@5D2B 0000000000000000
@5D2C 0000000000000003
@5D2D 0000000000000000
@5D2E -000000000000002
@5D2F 0000000000000000
@5D30 0000000000000000
@5D31 -000000000000001
@5D32 0000000000000001
@5D33 0000000000000000
@5D34 -000000000000001
@5D35 0000000000000000
@5D36 0000000000000001
@5D37 0000000000000000
@5D38 0000000000000000
@5D39 0000000000000001
@5D3A 0000000000000000
@5D3B 0000000000000000
@5D3C 0000000000000000
@5D3D -000000000000001
@5D3E 0000000000000000
@5D3F 0000000000000001
@5D40 0000000000000000
@5D41 0000000000000000
@5D42 0000000000000001
@5D43 0000000000000001
@5D44 0000000000000000
@5D45 0000000000000000
@5D46 0000000000000000
@5D47 0000000000000000
@5D48 0000000000000000
@5D49 0000000000000001
@5D4A -000000000000004
@5D4B 0000000000000000
@5D4C 0000000000000002
@5D4D -000000000000001
@5D4E 0000000000000000
@5D4F 0000000000000000
@5D50 0000000000000000
@5D51 0000000000000000
@5D52 0000000000000000
@5D53 0000000000000000
@5D54 0000000000000000
@5D55 0000000000000000
@5D56 -000000000000002
@5D57 0000000000000000
@5D58 0000000000000002
@5D59 -000000000000001
@5D5A 0000000000000001
@5D5B 0000000000000000
@5D5C 0000000000000000
@5D5D 0000000000000000
@5D5E -000000000000002
@5D5F 0000000000000000
@5D60 0000000000000000
@5D61 0000000000000001
@5D62 0000000000000002
@5D63 0000000000000000
@5D64 -000000000000002
@5D65 -000000000000001
@5D66 0000000000000000
@5D67 0000000000000000
@5D68 0000000000000001
@5D69 0000000000000000
@5D6A -000000000000002
@5D6B 0000000000000000
@5D6C -000000000000001
@5D6D -000000000000001
@5D6E 0000000000000001
@5D6F 0000000000000000
@5D70 0000000000000001
@5D71 0000000000000005
@5D72 0000000000000000
@5D73 0000000000000000
@5D74 0000000000000000
@5D75 0000000000000000
@5D76 0000000000000003
@5D77 0000000000000000
@5D78 0000000000000000
@5D79 0000000000000000
@5D7A 0000000000000000
@5D7B 0000000000000000
@5D7C 0000000000000000
@5D7D 0000000000000000
@5D7E -000000000000001
@5D7F 0000000000000000
@5D80 0000000000000000
@5D81 -000000000000002
@5D82 0000000000000000
@5D83 0000000000000000
@5D84 -000000000000001
@5D85 0000000000000000
@5D86 0000000000000000
@5D87 0000000000000000
@5D88 0000000000000001
@5D89 0000000000000000
@5D8A 0000000000000000
@5D8B 0000000000000001
@5D8C 0000000000000002
@5D8D 0000000000000000
@5D8E 0000000000000000
@5D8F 0000000000000002
@5D90 0000000000000001
@5D91 0000000000000001
@5D92 0000000000000000
@5D93 0000000000000003
@5D94 -000000000000002
@5D95 0000000000000001
@5D96 0000000000000000
@5D97 0000000000000001
@5D98 0000000000000000
@5D99 -000000000000002
@5D9A 0000000000000000
@5D9B -000000000000001
@5D9C -000000000000001
@5D9D 0000000000000000
@5D9E 0000000000000000
@5D9F 0000000000000000
@5DA0 0000000000000000
@5DA1 0000000000000000
@5DA2 0000000000000000
@5DA3 0000000000000001
@5DA4 0000000000000000
@5DA5 0000000000000000
@5DA6 0000000000000000
@5DA7 -000000000000001
@5DA8 0000000000000000
@5DA9 -000000000000001
@5DAA -000000000000002
@5DAB -000000000000002
@5DAC 0000000000000001
@5DAD -000000000000003
@5DAE 0000000000000000
@5DAF -000000000000002
@5DB0 0000000000000002
@5DB1 0000000000000000
@5DB2 0000000000000000
@5DB3 0000000000000000
@5DB4 0000000000000000
@5DB5 -000000000000003
@5DB6 0000000000000000
@5DB7 0000000000000000
@5DB8 -000000000000003
@5DB9 0000000000000001
@5DBA 0000000000000002
@5DBB -000000000000001
@5DBC -000000000000001
@5DBD -000000000000001
@5DBE 0000000000000000
@5DBF -000000000000001
@5DC0 0000000000000000
@5DC1 0000000000000000
@5DC2 -000000000000001
@5DC3 0000000000000000
@5DC4 0000000000000001
@5DC5 -000000000000002
@5DC6 0000000000000000
@5DC7 0000000000000000
@5DC8 0000000000000000
@5DC9 -000000000000001
@5DCA 0000000000000000
@5DCB 0000000000000000
@5DCC 0000000000000000
@5DCD 0000000000000000
@5DCE 0000000000000000
@5DCF 0000000000000000
@5DD0 0000000000000000
@5DD1 0000000000000000
@5DD2 0000000000000000
@5DD3 0000000000000000
@5DD4 0000000000000001
@5DD5 0000000000000000
@5DD6 0000000000000000
@5DD7 0000000000000000
@5DD8 0000000000000000
@5DD9 0000000000000000
@5DDA 0000000000000000
@5DDB 0000000000000000
@5DDC 0000000000000000
@5DDD -000000000000001
@5DDE 0000000000000000
@5DDF 0000000000000000
@5DE0 0000000000000000
@5DE1 0000000000000000
@5DE2 -000000000000001
@5DE3 0000000000000000
@5DE4 0000000000000000
@5DE5 0000000000000000
@5DE6 0000000000000002
@5DE7 0000000000000000
@5DE8 -000000000000001
@5DE9 0000000000000000
@5DEA 0000000000000000
@5DEB 0000000000000000
@5DEC 0000000000000000
@5DED 0000000000000000
@5DEE 0000000000000000
@5DEF 0000000000000000
@5DF0 0000000000000000
@5DF1 0000000000000000
@5DF2 0000000000000000
@5DF3 0000000000000000
@5DF4 0000000000000000
@5DF5 0000000000000000
@5DF6 0000000000000000
@5DF7 0000000000000000
@5DF8 0000000000000000
@5DF9 0000000000000003
@5DFA 0000000000000002
@5DFB 0000000000000000
@5DFC -000000000000001
@5DFD 0000000000000000
@5DFE 0000000000000000
@5DFF 0000000000000000
@5E00 0000000000000000
@5E01 0000000000000000
@5E02 0000000000000000
@5E03 0000000000000000
@5E04 0000000000000000
@5E05 0000000000000000
@5E06 0000000000000000
@5E07 0000000000000000
@5E08 0000000000000000
@5E09 0000000000000001
@5E0A -000000000000002
@5E0B 0000000000000000
@5E0C 0000000000000001
@5E0D 0000000000000000
@5E0E 0000000000000000
@5E0F 0000000000000000
@5E10 -000000000000002
@5E11 0000000000000000
@5E12 0000000000000000
@5E13 0000000000000000
@5E14 0000000000000000
@5E15 0000000000000000
@5E16 0000000000000000
@5E17 0000000000000000
@5E18 0000000000000000
@5E19 0000000000000000
@5E1A 0000000000000000
@5E1B 0000000000000000
@5E1C 0000000000000002
@5E1D 0000000000000000
@5E1E 0000000000000000
@5E1F 0000000000000000
@5E20 0000000000000000
@5E21 0000000000000000
@5E22 0000000000000000
@5E23 0000000000000000
@5E24 -000000000000001
@5E25 0000000000000000
@5E26 0000000000000000
@5E27 0000000000000000
@5E28 0000000000000000
@5E29 0000000000000000
@5E2A 0000000000000000
@5E2B 0000000000000000
@5E2C 0000000000000000
@5E2D 0000000000000000
@5E2E 0000000000000000
@5E2F 0000000000000000
@5E30 0000000000000000
@5E31 0000000000000002
@5E32 0000000000000000
@5E33 0000000000000000
@5E34 0000000000000001
@5E35 0000000000000000
@5E36 0000000000000000
@5E37 0000000000000000
@5E38 0000000000000000
@5E39 0000000000000000
@5E3A 0000000000000000
@5E3B 0000000000000000
@5E3C 0000000000000000
@5E3D 0000000000000000
@5E3E 0000000000000000
@5E3F 0000000000000000
@5E40 0000000000000000
@5E41 0000000000000000
@5E42 0000000000000000
@5E43 0000000000000000
@5E44 0000000000000000
@5E45 0000000000000000
@5E46 0000000000000000
@5E47 0000000000000000
@5E48 0000000000000000
@5E49 0000000000000000
@5E4A 0000000000000000
@5E4B 0000000000000001
@5E4C 0000000000000000
@5E4D 0000000000000000
@5E4E 0000000000000000
@5E4F 0000000000000000
@5E50 0000000000000000
@5E51 0000000000000000
@5E52 0000000000000000
@5E53 0000000000000001
@5E54 0000000000000000
@5E55 0000000000000000
@5E56 0000000000000000
@5E57 0000000000000000
@5E58 0000000000000000
@5E59 0000000000000000
@5E5A 0000000000000000
@5E5B 0000000000000000
@5E5C 0000000000000000
@5E5D 0000000000000000
@5E5E 0000000000000000
@5E5F 0000000000000000
@5E60 0000000000000000
@5E61 0000000000000000
@5E62 0000000000000000
@5E63 0000000000000000
@5E64 0000000000000000
@5E65 0000000000000000
@5E66 0000000000000000
@5E67 0000000000000000
@5E68 0000000000000000
@5E69 0000000000000000
@5E6A 0000000000000000
@5E6B 0000000000000000
@5E6C 0000000000000000
@5E6D -000000000000002
@5E6E 0000000000000000
@5E6F 0000000000000000
@5E70 0000000000000000
@5E71 0000000000000000
@5E72 0000000000000000
@5E73 0000000000000000
@5E74 0000000000000000
@5E75 0000000000000000
@5E76 -000000000000001
@5E77 0000000000000000
@5E78 0000000000000000
@5E79 0000000000000000
@5E7A 0000000000000001
@5E7B 0000000000000000
@5E7C 0000000000000000
@5E7D -000000000000001
@5E7E 0000000000000001
@5E7F 0000000000000000
@5E80 0000000000000000
@5E81 0000000000000000
@5E82 -000000000000002
@5E83 0000000000000000
@5E84 0000000000000001
@5E85 -000000000000002
@5E86 0000000000000000
@5E87 0000000000000000
@5E88 0000000000000000
@5E89 -000000000000001
@5E8A 0000000000000000
@5E8B 0000000000000000
@5E8C 0000000000000000
@5E8D 0000000000000000
@5E8E 0000000000000000
@5E8F 0000000000000000
@5E90 0000000000000000
@5E91 0000000000000000
@5E92 0000000000000000
@5E93 0000000000000000
@5E94 0000000000000001
@5E95 0000000000000000
@5E96 0000000000000000
@5E97 0000000000000000
@5E98 0000000000000001
@5E99 0000000000000000
@5E9A 0000000000000000
@5E9B 0000000000000000
@5E9C 0000000000000000
@5E9D 0000000000000000
@5E9E 0000000000000000
@5E9F 0000000000000000
@5EA0 0000000000000000
@5EA1 0000000000000000
@5EA2 -000000000000001
@5EA3 0000000000000000
@5EA4 0000000000000000
@5EA5 0000000000000000
@5EA6 0000000000000002
@5EA7 0000000000000000
@5EA8 -000000000000001
@5EA9 0000000000000000
@5EAA 0000000000000000
@5EAB 0000000000000000
@5EAC 0000000000000000
@5EAD 0000000000000000
@5EAE 0000000000000000
@5EAF 0000000000000000
@5EB0 0000000000000000
@5EB1 0000000000000000
@5EB2 0000000000000000
@5EB3 0000000000000001
@5EB4 0000000000000000
@5EB5 0000000000000000
@5EB6 -000000000000001
@5EB7 0000000000000000
@5EB8 0000000000000000
@5EB9 0000000000000000
@5EBA 0000000000000002
@5EBB 0000000000000000
@5EBC 0000000000000000
@5EBD 0000000000000000
@5EBE 0000000000000000
@5EBF 0000000000000000
@5EC0 0000000000000000
@5EC1 0000000000000000
@5EC2 0000000000000000
@5EC3 0000000000000000
@5EC4 0000000000000000
@5EC5 0000000000000000
@5EC6 0000000000000000
@5EC7 0000000000000000
@5EC8 0000000000000000
@5EC9 0000000000000001
@5ECA -000000000000001
@5ECB 0000000000000000
@5ECC 0000000000000001
@5ECD 0000000000000000
@5ECE 0000000000000000
@5ECF 0000000000000000
@5ED0 -000000000000001
@5ED1 0000000000000000
@5ED2 0000000000000000
@5ED3 0000000000000000
@5ED4 0000000000000000
@5ED5 0000000000000000
@5ED6 0000000000000000
@5ED7 0000000000000000
@5ED8 0000000000000000
@5ED9 0000000000000000
@5EDA 0000000000000000
@5EDB 0000000000000000
@5EDC 0000000000000001
@5EDD 0000000000000000
@5EDE 0000000000000000
@5EDF 0000000000000000
@5EE0 0000000000000000
@5EE1 0000000000000000
@5EE2 -000000000000001
@5EE3 0000000000000000
@5EE4 0000000000000000
@5EE5 0000000000000000
@5EE6 0000000000000000
@5EE7 0000000000000000
@5EE8 0000000000000000
@5EE9 0000000000000000
@5EEA 0000000000000000
@5EEB 0000000000000000
@5EEC 0000000000000000
@5EED 0000000000000000
@5EEE 0000000000000000
@5EEF 0000000000000000
@5EF0 0000000000000000
@5EF1 0000000000000003
@5EF2 0000000000000000
@5EF3 0000000000000000
@5EF4 0000000000000000
@5EF5 0000000000000000
@5EF6 0000000000000000
@5EF7 0000000000000000
@5EF8 0000000000000000
@5EF9 0000000000000000
@5EFA 0000000000000000
@5EFB 0000000000000000
@5EFC 0000000000000000
@5EFD 0000000000000000
@5EFE 0000000000000000
@5EFF 0000000000000000
@5F00 0000000000000000
@5F01 0000000000000000
@5F02 0000000000000000
@5F03 0000000000000000
@5F04 0000000000000000
@5F05 0000000000000000
@5F06 0000000000000000
@5F07 0000000000000000
@5F08 0000000000000000
@5F09 0000000000000000
@5F0A 0000000000000000
@5F0B 0000000000000001
@5F0C 0000000000000000
@5F0D 0000000000000000
@5F0E 0000000000000000
@5F0F 0000000000000000
@5F10 0000000000000000
@5F11 0000000000000000
@5F12 0000000000000000
@5F13 0000000000000001
@5F14 0000000000000000
@5F15 0000000000000000
@5F16 0000000000000000
@5F17 0000000000000000
@5F18 0000000000000001
@5F19 0000000000000000
@5F1A 0000000000000000
@5F1B 0000000000000000
@5F1C 0000000000000000
@5F1D 0000000000000000
@5F1E 0000000000000000
@5F1F 0000000000000000
@5F20 0000000000000000
@5F21 0000000000000000
@5F22 0000000000000000
@5F23 0000000000000000
@5F24 0000000000000000
@5F25 0000000000000000
@5F26 0000000000000000
@5F27 0000000000000000
@5F28 0000000000000000
@5F29 0000000000000000
@5F2A 0000000000000000
@5F2B 0000000000000000
@5F2C 0000000000000000
@5F2D -000000000000002
@5F2E 0000000000000000
@5F2F 0000000000000000
@5F30 0000000000000000
@5F31 0000000000000000
@5F32 0000000000000000
@5F33 0000000000000000
@5F34 0000000000000000
@5F35 0000000000000000
@5F36 -000000000000001
@5F37 0000000000000000
@5F38 0000000000000002
@5F39 0000000000000000
@5F3A 0000000000000001
@5F3B 0000000000000000
@5F3C 0000000000000000
@5F3D 0000000000000000
@5F3E 0000000000000000
@5F3F 0000000000000000
@5F40 0000000000000000
@5F41 0000000000000000
@5F42 -000000000000001
@5F43 0000000000000000
@5F44 0000000000000001
@5F45 -000000000000002
@5F46 0000000000000000
@5F47 0000000000000000
@5F48 0000000000000000
@5F49 -000000000000001
@5F4A 0000000000000000
@5F4B 0000000000000000
@5F4C 0000000000000000
@5F4D 0000000000000000
@5F4E 0000000000000000
@5F4F 0000000000000000
@5F50 0000000000000000
@5F51 0000000000000000
@5F52 0000000000000000
@5F53 0000000000000000
@5F54 0000000000000001
@5F55 0000000000000000
@5F56 0000000000000000
@5F57 0000000000000000
@5F58 0000000000000001
@5F59 0000000000000000
@5F5A 0000000000000000
@5F5B 0000000000000000
@5F5C 0000000000000000
@5F5D 0000000000000000
@5F5E 0000000000000000
@5F5F 0000000000000000
@5F60 0000000000000000
@5F61 0000000000000000
@5F62 -000000000000001
@5F63 0000000000000000
@5F64 0000000000000000
@5F65 0000000000000000
@5F66 0000000000000002
@5F67 0000000000000000
@5F68 -000000000000001
@5F69 0000000000000000
@5F6A 0000000000000000
@5F6B 0000000000000000
@5F6C 0000000000000000
@5F6D 0000000000000000
@5F6E 0000000000000000
@5F6F 0000000000000000
@5F70 0000000000000000
@5F71 0000000000000000
@5F72 0000000000000000
@5F73 0000000000000001
@5F74 0000000000000000
@5F75 0000000000000000
@5F76 -000000000000001
@5F77 0000000000000000
@5F78 0000000000000000
@5F79 0000000000000000
@5F7A 0000000000000002
@5F7B 0000000000000000
@5F7C 0000000000000000
@5F7D 0000000000000000
@5F7E 0000000000000000
@5F7F 0000000000000000
@5F80 0000000000000000
@5F81 0000000000000000
@5F82 0000000000000000
@5F83 0000000000000000
@5F84 0000000000000000
@5F85 0000000000000000
@5F86 0000000000000000
@5F87 0000000000000000
@5F88 0000000000000000
@5F89 0000000000000001
@5F8A 0000000000000000
@5F8B 0000000000000000
@5F8C 0000000000000001
@5F8D 0000000000000000
@5F8E 0000000000000000
@5F8F 0000000000000000
@5F90 -000000000000001
@5F91 0000000000000000
@5F92 0000000000000000
@5F93 0000000000000000
@5F94 0000000000000000
@5F95 0000000000000000
@5F96 0000000000000000
@5F97 0000000000000000
@5F98 0000000000000000
@5F99 0000000000000000
@5F9A 0000000000000000
@5F9B 0000000000000000
@5F9C 0000000000000001
@5F9D 0000000000000000
@5F9E 0000000000000000
@5F9F 0000000000000000
@5FA0 0000000000000000
@5FA1 0000000000000000
@5FA2 -000000000000001
@5FA3 0000000000000000
@5FA4 0000000000000000
@5FA5 0000000000000000
@5FA6 0000000000000000
@5FA7 0000000000000000
@5FA8 0000000000000000
@5FA9 0000000000000000
@5FAA 0000000000000000
@5FAB 0000000000000000
@5FAC 0000000000000000
@5FAD 0000000000000000
@5FAE 0000000000000000
@5FAF 0000000000000000
@5FB0 0000000000000000
@5FB1 0000000000000002
@5FB2 0000000000000000
@5FB3 0000000000000000
@5FB4 0000000000000000
@5FB5 0000000000000000
@5FB6 0000000000000000
@5FB7 0000000000000000
@5FB8 0000000000000000
@5FB9 0000000000000000
@5FBA 0000000000000000
@5FBB 0000000000000000
@5FBC 0000000000000000
@5FBD 0000000000000000
@5FBE 0000000000000000
@5FBF 0000000000000000
@5FC0 0000000000000000
@5FC1 0000000000000000
@5FC2 0000000000000000
@5FC3 0000000000000000
@5FC4 0000000000000000
@5FC5 0000000000000000
@5FC6 0000000000000000
@5FC7 0000000000000000
@5FC8 0000000000000000
@5FC9 0000000000000000
@5FCA 0000000000000000
@5FCB 0000000000000001
@5FCC 0000000000000000
@5FCD 0000000000000000
@5FCE 0000000000000000
@5FCF 0000000000000000
@5FD0 0000000000000000
@5FD1 0000000000000000
@5FD2 0000000000000000
@5FD3 0000000000000001
@5FD4 0000000000000000
@5FD5 0000000000000000
@5FD6 0000000000000000
@5FD7 0000000000000000
@5FD8 0000000000000000
@5FD9 0000000000000000
@5FDA 0000000000000000
@5FDB 0000000000000000
@5FDC 0000000000000000
@5FDD 0000000000000000
@5FDE 0000000000000000
@5FDF 0000000000000000
@5FE0 0000000000000000
@5FE1 -000000000000001
@5FE2 0000000000000000
@5FE3 0000000000000000
@5FE4 0000000000000000
@5FE5 0000000000000000
@5FE6 0000000000000000
@5FE7 0000000000000000
@5FE8 0000000000000000
@5FE9 0000000000000000
@5FEA 0000000000000000
@5FEB 0000000000000000
@5FEC 0000000000000000
@5FED -000000000000001
@5FEE 0000000000000000
@5FEF 0000000000000000
@5FF0 0000000000000000
@5FF1 0000000000000000
@5FF2 0000000000000000
@5FF3 0000000000000000
@5FF4 0000000000000000
@5FF5 0000000000000000
@5FF6 -000000000000001
@5FF7 0000000000000000
@5FF8 0000000000000002
@5FF9 0000000000000000
@5FFA 0000000000000001
@5FFB 0000000000000000
@5FFC 0000000000000000
@5FFD 0000000000000000
@5FFE 0000000000000000
@5FFF 0000000000000000
@6000 0000000000000000
@6001 0000000000000000
@6002 -000000000000001
@6003 0000000000000000
@6004 0000000000000001
@6005 -000000000000002
@6006 0000000000000000
@6007 0000000000000000
@6008 0000000000000000
@6009 -000000000000001
@600A 0000000000000000
@600B 0000000000000000
@600C 0000000000000000
@600D 0000000000000000
@600E 0000000000000000
@600F 0000000000000000
@6010 0000000000000000
@6011 0000000000000000
@6012 0000000000000000
@6013 0000000000000000
@6014 0000000000000001
@6015 0000000000000000
@6016 0000000000000000
@6017 0000000000000000
@6018 0000000000000001
@6019 0000000000000000
@601A 0000000000000000
@601B 0000000000000000
@601C 0000000000000000
@601D 0000000000000000
@601E 0000000000000000
@601F 0000000000000000
@6020 0000000000000000
@6021 0000000000000000
@6022 -000000000000001
@6023 0000000000000000
@6024 0000000000000000
@6025 0000000000000000
@6026 0000000000000002
@6027 0000000000000000
@6028 -000000000000001
@6029 0000000000000000
@602A 0000000000000000
@602B 0000000000000001
@602C 0000000000000000
@602D 0000000000000000
@602E 0000000000000000
@602F 0000000000000000
@6030 0000000000000000
@6031 0000000000000000
@6032 0000000000000000
@6033 0000000000000001
@6034 0000000000000000
@6035 0000000000000000
@6036 0000000000000000
@6037 0000000000000000
@6038 0000000000000000
@6039 0000000000000000
@603A 0000000000000002
@603B 0000000000000000
@603C 0000000000000000
@603D 0000000000000000
@603E 0000000000000000
@603F 0000000000000000
@6040 0000000000000000
@6041 0000000000000000
@6042 0000000000000000
@6043 0000000000000000
@6044 0000000000000000
@6045 0000000000000000
@6046 0000000000000000
@6047 0000000000000000
@6048 0000000000000000
@6049 0000000000000001
@604A -000000000000001
@604B 0000000000000000
@604C 0000000000000001
@604D 0000000000000000
@604E 0000000000000000
@604F 0000000000000000
@6050 -000000000000001
@6051 0000000000000000
@6052 0000000000000000
@6053 0000000000000000
@6054 0000000000000000
@6055 0000000000000000
@6056 0000000000000000
@6057 0000000000000000
@6058 0000000000000000
@6059 0000000000000000
@605A 0000000000000000
@605B 0000000000000000
@605C 0000000000000001
@605D 0000000000000000
@605E 0000000000000000
@605F 0000000000000000
@6060 0000000000000000
@6061 0000000000000000
@6062 -000000000000001
@6063 0000000000000000
@6064 0000000000000000
@6065 0000000000000000
@6066 0000000000000000
@6067 0000000000000000
@6068 0000000000000000
@6069 0000000000000000
@606A 0000000000000000
@606B 0000000000000000
@606C 0000000000000000
@606D 0000000000000000
@606E 0000000000000000
@606F 0000000000000000
@6070 0000000000000000
@6071 0000000000000003
@6072 0000000000000000
@6073 0000000000000000
@6074 0000000000000000
@6075 0000000000000000
@6076 0000000000000000
@6077 0000000000000000
@6078 0000000000000000
@6079 0000000000000000
@607A 0000000000000000
@607B 0000000000000000
@607C 0000000000000000
@607D 0000000000000000
@607E 0000000000000000
@607F 0000000000000000
@6080 0000000000000000
@6081 0000000000000000
@6082 0000000000000000
@6083 0000000000000000
@6084 0000000000000000
@6085 0000000000000000
@6086 0000000000000000
@6087 0000000000000000
@6088 0000000000000000
@6089 0000000000000000
@608A 0000000000000000
@608B 0000000000000001
@608C 0000000000000000
@608D 0000000000000000
@608E 0000000000000000
@608F 0000000000000000
@6090 0000000000000000
@6091 0000000000000000
@6092 0000000000000000
@6093 0000000000000001
@6094 0000000000000000
@6095 0000000000000000
@6096 0000000000000000
@6097 0000000000000000
@6098 0000000000000000
@6099 0000000000000000
@609A 0000000000000000
@609B 0000000000000000
@609C 0000000000000000
@609D 0000000000000000
@609E 0000000000000000
@609F 0000000000000000
@60A0 0000000000000000
@60A1 0000000000000000
@60A2 0000000000000000
@60A3 0000000000000000
@60A4 0000000000000000
@60A5 0000000000000000
@60A6 0000000000000000
@60A7 0000000000000000
@60A8 0000000000000000
@60A9 0000000000000000
@60AA 0000000000000000
@60AB 0000000000000000
@60AC 0000000000000000
@60AD -000000000000001
@60AE 0000000000000000
@60AF 0000000000000000
@60B0 0000000000000000
@60B1 0000000000000000
@60B2 0000000000000000
@60B3 0000000000000000
@60B4 0000000000000000
@60B5 0000000000000000
@60B6 -000000000000001
@60B7 0000000000000000
@60B8 0000000000000002
@60B9 0000000000000000
@60BA 0000000000000001
@60BB 0000000000000000
@60BC 0000000000000000
@60BD -000000000000001
@60BE 0000000000000000
@60BF 0000000000000000
@60C0 0000000000000000
@60C1 0000000000000000
@60C2 -000000000000001
@60C3 0000000000000000
@60C4 0000000000000001
@60C5 -000000000000002
@60C6 0000000000000000
@60C7 0000000000000000
@60C8 0000000000000000
@60C9 -000000000000001
@60CA 0000000000000000
@60CB 0000000000000000
@60CC 0000000000000000
@60CD 0000000000000000
@60CE 0000000000000000
@60CF 0000000000000000
@60D0 0000000000000000
@60D1 0000000000000000
@60D2 0000000000000000
@60D3 0000000000000000
@60D4 0000000000000001
@60D5 0000000000000000
@60D6 0000000000000000
@60D7 0000000000000000
@60D8 0000000000000001
@60D9 0000000000000000
@60DA 0000000000000000
@60DB 0000000000000000
@60DC 0000000000000000
@60DD 0000000000000000
@60DE 0000000000000000
@60DF 0000000000000000
@60E0 0000000000000000
@60E1 0000000000000000
@60E2 -000000000000001
@60E3 0000000000000000
@60E4 0000000000000000
@60E5 0000000000000000
@60E6 0000000000000002
@60E7 0000000000000000
@60E8 -000000000000001
@60E9 0000000000000000
@60EA 0000000000000000
@60EB 0000000000000000
@60EC 0000000000000000
@60ED 0000000000000000
@60EE 0000000000000000
@60EF 0000000000000000
@60F0 0000000000000000
@60F1 0000000000000000
@60F2 0000000000000000
@60F3 0000000000000001
@60F4 0000000000000000
@60F5 0000000000000000
@60F6 0000000000000000
@60F7 0000000000000000
@60F8 0000000000000000
@60F9 0000000000000000
@60FA 0000000000000002
@60FB 0000000000000000
@60FC 0000000000000000
@60FD 0000000000000000
@60FE 0000000000000000
@60FF 0000000000000000
@6100 0000000000000000
@6101 0000000000000000
@6102 0000000000000000
@6103 0000000000000000
@6104 0000000000000000
@6105 0000000000000000
@6106 0000000000000000
@6107 0000000000000000
@6108 0000000000000000
@6109 0000000000000001
@610A 0000000000000000
@610B 0000000000000000
@610C 0000000000000000
@610D 0000000000000000
@610E 0000000000000000
@610F 0000000000000000
@6110 -000000000000001
@6111 0000000000000000
@6112 0000000000000000
@6113 0000000000000000
@6114 0000000000000000
@6115 0000000000000000
@6116 0000000000000000
@6117 0000000000000000
@6118 0000000000000000
@6119 0000000000000000
@611A 0000000000000000
@611B 0000000000000000
@611C 0000000000000002
@611D 0000000000000000
@611E 0000000000000000
@611F 0000000000000000
@6120 0000000000000000
@6121 0000000000000000
@6122 -000000000000001
@6123 0000000000000000
@6124 0000000000000000
@6125 0000000000000000
@6126 0000000000000000
@6127 0000000000000000
@6128 0000000000000000
@6129 0000000000000000
@612A 0000000000000000
@612B 0000000000000000
@612C 0000000000000000
@612D 0000000000000000
@612E 0000000000000000
@612F 0000000000000000
@6130 0000000000000000
@6131 0000000000000002
@6132 0000000000000000
@6133 0000000000000000
@6134 0000000000000000
@6135 0000000000000000
@6136 0000000000000000
@6137 0000000000000001
@6138 0000000000000000
@6139 0000000000000000
@613A 0000000000000000
@613B 0000000000000000
@613C 0000000000000000
@613D 0000000000000000
@613E 0000000000000000
@613F 0000000000000000
@6140 0000000000000000
@6141 0000000000000000
@6142 0000000000000000
@6143 0000000000000000
@6144 0000000000000000
@6145 0000000000000000
@6146 0000000000000000
@6147 0000000000000000
@6148 0000000000000000
@6149 0000000000000000
@614A 0000000000000000
@614B 0000000000000001
@614C 0000000000000000
@614D 0000000000000000
@614E 0000000000000000
@614F 0000000000000000
@6150 0000000000000000
@6151 0000000000000000
@6152 0000000000000000
@6153 0000000000000001
@6154 0000000000000000
@6155 0000000000000000
@6156 0000000000000000
@6157 0000000000000000
@6158 0000000000000000
@6159 0000000000000000
@615A 0000000000000000
@615B 0000000000000000
@615C 0000000000000000
@615D 0000000000000000
@615E 0000000000000000
@615F 0000000000000000
@6160 0000000000000000
@6161 -000000000000001
@6162 0000000000000000
@6163 0000000000000000
@6164 0000000000000000
@6165 0000000000000000
@6166 0000000000000000
@6167 0000000000000000
@6168 0000000000000000
@6169 0000000000000000
@616A 0000000000000000
@616B 0000000000000000
@616C 0000000000000000
@616D -000000000000001
@616E 0000000000000000
@616F 0000000000000000
@6170 0000000000000000
@6171 0000000000000000
@6172 0000000000000000
@6173 0000000000000000
@6174 0000000000000000
@6175 0000000000000000
@6176 -000000000000001
@6177 0000000000000000
@6178 0000000000000002
@6179 0000000000000000
@617A 0000000000000000
@617B 0000000000000001
@617C 0000000000000000
@617D -000000000000001
@617E 0000000000000001
@617F 0000000000000000
@6180 0000000000000000
@6181 0000000000000000
@6182 -000000000000002
@6183 0000000000000000
@6184 0000000000000001
@6185 -000000000000002
@6186 0000000000000000
@6187 0000000000000000
@6188 0000000000000000
@6189 -000000000000001
@618A 0000000000000000
@618B 0000000000000000
@618C 0000000000000000
@618D 0000000000000000
@618E 0000000000000000
@618F 0000000000000000
@6190 0000000000000000
@6191 0000000000000000
@6192 0000000000000000
@6193 0000000000000000
@6194 0000000000000001
@6195 0000000000000000
@6196 0000000000000000
@6197 0000000000000000
@6198 0000000000000001
@6199 0000000000000000
@619A 0000000000000000
@619B 0000000000000000
@619C 0000000000000000
@619D 0000000000000000
@619E 0000000000000000
@619F 0000000000000000
@61A0 0000000000000000
@61A1 0000000000000000
@61A2 -000000000000001
@61A3 0000000000000000
@61A4 0000000000000000
@61A5 0000000000000000
@61A6 0000000000000002
@61A7 0000000000000000
@61A8 -000000000000001
@61A9 0000000000000000
@61AA 0000000000000000
@61AB 0000000000000000
@61AC 0000000000000000
@61AD 0000000000000000
@61AE 0000000000000000
@61AF 0000000000000000
@61B0 0000000000000000
@61B1 0000000000000000
@61B2 0000000000000000
@61B3 0000000000000001
@61B4 0000000000000000
@61B5 0000000000000000
@61B6 0000000000000000
@61B7 0000000000000000
@61B8 0000000000000000
@61B9 0000000000000000
@61BA 0000000000000002
@61BB 0000000000000000
@61BC 0000000000000000
@61BD 0000000000000000
@61BE 0000000000000000
@61BF 0000000000000000
@61C0 0000000000000000
@61C1 0000000000000000
@61C2 0000000000000000
@61C3 0000000000000000
@61C4 0000000000000000
@61C5 0000000000000000
@61C6 0000000000000000
@61C7 0000000000000000
@61C8 0000000000000000
@61C9 0000000000000001
@61CA -000000000000001
@61CB 0000000000000000
@61CC 0000000000000001
@61CD 0000000000000000
@61CE 0000000000000000
@61CF 0000000000000000
@61D0 -000000000000001
@61D1 0000000000000000
@61D2 0000000000000000
@61D3 0000000000000000
@61D4 0000000000000000
@61D5 0000000000000000
@61D6 0000000000000000
@61D7 0000000000000000
@61D8 0000000000000000
@61D9 0000000000000000
@61DA 0000000000000000
@61DB 0000000000000000
@61DC 0000000000000001
@61DD 0000000000000000
@61DE 0000000000000000
@61DF 0000000000000000
@61E0 0000000000000000
@61E1 0000000000000000
@61E2 0000000000000000
@61E3 0000000000000000
@61E4 0000000000000000
@61E5 0000000000000000
@61E6 0000000000000000
@61E7 0000000000000000
@61E8 0000000000000000
@61E9 0000000000000000
@61EA 0000000000000000
@61EB 0000000000000000
@61EC 0000000000000000
@61ED 0000000000000000
@61EE 0000000000000000
@61EF 0000000000000000
@61F0 0000000000000000
@61F1 0000000000000002
@61F2 0000000000000000
@61F3 0000000000000000
@61F4 0000000000000000
@61F5 0000000000000000
@61F6 0000000000000000
@61F7 0000000000000001
@61F8 0000000000000000
@61F9 0000000000000000
@61FA 0000000000000000
@61FB 0000000000000000
@61FC 0000000000000000
@61FD -000000000000001
@61FE 0000000000000000
@61FF 0000000000000000
@6200 0000000000000000
@6201 0000000000000000
@6202 0000000000000000
@6203 0000000000000000
@6204 0000000000000000
@6205 0000000000000000
@6206 0000000000000000
@6207 0000000000000000
@6208 0000000000000000
@6209 0000000000000000
@620A 0000000000000000
@620B 0000000000000001
@620C 0000000000000000
@620D 0000000000000000
@620E 0000000000000000
@620F 0000000000000000
@6210 0000000000000000
@6211 0000000000000000
@6212 0000000000000000
@6213 0000000000000001
@6214 0000000000000000
@6215 0000000000000000
@6216 0000000000000000
@6217 0000000000000000
@6218 0000000000000000
@6219 0000000000000000
@621A 0000000000000000
@621B 0000000000000000
@621C 0000000000000000
@621D 0000000000000000
@621E 0000000000000000
@621F 0000000000000000
@6220 0000000000000000
@6221 0000000000000000
@6222 0000000000000000
@6223 0000000000000000
@6224 0000000000000000
@6225 0000000000000000
@6226 0000000000000000
@6227 0000000000000000
@6228 0000000000000000
@6229 0000000000000000
@622A 0000000000000000
@622B 0000000000000000
@622C 0000000000000000
@622D -000000000000001
@622E 0000000000000000
@622F 0000000000000000
@6230 0000000000000000
@6231 0000000000000000
@6232 0000000000000000
@6233 0000000000000000
@6234 0000000000000000
@6235 0000000000000000
@6236 -000000000000001
@6237 0000000000000000
@6238 0000000000000001
@6239 0000000000000000
@623A 0000000000000001
@623B 0000000000000000
@623C 0000000000000000
@623D -000000000000001
@623E 0000000000000000
@623F 0000000000000000
@6240 0000000000000000
@6241 0000000000000000
@6242 -000000000000002
@6243 0000000000000000
@6244 0000000000000001
@6245 -000000000000002
@6246 0000000000000000
@6247 0000000000000000
@6248 0000000000000000
@6249 -000000000000001
@624A 0000000000000000
@624B 0000000000000000
@624C 0000000000000000
@624D 0000000000000000
@624E 0000000000000000
@624F 0000000000000000
@6250 0000000000000000
@6251 0000000000000000
@6252 0000000000000000
@6253 0000000000000000
@6254 0000000000000001
@6255 0000000000000000
@6256 0000000000000000
@6257 0000000000000000
@6258 0000000000000001
@6259 0000000000000000
@625A 0000000000000000
@625B 0000000000000000
@625C 0000000000000000
@625D 0000000000000000
@625E 0000000000000000
@625F 0000000000000000
@6260 0000000000000000
@6261 0000000000000000
@6262 -000000000000001
@6263 0000000000000000
@6264 0000000000000000
@6265 0000000000000000
@6266 0000000000000002
@6267 0000000000000000
@6268 -000000000000001
@6269 0000000000000000
@626A 0000000000000000
@626B 0000000000000001
@626C 0000000000000000
@626D 0000000000000000
@626E 0000000000000000
@626F 0000000000000000
@6270 0000000000000000
@6271 0000000000000000
@6272 0000000000000000
@6273 0000000000000001
@6274 0000000000000000
@6275 0000000000000000
@6276 0000000000000000
@6277 0000000000000000
@6278 0000000000000000
@6279 0000000000000000
@627A 0000000000000002
@627B 0000000000000000
@627C 0000000000000000
@627D 0000000000000000
@627E 0000000000000000
@627F 0000000000000000
@6280 0000000000000000
@6281 0000000000000000
@6282 0000000000000000
@6283 0000000000000000
@6284 0000000000000000
@6285 0000000000000000
@6286 0000000000000000
@6287 0000000000000000
@6288 0000000000000000
@6289 0000000000000001
@628A -000000000000001
@628B 0000000000000000
@628C 0000000000000000
@628D 0000000000000000
@628E 0000000000000000
@628F 0000000000000000
@6290 -000000000000001
@6291 0000000000000000
@6292 0000000000000000
@6293 0000000000000000
@6294 0000000000000000
@6295 0000000000000000
@6296 0000000000000000
@6297 0000000000000000
@6298 0000000000000000
@6299 0000000000000000
@629A 0000000000000000
@629B 0000000000000000
@629C 0000000000000001
@629D 0000000000000000
@629E 0000000000000000
@629F 0000000000000000
@62A0 0000000000000000
@62A1 0000000000000000
@62A2 -000000000000001
@62A3 0000000000000000
@62A4 0000000000000000
@62A5 0000000000000000
@62A6 0000000000000000
@62A7 0000000000000000
@62A8 0000000000000000
@62A9 0000000000000000
@62AA 0000000000000001
@62AB 0000000000000000
@62AC 0000000000000000
@62AD 0000000000000000
@62AE 0000000000000000
@62AF 0000000000000000
@62B0 -000000000000001
@62B1 0000000000000003
@62B2 0000000000000000
@62B3 0000000000000000
@62B4 0000000000000000
@62B5 0000000000000000
@62B6 0000000000000001
@62B7 0000000000000000
@62B8 0000000000000000
@62B9 0000000000000000
@62BA 0000000000000000
@62BB 0000000000000000
@62BC 0000000000000000
@62BD 0000000000000000
@62BE 0000000000000000
@62BF 0000000000000000
@62C0 0000000000000000
@62C1 0000000000000000
@62C2 0000000000000000
@62C3 0000000000000000
@62C4 0000000000000000
@62C5 0000000000000000
@62C6 0000000000000000
@62C7 0000000000000000
@62C8 0000000000000000
@62C9 0000000000000000
@62CA 0000000000000000
@62CB 0000000000000001
@62CC 0000000000000000
@62CD 0000000000000000
@62CE 0000000000000000
@62CF 0000000000000000
@62D0 0000000000000000
@62D1 0000000000000000
@62D2 0000000000000000
@62D3 0000000000000001
@62D4 0000000000000000
@62D5 0000000000000000
@62D6 0000000000000000
@62D7 0000000000000000
@62D8 0000000000000000
@62D9 0000000000000000
@62DA 0000000000000000
@62DB 0000000000000000
@62DC 0000000000000000
@62DD 0000000000000000
@62DE 0000000000000000
@62DF 0000000000000000
@62E0 0000000000000000
@62E1 0000000000000000
@62E2 0000000000000000
@62E3 0000000000000000
@62E4 0000000000000000
@62E5 0000000000000000
@62E6 0000000000000000
@62E7 0000000000000000
@62E8 0000000000000000
@62E9 0000000000000000
@62EA 0000000000000000
@62EB 0000000000000000
@62EC 0000000000000000
@62ED -000000000000002
@62EE 0000000000000000
@62EF 0000000000000000
@62F0 0000000000000000
@62F1 0000000000000000
@62F2 0000000000000000
@62F3 0000000000000000
@62F4 0000000000000000
@62F5 0000000000000000
@62F6 -000000000000001
@62F7 0000000000000000
@62F8 0000000000000002
@62F9 0000000000000000
@62FA 0000000000000001
@62FB 0000000000000000
@62FC 0000000000000000
@62FD -000000000000001
@62FE 0000000000000000
@62FF 0000000000000000
@6300 0000000000000000
@6301 0000000000000000
@6302 -000000000000002
@6303 0000000000000000
@6304 0000000000000001
@6305 -000000000000002
@6306 0000000000000000
@6307 0000000000000000
@6308 0000000000000000
@6309 -000000000000001
@630A 0000000000000000
@630B 0000000000000000
@630C 0000000000000000
@630D 0000000000000000
@630E 0000000000000000
@630F 0000000000000000
@6310 0000000000000000
@6311 0000000000000000
@6312 0000000000000000
@6313 0000000000000000
@6314 0000000000000001
@6315 0000000000000000
@6316 0000000000000000
@6317 0000000000000000
@6318 0000000000000001
@6319 0000000000000000
@631A 0000000000000000
@631B 0000000000000000
@631C 0000000000000000
@631D 0000000000000000
@631E 0000000000000000
@631F 0000000000000000
@6320 0000000000000000
@6321 0000000000000000
@6322 -000000000000001
@6323 0000000000000000
@6324 0000000000000000
@6325 0000000000000000
@6326 0000000000000002
@6327 0000000000000000
@6328 -000000000000001
@6329 0000000000000000
@632A 0000000000000000
@632B 0000000000000000
@632C 0000000000000000
@632D 0000000000000000
@632E 0000000000000000
@632F 0000000000000000
@6330 0000000000000000
@6331 0000000000000000
@6332 0000000000000000
@6333 0000000000000001
@6334 0000000000000000
@6335 0000000000000000
@6336 0000000000000000
@6337 0000000000000000
@6338 0000000000000000
@6339 0000000000000000
@633A 0000000000000002
@633B 0000000000000000
@633C 0000000000000000
@633D 0000000000000000
@633E 0000000000000000
@633F 0000000000000000
@6340 0000000000000000
@6341 0000000000000000
@6342 0000000000000000
@6343 0000000000000000
@6344 0000000000000000
@6345 0000000000000000
@6346 0000000000000000
@6347 0000000000000000
@6348 0000000000000000
@6349 0000000000000001
@634A -000000000000001
@634B 0000000000000000
@634C 0000000000000001
@634D 0000000000000000
@634E 0000000000000000
@634F 0000000000000000
@6350 -000000000000001
@6351 0000000000000000
@6352 0000000000000000
@6353 0000000000000000
@6354 0000000000000000
@6355 0000000000000000
@6356 0000000000000000
@6357 0000000000000000
@6358 0000000000000000
@6359 0000000000000000
@635A 0000000000000000
@635B 0000000000000000
@635C 0000000000000002
@635D 0000000000000000
@635E 0000000000000000
@635F 0000000000000000
@6360 0000000000000000
@6361 0000000000000000
@6362 -000000000000001
@6363 0000000000000000
@6364 0000000000000000
@6365 0000000000000000
@6366 0000000000000000
@6367 0000000000000000
@6368 0000000000000000
@6369 0000000000000000
@636A 0000000000000000
@636B 0000000000000000
@636C 0000000000000000
@636D 0000000000000000
@636E 0000000000000000
@636F 0000000000000000
@6370 0000000000000000
@6371 0000000000000003
@6372 0000000000000000
@6373 0000000000000000
@6374 0000000000000000
@6375 0000000000000000
@6376 0000000000000000
@6377 0000000000000000
@6378 0000000000000000
@6379 0000000000000000
@637A 0000000000000000
@637B 0000000000000000
@637C 0000000000000000
@637D 0000000000000000
@637E 0000000000000000
@637F 0000000000000000
@6380 0000000000000000
@6381 0000000000000000
@6382 0000000000000000
@6383 0000000000000000
@6384 0000000000000000
@6385 0000000000000000
@6386 0000000000000000
@6387 0000000000000000
@6388 0000000000000000
@6389 0000000000000000
@638A 0000000000000000
@638B 0000000000000001
@638C 0000000000000000
@638D 0000000000000000
@638E 0000000000000000
@638F 0000000000000000
@6390 0000000000000000
@6391 0000000000000000
@6392 0000000000000000
@6393 0000000000000001
@6394 0000000000000000
@6395 0000000000000000
@6396 0000000000000000
@6397 0000000000000000
@6398 0000000000000000
@6399 0000000000000000
@639A 0000000000000000
@639B 0000000000000000
@639C 0000000000000000
@639D 0000000000000000
@639E 0000000000000000
@639F 0000000000000000
@63A0 0000000000000000
@63A1 -000000000000001
@63A2 0000000000000000
@63A3 0000000000000000
@63A4 0000000000000000
@63A5 0000000000000000
@63A6 0000000000000000
@63A7 0000000000000000
@63A8 0000000000000000
@63A9 0000000000000000
@63AA 0000000000000000
@63AB 0000000000000000
@63AC 0000000000000000
@63AD -000000000000001
@63AE 0000000000000000
@63AF 0000000000000000
@63B0 0000000000000000
@63B1 0000000000000000
@63B2 0000000000000000
@63B3 0000000000000000
@63B4 0000000000000000
@63B5 0000000000000000
@63B6 -000000000000001
@63B7 0000000000000000
@63B8 0000000000000002
@63B9 0000000000000000
@63BA 0000000000000001
@63BB 0000000000000000
@63BC 0000000000000000
@63BD -000000000000001
@63BE 0000000000000000
@63BF 0000000000000000
@63C0 0000000000000000
@63C1 0000000000000000
@63C2 -000000000000001
@63C3 0000000000000000
@63C4 0000000000000001
@63C5 -000000000000002
@63C6 0000000000000000
@63C7 0000000000000000
@63C8 -000000000000001
@63C9 0000000000000000
@63CA 0000000000000000
@63CB 0000000000000000
@63CC 0000000000000000
@63CD 0000000000000000
@63CE 0000000000000000
@63CF 0000000000000000
@63D0 0000000000000000
@63D1 0000000000000000
@63D2 -000000000000001
@63D3 0000000000000000
@63D4 0000000000000001
@63D5 0000000000000000
@63D6 0000000000000000
@63D7 0000000000000000
@63D8 0000000000000001
@63D9 0000000000000000
@63DA 0000000000000000
@63DB 0000000000000000
@63DC 0000000000000001
@63DD -000000000000001
@63DE 0000000000000000
@63DF 0000000000000001
@63E0 0000000000000001
@63E1 0000000000000000
@63E2 -000000000000002
@63E3 0000000000000000
@63E4 0000000000000000
@63E5 0000000000000002
@63E6 0000000000000002
@63E7 0000000000000000
@63E8 -000000000000002
@63E9 0000000000000000
@63EA 0000000000000000
@63EB 0000000000000000
@63EC -000000000000001
@63ED 0000000000000000
@63EE -000000000000001
@63EF 0000000000000000
@63F0 0000000000000000
@63F1 0000000000000001
@63F2 0000000000000000
@63F3 0000000000000001
@63F4 0000000000000000
@63F5 0000000000000000
@63F6 0000000000000000
@63F7 0000000000000000
@63F8 0000000000000000
@63F9 0000000000000000
@63FA 0000000000000001
@63FB 0000000000000000
@63FC 0000000000000000
@63FD 0000000000000000
@63FE 0000000000000000
@63FF 0000000000000000
@6400 0000000000000000
@6401 0000000000000000
@6402 0000000000000000
@6403 -000000000000001
@6404 -000000000000001
@6405 0000000000000000
@6406 0000000000000000
@6407 0000000000000000
@6408 0000000000000000
@6409 0000000000000001
@640A 0000000000000000
@640B 0000000000000000
@640C 0000000000000000
@640D -000000000000001
@640E 0000000000000000
@640F 0000000000000000
@6410 -000000000000001
@6411 0000000000000000
@6412 0000000000000001
@6413 0000000000000000
@6414 0000000000000000
@6415 0000000000000000
@6416 0000000000000000
@6417 -000000000000001
@6418 0000000000000000
@6419 -000000000000001
@641A 0000000000000000
@641B 0000000000000000
@641C 0000000000000002
@641D 0000000000000000
@641E 0000000000000000
@641F 0000000000000000
@6420 0000000000000000
@6421 0000000000000000
@6422 -000000000000002
@6423 0000000000000000
@6424 0000000000000000
@6425 0000000000000000
@6426 0000000000000000
@6427 0000000000000000
@6428 0000000000000000
@6429 -000000000000001
@642A 0000000000000000
@642B 0000000000000000
@642C 0000000000000000
@642D 0000000000000000
@642E -000000000000001
@642F 0000000000000000
@6430 0000000000000000
@6431 0000000000000002
@6432 0000000000000000
@6433 0000000000000000
@6434 0000000000000000
@6435 0000000000000000
@6436 0000000000000000
@6437 0000000000000001
@6438 0000000000000000
@6439 0000000000000000
@643A 0000000000000000
@643B 0000000000000000
@643C 0000000000000000
@643D -000000000000001
@643E 0000000000000001
@643F 0000000000000000
@6440 0000000000000000
@6441 0000000000000000
@6442 0000000000000001
@6443 0000000000000000
@6444 0000000000000000
@6445 0000000000000000
@6446 0000000000000000
@6447 0000000000000000
@6448 0000000000000000
@6449 0000000000000000
@644A 0000000000000000
@644B 0000000000000002
@644C -000000000000001
@644D -000000000000001
@644E -000000000000001
@644F 0000000000000000
@6450 -000000000000001
@6451 0000000000000000
@6452 0000000000000000
@6453 0000000000000001
@6454 0000000000000000
@6455 0000000000000000
@6456 0000000000000000
@6457 0000000000000000
@6458 0000000000000000
@6459 0000000000000000
@645A 0000000000000000
@645B 0000000000000000
@645C 0000000000000001
@645D 0000000000000000
@645E 0000000000000000
@645F 0000000000000000
@6460 0000000000000000
@6461 -000000000000001
@6462 0000000000000000
@6463 0000000000000000
@6464 0000000000000000
@6465 0000000000000000
@6466 -000000000000001
@6467 0000000000000000
@6468 -000000000000001
@6469 0000000000000001
@646A 0000000000000000
@646B 0000000000000000
@646C 0000000000000000
@646D -000000000000001
@646E 0000000000000000
@646F 0000000000000001
@6470 0000000000000001
@6471 0000000000000000
@6472 0000000000000000
@6473 0000000000000000
@6474 0000000000000001
@6475 0000000000000000
@6476 0000000000000000
@6477 0000000000000000
@6478 0000000000000002
@6479 0000000000000001
@647A 0000000000000000
@647B 0000000000000002
@647C 0000000000000000
@647D -000000000000001
@647E 0000000000000001
@647F 0000000000000001
@6480 0000000000000000
@6481 0000000000000000
@6482 -000000000000002
@6483 0000000000000000
@6484 0000000000000001
@6485 -000000000000001
@6486 0000000000000000
@6487 0000000000000001
@6488 0000000000000000
@6489 0000000000000000
@648A 0000000000000000
@648B 0000000000000000
@648C 0000000000000000
@648D 0000000000000000
@648E 0000000000000000
@648F 0000000000000000
@6490 0000000000000000
@6491 0000000000000000
@6492 0000000000000000
@6493 0000000000000001
@6494 0000000000000000
@6495 -000000000000001
@6496 0000000000000000
@6497 0000000000000001
@6498 0000000000000000
@6499 -000000000000001
@649A 0000000000000000
@649B 0000000000000000
@649C 0000000000000001
@649D 0000000000000000
@649E 0000000000000000
@649F 0000000000000000
@64A0 0000000000000000
@64A1 0000000000000000
@64A2 -000000000000002
@64A3 0000000000000000
@64A4 0000000000000000
@64A5 0000000000000000
@64A6 0000000000000002
@64A7 0000000000000000
@64A8 -000000000000001
@64A9 0000000000000000
@64AA 0000000000000000
@64AB 0000000000000001
@64AC -000000000000001
@64AD 0000000000000000
@64AE 0000000000000000
@64AF 0000000000000001
@64B0 0000000000000000
@64B1 0000000000000001
@64B2 -000000000000001
@64B3 0000000000000001
@64B4 0000000000000001
@64B5 0000000000000000
@64B6 0000000000000000
@64B7 -000000000000001
@64B8 0000000000000000
@64B9 -000000000000001
@64BA 0000000000000001
@64BB 0000000000000000
@64BC 0000000000000000
@64BD 0000000000000000
@64BE 0000000000000000
@64BF 0000000000000000
@64C0 -000000000000001
@64C1 0000000000000000
@64C2 0000000000000000
@64C3 0000000000000000
@64C4 0000000000000001
@64C5 -000000000000001
@64C6 0000000000000001
@64C7 0000000000000000
@64C8 0000000000000000
@64C9 0000000000000001
@64CA 0000000000000000
@64CB 0000000000000000
@64CC 0000000000000002
@64CD 0000000000000000
@64CE 0000000000000000
@64CF 0000000000000001
@64D0 0000000000000000
@64D1 0000000000000000
@64D2 -000000000000001
@64D3 0000000000000000
@64D4 0000000000000000
@64D5 0000000000000000
@64D6 0000000000000000
@64D7 0000000000000000
@64D8 0000000000000000
@64D9 0000000000000000
@64DA 0000000000000000
@64DB -000000000000001
@64DC 0000000000000001
@64DD 0000000000000000
@64DE 0000000000000001
@64DF 0000000000000000
@64E0 -000000000000001
@64E1 0000000000000001
@64E2 -000000000000002
@64E3 0000000000000000
@64E4 -000000000000001
@64E5 -000000000000001
@64E6 0000000000000000
@64E7 0000000000000000
@64E8 0000000000000000
@64E9 0000000000000000
@64EA 0000000000000001
@64EB 0000000000000000
@64EC 0000000000000001
@64ED 0000000000000002
@64EE 0000000000000000
@64EF 0000000000000000
@64F0 -000000000000001
@64F1 0000000000000001
@64F2 0000000000000001
@64F3 0000000000000000
@64F4 0000000000000000
@64F5 0000000000000000
@64F6 0000000000000000
@64F7 0000000000000001
@64F8 0000000000000000
@64F9 -000000000000001
@64FA 0000000000000000
@64FB 0000000000000000
@64FC 0000000000000001
@64FD -000000000000001
@64FE 0000000000000000
@64FF 0000000000000000
@6500 0000000000000000
@6501 0000000000000000
@6502 0000000000000001
@6503 0000000000000000
@6504 0000000000000000
@6505 -000000000000002
@6506 0000000000000000
@6507 0000000000000000
@6508 -000000000000001
@6509 0000000000000001
@650A 0000000000000000
@650B 0000000000000002
@650C 0000000000000000
@650D 0000000000000000
@650E 0000000000000000
@650F 0000000000000000
@6510 0000000000000000
@6511 0000000000000000
@6512 0000000000000000
@6513 0000000000000001
@6514 0000000000000001
@6515 0000000000000000
@6516 0000000000000000
@6517 -000000000000001
@6518 0000000000000000
@6519 0000000000000002
@651A 0000000000000000
@651B 0000000000000000
@651C 0000000000000001
@651D 0000000000000000
@651E 0000000000000000
@651F -000000000000001
@6520 0000000000000000
@6521 -000000000000002
@6522 -000000000000002
@6523 0000000000000000
@6524 0000000000000000
@6525 0000000000000000
@6526 0000000000000000
@6527 0000000000000001
@6528 0000000000000000
@6529 0000000000000000
@652A 0000000000000000
@652B 0000000000000000
@652C 0000000000000000
@652D 0000000000000000
@652E 0000000000000000
@652F 0000000000000000
@6530 0000000000000000
@6531 0000000000000000
@6532 -000000000000001
@6533 0000000000000000
@6534 0000000000000000
@6535 0000000000000001
@6536 0000000000000000
@6537 0000000000000000
@6538 0000000000000001
@6539 0000000000000000
@653A -000000000000001
@653B 0000000000000000
@653C 0000000000000002
@653D -000000000000001
@653E -000000000000001
@653F 0000000000000001
@6540 0000000000000000
@6541 0000000000000000
@6542 -000000000000002
@6543 0000000000000000
@6544 0000000000000001
@6545 -000000000000002
@6546 0000000000000000
@6547 0000000000000001
@6548 0000000000000000
@6549 -000000000000001
@654A 0000000000000001
@654B 0000000000000000
@654C 0000000000000000
@654D 0000000000000000
@654E 0000000000000000
@654F 0000000000000000
@6550 0000000000000000
@6551 0000000000000000
@6552 0000000000000000
@6553 0000000000000000
@6554 0000000000000000
@6555 -000000000000001
@6556 0000000000000000
@6557 0000000000000000
@6558 0000000000000000
@6559 0000000000000000
@655A 0000000000000000
@655B 0000000000000000
@655C 0000000000000000
@655D 0000000000000000
@655E 0000000000000000
@655F 0000000000000000
@6560 0000000000000000
@6561 0000000000000000
@6562 -000000000000001
@6563 0000000000000000
@6564 0000000000000000
@6565 0000000000000000
@6566 0000000000000002
@6567 0000000000000000
@6568 -000000000000001
@6569 0000000000000000
@656A 0000000000000000
@656B 0000000000000000
@656C 0000000000000000
@656D 0000000000000000
@656E 0000000000000000
@656F 0000000000000000
@6570 0000000000000000
@6571 0000000000000001
@6572 0000000000000000
@6573 0000000000000001
@6574 0000000000000000
@6575 0000000000000000
@6576 0000000000000000
@6577 0000000000000000
@6578 0000000000000000
@6579 -000000000000001
@657A 0000000000000001
@657B 0000000000000000
@657C 0000000000000000
@657D 0000000000000000
@657E 0000000000000000
@657F 0000000000000000
@6580 0000000000000000
@6581 0000000000000000
@6582 0000000000000001
@6583 0000000000000000
@6584 0000000000000000
@6585 0000000000000000
@6586 0000000000000000
@6587 0000000000000001
@6588 0000000000000000
@6589 0000000000000001
@658A -000000000000002
@658B 0000000000000000
@658C 0000000000000002
@658D -000000000000001
@658E 0000000000000000
@658F 0000000000000000
@6590 0000000000000000
@6591 0000000000000000
@6592 -000000000000001
@6593 0000000000000000
@6594 -000000000000001
@6595 0000000000000000
@6596 0000000000000000
@6597 0000000000000000
@6598 0000000000000000
@6599 0000000000000000
@659A 0000000000000000
@659B 0000000000000000
@659C 0000000000000000
@659D 0000000000000000
@659E 0000000000000000
@659F 0000000000000000
@65A0 0000000000000000
@65A1 0000000000000001
@65A2 0000000000000000
@65A3 0000000000000000
@65A4 -000000000000001
@65A5 0000000000000000
@65A6 0000000000000000
@65A7 0000000000000000
@65A8 0000000000000000
@65A9 0000000000000000
@65AA 0000000000000000
@65AB 0000000000000000
@65AC 0000000000000000
@65AD 0000000000000000
@65AE 0000000000000000
@65AF 0000000000000000
@65B0 0000000000000000
@65B1 0000000000000003
@65B2 0000000000000000
@65B3 0000000000000000
@65B4 0000000000000000
@65B5 0000000000000000
@65B6 0000000000000000
@65B7 0000000000000001
@65B8 0000000000000000
@65B9 0000000000000000
@65BA 0000000000000000
@65BB 0000000000000000
@65BC 0000000000000000
@65BD 0000000000000000
@65BE -000000000000001
@65BF 0000000000000000
@65C0 0000000000000001
@65C1 0000000000000000
@65C2 0000000000000001
@65C3 0000000000000000
@65C4 0000000000000000
@65C5 -000000000000001
@65C6 0000000000000000
@65C7 0000000000000000
@65C8 0000000000000000
@65C9 0000000000000000
@65CA 0000000000000000
@65CB 0000000000000002
@65CC 0000000000000000
@65CD 0000000000000000
@65CE 0000000000000000
@65CF 0000000000000000
@65D0 0000000000000000
@65D1 0000000000000000
@65D2 0000000000000000
@65D3 0000000000000001
@65D4 0000000000000000
@65D5 0000000000000000
@65D6 0000000000000000
@65D7 0000000000000000
@65D8 0000000000000000
@65D9 0000000000000000
@65DA 0000000000000001
@65DB 0000000000000000
@65DC 0000000000000000
@65DD 0000000000000000
@65DE 0000000000000000
@65DF 0000000000000000
@65E0 0000000000000000
@65E1 -000000000000003
@65E2 0000000000000000
@65E3 0000000000000000
@65E4 0000000000000000
@65E5 0000000000000000
@65E6 0000000000000000
@65E7 0000000000000000
@65E8 0000000000000000
@65E9 0000000000000000
@65EA 0000000000000000
@65EB 0000000000000000
@65EC 0000000000000000
@65ED 0000000000000000
@65EE 0000000000000000
@65EF 0000000000000000
@65F0 0000000000000000
@65F1 0000000000000000
@65F2 0000000000000000
@65F3 0000000000000000
@65F4 0000000000000000
@65F5 -000000000000001
@65F6 -000000000000001
@65F7 0000000000000000
@65F8 0000000000000000
@65F9 0000000000000000
@65FA 0000000000000000
@65FB 0000000000000000
@65FC 0000000000000001
@65FD 0000000000000000
@65FE 0000000000000000
@65FF 0000000000000000
@6600 0000000000000000
@6601 0000000000000000
@6602 -000000000000001
@6603 0000000000000000
@6604 0000000000000001
@6605 -000000000000001
@6606 0000000000000000
@6607 0000000000000000
@6608 0000000000000000
@6609 0000000000000000
@660A 0000000000000000
@660B 0000000000000000
@660C 0000000000000000
@660D 0000000000000000
@660E 0000000000000000
@660F 0000000000000000
@6610 0000000000000000
@6611 0000000000000000
@6612 0000000000000000
@6613 0000000000000000
@6614 0000000000000000
@6615 0000000000000000
@6616 0000000000000000
@6617 0000000000000001
@6618 0000000000000001
@6619 0000000000000000
@661A 0000000000000000
@661B 0000000000000000
@661C 0000000000000000
@661D 0000000000000000
@661E 0000000000000000
@661F 0000000000000000
@6620 0000000000000000
@6621 0000000000000001
@6622 -000000000000002
@6623 0000000000000000
@6624 0000000000000000
@6625 0000000000000000
@6626 0000000000000003
@6627 0000000000000000
@6628 -000000000000001
@6629 0000000000000000
@662A 0000000000000000
@662B 0000000000000000
@662C 0000000000000000
@662D 0000000000000000
@662E 0000000000000000
@662F 0000000000000000
@6630 0000000000000000
@6631 0000000000000000
@6632 0000000000000000
@6633 0000000000000001
@6634 0000000000000000
@6635 0000000000000000
@6636 0000000000000000
@6637 0000000000000000
@6638 0000000000000000
@6639 -000000000000001
@663A 0000000000000001
@663B 0000000000000000
@663C 0000000000000000
@663D 0000000000000000
@663E 0000000000000000
@663F 0000000000000000
@6640 0000000000000000
@6641 0000000000000000
@6642 0000000000000001
@6643 0000000000000000
@6644 0000000000000000
@6645 0000000000000000
@6646 0000000000000000
@6647 0000000000000000
@6648 0000000000000000
@6649 0000000000000001
@664A 0000000000000000
@664B 0000000000000000
@664C 0000000000000001
@664D 0000000000000000
@664E 0000000000000000
@664F 0000000000000000
@6650 0000000000000000
@6651 0000000000000000
@6652 -000000000000001
@6653 0000000000000000
@6654 0000000000000000
@6655 0000000000000000
@6656 0000000000000000
@6657 0000000000000000
@6658 0000000000000000
@6659 0000000000000000
@665A 0000000000000000
@665B 0000000000000000
@665C 0000000000000001
@665D 0000000000000000
@665E 0000000000000000
@665F 0000000000000000
@6660 0000000000000000
@6661 0000000000000000
@6662 -000000000000001
@6663 0000000000000000
@6664 0000000000000000
@6665 0000000000000000
@6666 0000000000000000
@6667 0000000000000000
@6668 0000000000000000
@6669 0000000000000000
@666A 0000000000000000
@666B 0000000000000000
@666C 0000000000000000
@666D 0000000000000000
@666E 0000000000000000
@666F 0000000000000000
@6670 -000000000000001
@6671 0000000000000003
@6672 0000000000000000
@6673 0000000000000000
@6674 0000000000000000
@6675 0000000000000000
@6676 0000000000000000
@6677 0000000000000001
@6678 -000000000000001
@6679 0000000000000000
@667A 0000000000000000
@667B 0000000000000000
@667C 0000000000000000
@667D -000000000000001
@667E 0000000000000000
@667F 0000000000000000
@6680 0000000000000000
@6681 0000000000000000
@6682 0000000000000000
@6683 0000000000000000
@6684 0000000000000000
@6685 -000000000000001
@6686 0000000000000000
@6687 0000000000000000
@6688 0000000000000000
@6689 0000000000000001
@668A 0000000000000000
@668B 0000000000000003
@668C 0000000000000001
@668D 0000000000000000
@668E 0000000000000000
@668F 0000000000000000
@6690 0000000000000000
@6691 0000000000000001
@6692 0000000000000000
@6693 0000000000000001
@6694 0000000000000000
@6695 0000000000000000
@6696 0000000000000000
@6697 -000000000000001
@6698 0000000000000000
@6699 0000000000000000
@669A 0000000000000000
@669B 0000000000000000
@669C 0000000000000000
@669D 0000000000000000
@669E 0000000000000000
@669F 0000000000000000
@66A0 0000000000000000
@66A1 -000000000000001
@66A2 0000000000000000
@66A3 0000000000000000
@66A4 0000000000000000
@66A5 0000000000000000
@66A6 0000000000000000
@66A7 0000000000000000
@66A8 0000000000000000
@66A9 0000000000000000
@66AA -000000000000001
@66AB 0000000000000000
@66AC 0000000000000000
@66AD -000000000000001
@66AE 0000000000000000
@66AF 0000000000000000
@66B0 0000000000000000
@66B1 0000000000000000
@66B2 0000000000000000
@66B3 0000000000000000
@66B4 0000000000000000
@66B5 0000000000000000
@66B6 0000000000000000
@66B7 0000000000000000
@66B8 0000000000000000
@66B9 0000000000000001
@66BA -000000000000002
@66BB 0000000000000000
@66BC 0000000000000000
@66BD -000000000000001
@66BE 0000000000000000
@66BF 0000000000000000
@66C0 0000000000000000
@66C1 0000000000000000
@66C2 -000000000000002
@66C3 0000000000000000
@66C4 0000000000000001
@66C5 -000000000000001
@66C6 -000000000000002
@66C7 0000000000000001
@66C8 -000000000000001
@66C9 0000000000000000
@66CA 0000000000000000
@66CB 0000000000000000
@66CC 0000000000000000
@66CD 0000000000000000
@66CE 0000000000000000
@66CF -000000000000001
@66D0 -000000000000001
@66D1 0000000000000000
@66D2 0000000000000000
@66D3 0000000000000000
@66D4 0000000000000000
@66D5 0000000000000000
@66D6 0000000000000000
@66D7 0000000000000000
@66D8 0000000000000000
@66D9 0000000000000000
@66DA 0000000000000000
@66DB 0000000000000000
@66DC 0000000000000000
@66DD 0000000000000000
@66DE 0000000000000000
@66DF 0000000000000001
@66E0 0000000000000000
@66E1 -000000000000001
@66E2 -000000000000001
@66E3 -000000000000002
@66E4 0000000000000000
@66E5 0000000000000000
@66E6 0000000000000002
@66E7 0000000000000000
@66E8 -000000000000001
@66E9 0000000000000000
@66EA 0000000000000000
@66EB 0000000000000002
@66EC 0000000000000002
@66ED 0000000000000000
@66EE -000000000000001
@66EF 0000000000000000
@66F0 0000000000000000
@66F1 0000000000000001
@66F2 0000000000000000
@66F3 0000000000000000
@66F4 0000000000000000
@66F5 0000000000000000
@66F6 0000000000000001
@66F7 0000000000000000
@66F8 0000000000000000
@66F9 0000000000000003
@66FA 0000000000000002
@66FB 0000000000000000
@66FC 0000000000000000
@66FD 0000000000000000
@66FE 0000000000000000
@66FF -000000000000001
@6700 0000000000000001
@6701 0000000000000000
@6702 0000000000000000
@6703 0000000000000001
@6704 0000000000000000
@6705 0000000000000000
@6706 0000000000000000
@6707 0000000000000000
@6708 0000000000000000
@6709 0000000000000001
@670A -000000000000001
@670B 0000000000000000
@670C 0000000000000001
@670D 0000000000000000
@670E 0000000000000001
@670F 0000000000000000
@6710 -000000000000002
@6711 0000000000000000
@6712 -000000000000001
@6713 0000000000000001
@6714 0000000000000000
@6715 0000000000000000
@6716 -000000000000003
@6717 0000000000000000
@6718 0000000000000000
@6719 -000000000000001
@671A 0000000000000000
@671B 0000000000000000
@671C 0000000000000000
@671D 0000000000000000
@671E -000000000000002
@671F 0000000000000000
@6720 0000000000000000
@6721 0000000000000001
@6722 0000000000000000
@6723 0000000000000000
@6724 0000000000000000
@6725 0000000000000001
@6726 0000000000000000
@6727 0000000000000000
@6728 0000000000000000
@6729 0000000000000000
@672A 0000000000000000
@672B 0000000000000000
@672C 0000000000000000
@672D 0000000000000000
@672E 0000000000000000
@672F 0000000000000000
@6730 -000000000000001
@6731 0000000000000003
@6732 0000000000000000
@6733 0000000000000000
@6734 0000000000000001
@6735 0000000000000000
@6736 0000000000000000
@6737 0000000000000000
@6738 0000000000000000
@6739 0000000000000001
@673A 0000000000000002
@673B 0000000000000000
@673C 0000000000000002
@673D 0000000000000000
@673E -000000000000004
@673F 0000000000000000
@6740 0000000000000000
@6741 0000000000000000
@6742 0000000000000001
@6743 0000000000000000
@6744 0000000000000001
@6745 -000000000000001
@6746 0000000000000000
@6747 0000000000000000
@6748 0000000000000000
@6749 0000000000000000
@674A 0000000000000000
@674B 0000000000000000
@674C 0000000000000001
@674D 0000000000000000
@674E 0000000000000000
@674F -000000000000001
@6750 0000000000000000
@6751 0000000000000000
@6752 0000000000000000
@6753 0000000000000001
@6754 -000000000000001
@6755 0000000000000000
@6756 0000000000000000
@6757 0000000000000001
@6758 -000000000000001
@6759 0000000000000000
@675A 0000000000000000
@675B 0000000000000000
@675C 0000000000000000
@675D 0000000000000000
@675E 0000000000000000
@675F 0000000000000000
@6760 0000000000000002
@6761 -000000000000002
@6762 -000000000000001
@6763 0000000000000000
@6764 0000000000000000
@6765 0000000000000000
@6766 -000000000000003
@6767 0000000000000000
@6768 0000000000000002
@6769 0000000000000000
@676A 0000000000000000
@676B 0000000000000000
@676C 0000000000000000
@676D -000000000000001
@676E 0000000000000000
@676F 0000000000000000
@6770 -000000000000001
@6771 0000000000000000
@6772 -000000000000001
@6773 0000000000000000
@6774 0000000000000000
@6775 -000000000000002
@6776 0000000000000000
@6777 0000000000000000
@6778 0000000000000000
@6779 0000000000000000
@677A 0000000000000000
@677B 0000000000000000
@677C 0000000000000000
@677D -000000000000001
@677E 0000000000000001
@677F 0000000000000000
@6780 0000000000000000
@6781 0000000000000000
@6782 0000000000000000
@6783 0000000000000000
@6784 0000000000000001
@6785 -000000000000001
@6786 0000000000000002
@6787 -000000000000001
@6788 0000000000000001
@6789 0000000000000000
@678A 0000000000000001
@678B -000000000000002
@678C -000000000000001
@678D 0000000000000000
@678E 0000000000000000
@678F 0000000000000000
@6790 0000000000000001
@6791 0000000000000001
@6792 0000000000000001
@6793 0000000000000000
@6794 0000000000000000
@6795 -000000000000001
@6796 0000000000000000
@6797 0000000000000001
@6798 0000000000000001
@6799 -000000000000001
@679A -000000000000001
@679B 0000000000000000
@679C 0000000000000000
@679D 0000000000000000
@679E -000000000000002
@679F 0000000000000000
@67A0 0000000000000000
@67A1 0000000000000001
@67A2 -000000000000003
@67A3 0000000000000001
@67A4 -000000000000001
@67A5 0000000000000001
@67A6 0000000000000003
@67A7 0000000000000000
@67A8 -000000000000001
@67A9 0000000000000000
@67AA -000000000000002
@67AB -000000000000002
@67AC -000000000000003
@67AD 0000000000000001
@67AE 0000000000000000
@67AF 0000000000000000
@67B0 0000000000000000
@67B1 -000000000000001
@67B2 -000000000000001
@67B3 0000000000000000
@67B4 0000000000000000
@67B5 -000000000000001
@67B6 0000000000000002
@67B7 -000000000000001
@67B8 0000000000000000
@67B9 0000000000000000
@67BA 0000000000000001
@67BB 0000000000000001
@67BC -000000000000002
@67BD -000000000000001
@67BE 0000000000000000
@67BF 0000000000000002
@67C0 0000000000000000
@67C1 0000000000000001
@67C2 0000000000000002
@67C3 -000000000000001
@67C4 0000000000000000
@67C5 0000000000000000
@67C6 0000000000000000
@67C7 0000000000000000
@67C8 0000000000000000
@67C9 0000000000000000
@67CA -000000000000001
@67CB 0000000000000000
@67CC 0000000000000001
@67CD 0000000000000000
@67CE 0000000000000000
@67CF 0000000000000000
@67D0 0000000000000000
@67D1 0000000000000000
@67D2 0000000000000000
@67D3 -000000000000002
@67D4 0000000000000000
@67D5 0000000000000000
@67D6 0000000000000004
@67D7 0000000000000000
@67D8 0000000000000001
@67D9 0000000000000000
@67DA 0000000000000000
@67DB 0000000000000000
@67DC 0000000000000003
@67DD -000000000000001
@67DE 0000000000000000
@67DF 0000000000000000
@67E0 0000000000000001
@67E1 0000000000000000
@67E2 0000000000000000
@67E3 0000000000000000
@67E4 0000000000000000
@67E5 -000000000000002
@67E6 0000000000000000
@67E7 0000000000000000
@67E8 0000000000000000
@67E9 0000000000000000
@67EA 0000000000000000
@67EB 0000000000000000
@67EC 0000000000000000
@67ED 0000000000000000
@67EE 0000000000000000
@67EF 0000000000000001
@67F0 0000000000000000
@67F1 0000000000000001
@67F2 0000000000000000
@67F3 0000000000000000
@67F4 0000000000000000
@67F5 0000000000000000
@67F6 0000000000000000
@67F7 0000000000000001
@67F8 0000000000000000
@67F9 -000000000000001
@67FA -000000000000001
@67FB 0000000000000000
@67FC -000000000000002
@67FD -000000000000006
@67FE 0000000000000001
@67FF 0000000000000000
@6800 0000000000000001
@6801 0000000000000000
@6802 -000000000000002
@6803 0000000000000000
@6804 0000000000000000
@6805 0000000000000002
@6806 -000000000000002
@6807 -000000000000002
@6808 0000000000000001
@6809 0000000000000001
@680A 0000000000000000
@680B 0000000000000003
@680C 0000000000000002
@680D 0000000000000000
@680E -000000000000002
@680F 0000000000000000
@6810 0000000000000000
@6811 0000000000000002
@6812 0000000000000000
@6813 0000000000000000
@6814 0000000000000001
@6815 0000000000000001
@6816 0000000000000000
@6817 -000000000000001
@6818 -000000000000001
@6819 0000000000000001
@681A 0000000000000000
@681B 0000000000000000
@681C 0000000000000001
@681D 0000000000000000
@681E 0000000000000000
@681F 0000000000000001
@6820 0000000000000000
@6821 0000000000000000
@6822 0000000000000001
@6823 0000000000000000
@6824 0000000000000000
@6825 0000000000000000
@6826 0000000000000001
@6827 0000000000000000
@6828 0000000000000000
@6829 0000000000000000
@682A 0000000000000000
@682B 0000000000000000
@682C 0000000000000000
@682D -000000000000003
@682E 0000000000000000
@682F -000000000000002
@6830 0000000000000001
@6831 0000000000000000
@6832 0000000000000001
@6833 0000000000000000
@6834 -000000000000001
@6835 0000000000000001
@6836 0000000000000000
@6837 0000000000000000
@6838 -000000000000002
@6839 0000000000000000
@683A -000000000000003
@683B 0000000000000002
@683C 0000000000000000
@683D -000000000000001
@683E 0000000000000000
@683F 0000000000000000
@6840 0000000000000000
@6841 0000000000000000
@6842 -000000000000001
@6843 0000000000000000
@6844 0000000000000001
@6845 -000000000000002
@6846 0000000000000000
@6847 0000000000000000
@6848 0000000000000000
@6849 -000000000000001
@684A 0000000000000000
@684B 0000000000000000
@684C 0000000000000000
@684D 0000000000000000
@684E 0000000000000000
@684F 0000000000000000
@6850 0000000000000000
@6851 0000000000000000
@6852 0000000000000000
@6853 0000000000000000
@6854 0000000000000001
@6855 0000000000000000
@6856 0000000000000000
@6857 0000000000000000
@6858 0000000000000000
@6859 0000000000000000
@685A 0000000000000000
@685B 0000000000000000
@685C 0000000000000000
@685D -000000000000001
@685E 0000000000000000
@685F 0000000000000000
@6860 0000000000000000
@6861 0000000000000000
@6862 -000000000000002
@6863 0000000000000000
@6864 0000000000000000
@6865 0000000000000000
@6866 0000000000000002
@6867 0000000000000000
@6868 -000000000000001
@6869 0000000000000000
@686A 0000000000000000
@686B 0000000000000000
@686C 0000000000000000
@686D 0000000000000000
@686E 0000000000000000
@686F 0000000000000000
@6870 0000000000000000
@6871 0000000000000000
@6872 0000000000000000
@6873 0000000000000000
@6874 0000000000000000
@6875 0000000000000000
@6876 0000000000000000
@6877 0000000000000000
@6878 0000000000000000
@6879 0000000000000004
@687A 0000000000000002
@687B 0000000000000000
@687C -000000000000002
@687D 0000000000000000
@687E 0000000000000000
@687F 0000000000000000
@6880 0000000000000000
@6881 0000000000000000
@6882 0000000000000001
@6883 0000000000000000
@6884 0000000000000000
@6885 0000000000000000
@6886 0000000000000000
@6887 0000000000000000
@6888 0000000000000000
@6889 0000000000000001
@688A -000000000000002
@688B 0000000000000000
@688C 0000000000000002
@688D 0000000000000000
@688E 0000000000000000
@688F 0000000000000000
@6890 -000000000000002
@6891 0000000000000000
@6892 0000000000000001
@6893 0000000000000000
@6894 0000000000000000
@6895 0000000000000000
@6896 0000000000000000
@6897 0000000000000000
@6898 0000000000000000
@6899 0000000000000000
@689A 0000000000000000
@689B 0000000000000000
@689C 0000000000000002
@689D 0000000000000000
@689E 0000000000000000
@689F 0000000000000000
@68A0 0000000000000000
@68A1 0000000000000000
@68A2 0000000000000000
@68A3 0000000000000000
@68A4 -000000000000002
@68A5 0000000000000000
@68A6 0000000000000000
@68A7 0000000000000000
@68A8 0000000000000000
@68A9 0000000000000000
@68AA 0000000000000000
@68AB 0000000000000000
@68AC 0000000000000000
@68AD 0000000000000000
@68AE 0000000000000000
@68AF 0000000000000000
@68B0 0000000000000000
@68B1 0000000000000002
@68B2 0000000000000000
@68B3 0000000000000000
@68B4 0000000000000001
@68B5 0000000000000000
@68B6 0000000000000000
@68B7 0000000000000000
@68B8 0000000000000000
@68B9 0000000000000000
@68BA 0000000000000000
@68BB 0000000000000000
@68BC 0000000000000000
@68BD -000000000000001
@68BE 0000000000000000
@68BF 0000000000000000
@68C0 0000000000000000
@68C1 0000000000000000
@68C2 0000000000000000
@68C3 0000000000000000
@68C4 0000000000000000
@68C5 0000000000000000
@68C6 0000000000000000
@68C7 0000000000000000
@68C8 -000000000000001
@68C9 0000000000000000
@68CA 0000000000000000
@68CB 0000000000000001
@68CC 0000000000000000
@68CD 0000000000000000
@68CE 0000000000000000
@68CF 0000000000000000
@68D0 0000000000000000
@68D1 0000000000000000
@68D2 0000000000000000
@68D3 0000000000000000
@68D4 0000000000000000
@68D5 0000000000000000
@68D6 0000000000000000
@68D7 0000000000000000
@68D8 -000000000000001
@68D9 0000000000000000
@68DA 0000000000000000
@68DB -000000000000001
@68DC 0000000000000000
@68DD 0000000000000000
@68DE 0000000000000000
@68DF 0000000000000000
@68E0 0000000000000000
@68E1 0000000000000000
@68E2 0000000000000000
@68E3 -000000000000001
@68E4 0000000000000000
@68E5 0000000000000000
@68E6 0000000000000000
@68E7 0000000000000000
@68E8 0000000000000001
@68E9 0000000000000000
@68EA 0000000000000000
@68EB 0000000000000000
@68EC 0000000000000000
@68ED -000000000000002
@68EE 0000000000000000
@68EF 0000000000000000
@68F0 0000000000000000
@68F1 0000000000000000
@68F2 0000000000000000
@68F3 0000000000000000
@68F4 0000000000000000
@68F5 0000000000000000
@68F6 0000000000000000
@68F7 -000000000000001
@68F8 0000000000000000
@68F9 0000000000000000
@68FA 0000000000000001
@68FB 0000000000000000
@68FC 0000000000000000
@68FD -000000000000001
@68FE 0000000000000000
@68FF 0000000000000000
@6900 0000000000000000
@6901 0000000000000000
@6902 -000000000000002
@6903 0000000000000000
@6904 0000000000000001
@6905 -000000000000002
@6906 0000000000000000
@6907 0000000000000000
@6908 0000000000000000
@6909 -000000000000001
@690A 0000000000000000
@690B 0000000000000000
@690C 0000000000000000
@690D 0000000000000000
@690E 0000000000000000
@690F 0000000000000000
@6910 0000000000000000
@6911 0000000000000000
@6912 0000000000000000
@6913 0000000000000000
@6914 0000000000000001
@6915 0000000000000000
@6916 0000000000000000
@6917 0000000000000000
@6918 0000000000000001
@6919 0000000000000000
@691A 0000000000000000
@691B 0000000000000000
@691C 0000000000000000
@691D 0000000000000000
@691E 0000000000000000
@691F 0000000000000000
@6920 0000000000000000
@6921 0000000000000000
@6922 -000000000000001
@6923 0000000000000000
@6924 0000000000000000
@6925 0000000000000000
@6926 0000000000000002
@6927 0000000000000000
@6928 -000000000000001
@6929 0000000000000000
@692A 0000000000000000
@692B 0000000000000000
@692C 0000000000000000
@692D 0000000000000000
@692E 0000000000000000
@692F 0000000000000000
@6930 0000000000000000
@6931 0000000000000000
@6932 0000000000000000
@6933 0000000000000001
@6934 0000000000000000
@6935 0000000000000000
@6936 -000000000000001
@6937 0000000000000000
@6938 0000000000000000
@6939 -000000000000001
@693A 0000000000000002
@693B 0000000000000000
@693C 0000000000000000
@693D 0000000000000000
@693E 0000000000000000
@693F 0000000000000000
@6940 0000000000000000
@6941 0000000000000000
@6942 0000000000000000
@6943 0000000000000000
@6944 0000000000000000
@6945 0000000000000000
@6946 0000000000000000
@6947 0000000000000000
@6948 0000000000000000
@6949 0000000000000001
@694A -000000000000001
@694B 0000000000000000
@694C 0000000000000001
@694D 0000000000000000
@694E 0000000000000000
@694F 0000000000000000
@6950 -000000000000001
@6951 0000000000000000
@6952 0000000000000000
@6953 0000000000000000
@6954 0000000000000000
@6955 0000000000000000
@6956 0000000000000000
@6957 0000000000000000
@6958 0000000000000000
@6959 0000000000000000
@695A 0000000000000000
@695B 0000000000000000
@695C 0000000000000001
@695D 0000000000000000
@695E 0000000000000000
@695F 0000000000000000
@6960 0000000000000000
@6961 0000000000000000
@6962 -000000000000001
@6963 0000000000000000
@6964 0000000000000000
@6965 0000000000000000
@6966 0000000000000000
@6967 0000000000000000
@6968 0000000000000000
@6969 0000000000000000
@696A 0000000000000000
@696B 0000000000000000
@696C 0000000000000000
@696D 0000000000000000
@696E 0000000000000000
@696F 0000000000000000
@6970 0000000000000000
@6971 0000000000000002
@6972 0000000000000000
@6973 0000000000000000
@6974 0000000000000000
@6975 0000000000000000
@6976 0000000000000000
@6977 0000000000000000
@6978 0000000000000000
@6979 0000000000000000
@697A 0000000000000000
@697B 0000000000000000
@697C 0000000000000000
@697D 0000000000000000
@697E 0000000000000000
@697F 0000000000000000
@6980 0000000000000000
@6981 0000000000000000
@6982 0000000000000000
@6983 0000000000000000
@6984 0000000000000000
@6985 0000000000000000
@6986 0000000000000000
@6987 0000000000000000
@6988 0000000000000000
@6989 0000000000000000
@698A 0000000000000000
@698B 0000000000000001
@698C 0000000000000000
@698D 0000000000000000
@698E 0000000000000000
@698F 0000000000000000
@6990 0000000000000000
@6991 0000000000000000
@6992 0000000000000000
@6993 0000000000000001
@6994 0000000000000000
@6995 0000000000000000
@6996 0000000000000000
@6997 0000000000000000
@6998 0000000000000001
@6999 0000000000000000
@699A 0000000000000000
@699B 0000000000000000
@699C 0000000000000000
@699D 0000000000000000
@699E 0000000000000000
@699F 0000000000000000
@69A0 0000000000000000
@69A1 0000000000000000
@69A2 0000000000000000
@69A3 0000000000000000
@69A4 0000000000000000
@69A5 0000000000000000
@69A6 0000000000000000
@69A7 0000000000000000
@69A8 0000000000000000
@69A9 0000000000000000
@69AA 0000000000000000
@69AB 0000000000000000
@69AC 0000000000000000
@69AD -000000000000001
@69AE 0000000000000000
@69AF 0000000000000000
@69B0 0000000000000000
@69B1 0000000000000000
@69B2 0000000000000000
@69B3 0000000000000000
@69B4 0000000000000000
@69B5 0000000000000000
@69B6 -000000000000001
@69B7 0000000000000000
@69B8 0000000000000002
@69B9 0000000000000000
@69BA 0000000000000001
@69BB 0000000000000000
@69BC 0000000000000000
@69BD 0000000000000000
@69BE 0000000000000000
@69BF 0000000000000000
@69C0 0000000000000000
@69C1 0000000000000000
@69C2 -000000000000002
@69C3 0000000000000000
@69C4 0000000000000001
@69C5 -000000000000002
@69C6 0000000000000000
@69C7 0000000000000000
@69C8 0000000000000000
@69C9 -000000000000001
@69CA 0000000000000000
@69CB 0000000000000000
@69CC 0000000000000000
@69CD 0000000000000000
@69CE 0000000000000000
@69CF 0000000000000000
@69D0 0000000000000000
@69D1 0000000000000000
@69D2 0000000000000000
@69D3 0000000000000000
@69D4 0000000000000001
@69D5 0000000000000000
@69D6 0000000000000000
@69D7 0000000000000000
@69D8 0000000000000001
@69D9 0000000000000000
@69DA 0000000000000000
@69DB 0000000000000000
@69DC 0000000000000000
@69DD 0000000000000000
@69DE 0000000000000000
@69DF 0000000000000000
@69E0 0000000000000000
@69E1 0000000000000000
@69E2 -000000000000001
@69E3 0000000000000000
@69E4 0000000000000000
@69E5 0000000000000000
@69E6 0000000000000002
@69E7 0000000000000000
@69E8 -000000000000001
@69E9 0000000000000000
@69EA 0000000000000000
@69EB 0000000000000000
@69EC 0000000000000000
@69ED 0000000000000000
@69EE 0000000000000000
@69EF 0000000000000000
@69F0 0000000000000000
@69F1 0000000000000000
@69F2 0000000000000000
@69F3 0000000000000001
@69F4 0000000000000000
@69F5 0000000000000000
@69F6 -000000000000001
@69F7 0000000000000000
@69F8 0000000000000000
@69F9 -000000000000001
@69FA 0000000000000002
@69FB 0000000000000000
@69FC 0000000000000000
@69FD 0000000000000000
@69FE 0000000000000000
@69FF 0000000000000000
@6A00 0000000000000000
@6A01 0000000000000000
@6A02 0000000000000000
@6A03 0000000000000000
@6A04 0000000000000000
@6A05 0000000000000000
@6A06 0000000000000000
@6A07 0000000000000000
@6A08 0000000000000000
@6A09 0000000000000001
@6A0A -000000000000001
@6A0B 0000000000000000
@6A0C 0000000000000001
@6A0D 0000000000000000
@6A0E 0000000000000000
@6A0F 0000000000000000
@6A10 -000000000000001
@6A11 0000000000000000
@6A12 0000000000000000
@6A13 0000000000000000
@6A14 0000000000000000
@6A15 0000000000000000
@6A16 0000000000000000
@6A17 0000000000000000
@6A18 0000000000000000
@6A19 0000000000000000
@6A1A 0000000000000000
@6A1B 0000000000000000
@6A1C 0000000000000001
@6A1D 0000000000000000
@6A1E 0000000000000000
@6A1F 0000000000000000
@6A20 0000000000000000
@6A21 0000000000000000
@6A22 -000000000000001
@6A23 0000000000000000
@6A24 0000000000000000
@6A25 0000000000000000
@6A26 0000000000000000
@6A27 0000000000000000
@6A28 0000000000000000
@6A29 0000000000000000
@6A2A 0000000000000000
@6A2B 0000000000000000
@6A2C 0000000000000000
@6A2D 0000000000000000
@6A2E 0000000000000000
@6A2F 0000000000000000
@6A30 0000000000000000
@6A31 0000000000000002
@6A32 0000000000000000
@6A33 0000000000000000
@6A34 0000000000000000
@6A35 0000000000000000
@6A36 0000000000000000
@6A37 0000000000000001
@6A38 0000000000000000
@6A39 0000000000000000
@6A3A 0000000000000000
@6A3B 0000000000000000
@6A3C 0000000000000000
@6A3D 0000000000000000
@6A3E 0000000000000000
@6A3F 0000000000000000
@6A40 0000000000000000
@6A41 0000000000000000
@6A42 0000000000000000
@6A43 0000000000000000
@6A44 0000000000000000
@6A45 0000000000000000
@6A46 0000000000000000
@6A47 0000000000000000
@6A48 0000000000000000
@6A49 0000000000000000
@6A4A 0000000000000000
@6A4B 0000000000000001
@6A4C 0000000000000000
@6A4D 0000000000000000
@6A4E 0000000000000000
@6A4F 0000000000000000
@6A50 0000000000000000
@6A51 0000000000000000
@6A52 0000000000000000
@6A53 0000000000000001
@6A54 0000000000000000
@6A55 0000000000000000
@6A56 0000000000000000
@6A57 0000000000000000
@6A58 0000000000000001
@6A59 0000000000000000
@6A5A 0000000000000000
@6A5B 0000000000000000
@6A5C 0000000000000000
@6A5D 0000000000000000
@6A5E 0000000000000000
@6A5F 0000000000000000
@6A60 0000000000000000
@6A61 -000000000000001
@6A62 0000000000000000
@6A63 0000000000000000
@6A64 0000000000000000
@6A65 0000000000000000
@6A66 0000000000000000
@6A67 0000000000000000
@6A68 0000000000000000
@6A69 0000000000000000
@6A6A 0000000000000000
@6A6B 0000000000000000
@6A6C 0000000000000000
@6A6D -000000000000001
@6A6E 0000000000000000
@6A6F 0000000000000000
@6A70 0000000000000000
@6A71 0000000000000000
@6A72 0000000000000000
@6A73 0000000000000000
@6A74 0000000000000000
@6A75 0000000000000000
@6A76 -000000000000001
@6A77 0000000000000000
@6A78 0000000000000002
@6A79 0000000000000000
@6A7A 0000000000000001
@6A7B 0000000000000000
@6A7C 0000000000000000
@6A7D 0000000000000000
@6A7E 0000000000000000
@6A7F 0000000000000000
@6A80 0000000000000000
@6A81 0000000000000000
@6A82 -000000000000001
@6A83 0000000000000000
@6A84 0000000000000001
@6A85 -000000000000002
@6A86 0000000000000000
@6A87 0000000000000000
@6A88 0000000000000000
@6A89 -000000000000001
@6A8A 0000000000000000
@6A8B 0000000000000000
@6A8C 0000000000000000
@6A8D 0000000000000000
@6A8E 0000000000000000
@6A8F 0000000000000000
@6A90 0000000000000000
@6A91 0000000000000000
@6A92 0000000000000000
@6A93 0000000000000000
@6A94 0000000000000001
@6A95 0000000000000000
@6A96 0000000000000000
@6A97 0000000000000000
@6A98 0000000000000001
@6A99 0000000000000000
@6A9A 0000000000000000
@6A9B 0000000000000000
@6A9C 0000000000000000
@6A9D 0000000000000000
@6A9E 0000000000000000
@6A9F 0000000000000000
@6AA0 0000000000000000
@6AA1 0000000000000000
@6AA2 -000000000000001
@6AA3 0000000000000000
@6AA4 0000000000000000
@6AA5 0000000000000000
@6AA6 0000000000000002
@6AA7 0000000000000000
@6AA8 -000000000000001
@6AA9 0000000000000000
@6AAA 0000000000000000
@6AAB 0000000000000001
@6AAC 0000000000000000
@6AAD 0000000000000000
@6AAE 0000000000000000
@6AAF 0000000000000000
@6AB0 0000000000000000
@6AB1 0000000000000000
@6AB2 0000000000000000
@6AB3 0000000000000001
@6AB4 0000000000000000
@6AB5 0000000000000000
@6AB6 0000000000000000
@6AB7 0000000000000000
@6AB8 0000000000000000
@6AB9 0000000000000000
@6ABA 0000000000000002
@6ABB 0000000000000000
@6ABC 0000000000000000
@6ABD 0000000000000000
@6ABE 0000000000000000
@6ABF 0000000000000000
@6AC0 0000000000000000
@6AC1 0000000000000000
@6AC2 0000000000000000
@6AC3 0000000000000000
@6AC4 0000000000000000
@6AC5 0000000000000000
@6AC6 0000000000000000
@6AC7 0000000000000000
@6AC8 0000000000000000
@6AC9 0000000000000001
@6ACA 0000000000000000
@6ACB 0000000000000000
@6ACC 0000000000000000
@6ACD 0000000000000000
@6ACE 0000000000000000
@6ACF 0000000000000000
@6AD0 -000000000000001
@6AD1 0000000000000000
@6AD2 0000000000000000
@6AD3 0000000000000000
@6AD4 0000000000000000
@6AD5 0000000000000000
@6AD6 0000000000000000
@6AD7 0000000000000000
@6AD8 0000000000000000
@6AD9 0000000000000000
@6ADA 0000000000000000
@6ADB 0000000000000000
@6ADC 0000000000000001
@6ADD 0000000000000000
@6ADE 0000000000000000
@6ADF 0000000000000000
@6AE0 0000000000000000
@6AE1 0000000000000000
@6AE2 -000000000000001
@6AE3 0000000000000000
@6AE4 0000000000000000
@6AE5 0000000000000000
@6AE6 0000000000000000
@6AE7 0000000000000000
@6AE8 0000000000000000
@6AE9 0000000000000000
@6AEA 0000000000000000
@6AEB 0000000000000000
@6AEC 0000000000000000
@6AED 0000000000000000
@6AEE 0000000000000000
@6AEF 0000000000000000
@6AF0 -000000000000001
@6AF1 0000000000000002
@6AF2 0000000000000000
@6AF3 0000000000000000
@6AF4 0000000000000000
@6AF5 0000000000000000
@6AF6 0000000000000000
@6AF7 0000000000000000
@6AF8 0000000000000000
@6AF9 0000000000000000
@6AFA 0000000000000000
@6AFB 0000000000000000
@6AFC 0000000000000000
@6AFD 0000000000000000
@6AFE 0000000000000000
@6AFF 0000000000000000
@6B00 0000000000000000
@6B01 0000000000000000
@6B02 0000000000000000
@6B03 0000000000000000
@6B04 0000000000000000
@6B05 0000000000000000
@6B06 0000000000000000
@6B07 0000000000000000
@6B08 0000000000000000
@6B09 0000000000000000
@6B0A 0000000000000000
@6B0B 0000000000000001
@6B0C 0000000000000000
@6B0D 0000000000000000
@6B0E 0000000000000000
@6B0F 0000000000000000
@6B10 0000000000000000
@6B11 0000000000000000
@6B12 0000000000000000
@6B13 0000000000000001
@6B14 0000000000000000
@6B15 0000000000000000
@6B16 0000000000000000
@6B17 0000000000000000
@6B18 0000000000000000
@6B19 0000000000000000
@6B1A 0000000000000000
@6B1B 0000000000000000
@6B1C 0000000000000000
@6B1D 0000000000000000
@6B1E 0000000000000000
@6B1F 0000000000000000
@6B20 0000000000000000
@6B21 -000000000000001
@6B22 0000000000000000
@6B23 0000000000000000
@6B24 0000000000000000
@6B25 0000000000000000
@6B26 0000000000000000
@6B27 0000000000000000
@6B28 0000000000000000
@6B29 0000000000000000
@6B2A 0000000000000000
@6B2B 0000000000000000
@6B2C 0000000000000000
@6B2D -000000000000001
@6B2E 0000000000000000
@6B2F 0000000000000000
@6B30 0000000000000000
@6B31 0000000000000000
@6B32 0000000000000000
@6B33 0000000000000000
@6B34 0000000000000000
@6B35 0000000000000000
@6B36 -000000000000001
@6B37 0000000000000000
@6B38 0000000000000002
@6B39 0000000000000000
@6B3A 0000000000000000
@6B3B 0000000000000000
@6B3C 0000000000000000
@6B3D -000000000000001
@6B3E 0000000000000000
@6B3F 0000000000000000
@6B40 0000000000000000
@6B41 0000000000000000
@6B42 -000000000000002
@6B43 0000000000000000
@6B44 0000000000000001
@6B45 -000000000000002
@6B46 0000000000000000
@6B47 0000000000000000
@6B48 0000000000000000
@6B49 -000000000000001
@6B4A 0000000000000000
@6B4B 0000000000000000
@6B4C 0000000000000000
@6B4D 0000000000000000
@6B4E 0000000000000000
@6B4F 0000000000000000
@6B50 0000000000000000
@6B51 0000000000000000
@6B52 0000000000000000
@6B53 0000000000000000
@6B54 0000000000000000
@6B55 0000000000000000
@6B56 0000000000000000
@6B57 0000000000000000
@6B58 0000000000000001
@6B59 0000000000000000
@6B5A 0000000000000000
@6B5B 0000000000000000
@6B5C 0000000000000000
@6B5D 0000000000000000
@6B5E 0000000000000000
@6B5F 0000000000000000
@6B60 0000000000000000
@6B61 0000000000000000
@6B62 -000000000000001
@6B63 0000000000000000
@6B64 0000000000000000
@6B65 0000000000000000
@6B66 0000000000000002
@6B67 0000000000000000
@6B68 -000000000000001
@6B69 0000000000000000
@6B6A 0000000000000000
@6B6B 0000000000000001
@6B6C 0000000000000000
@6B6D 0000000000000000
@6B6E 0000000000000000
@6B6F 0000000000000000
@6B70 0000000000000000
@6B71 0000000000000000
@6B72 0000000000000000
@6B73 0000000000000001
@6B74 0000000000000000
@6B75 0000000000000000
@6B76 0000000000000000
@6B77 0000000000000000
@6B78 0000000000000000
@6B79 0000000000000000
@6B7A 0000000000000002
@6B7B 0000000000000000
@6B7C 0000000000000000
@6B7D 0000000000000000
@6B7E 0000000000000000
@6B7F 0000000000000000
@6B80 0000000000000000
@6B81 0000000000000000
@6B82 0000000000000000
@6B83 0000000000000000
@6B84 0000000000000000
@6B85 0000000000000000
@6B86 0000000000000000
@6B87 0000000000000000
@6B88 0000000000000000
@6B89 0000000000000001
@6B8A -000000000000001
@6B8B 0000000000000000
@6B8C 0000000000000001
@6B8D 0000000000000000
@6B8E 0000000000000000
@6B8F 0000000000000000
@6B90 -000000000000001
@6B91 0000000000000000
@6B92 -000000000000001
@6B93 0000000000000000
@6B94 0000000000000000
@6B95 0000000000000000
@6B96 0000000000000000
@6B97 0000000000000000
@6B98 0000000000000000
@6B99 0000000000000000
@6B9A 0000000000000000
@6B9B 0000000000000000
@6B9C 0000000000000001
@6B9D 0000000000000000
@6B9E 0000000000000000
@6B9F 0000000000000000
@6BA0 0000000000000000
@6BA1 0000000000000000
@6BA2 -000000000000001
@6BA3 0000000000000000
@6BA4 0000000000000000
@6BA5 0000000000000000
@6BA6 0000000000000000
@6BA7 0000000000000000
@6BA8 0000000000000000
@6BA9 0000000000000000
@6BAA 0000000000000000
@6BAB 0000000000000000
@6BAC 0000000000000000
@6BAD 0000000000000000
@6BAE 0000000000000000
@6BAF 0000000000000000
@6BB0 0000000000000000
@6BB1 0000000000000003
@6BB2 0000000000000000
@6BB3 0000000000000000
@6BB4 0000000000000000
@6BB5 0000000000000000
@6BB6 0000000000000000
@6BB7 0000000000000000
@6BB8 0000000000000000
@6BB9 0000000000000000
@6BBA 0000000000000000
@6BBB 0000000000000000
@6BBC 0000000000000000
@6BBD 0000000000000000
@6BBE 0000000000000000
@6BBF 0000000000000000
@6BC0 0000000000000000
@6BC1 0000000000000000
@6BC2 0000000000000000
@6BC3 0000000000000000
@6BC4 0000000000000000
@6BC5 0000000000000000
@6BC6 0000000000000000
@6BC7 0000000000000000
@6BC8 0000000000000000
@6BC9 0000000000000000
@6BCA 0000000000000000
@6BCB 0000000000000001
@6BCC 0000000000000001
@6BCD 0000000000000000
@6BCE 0000000000000000
@6BCF 0000000000000000
@6BD0 0000000000000000
@6BD1 0000000000000000
@6BD2 0000000000000000
@6BD3 0000000000000001
@6BD4 0000000000000000
@6BD5 0000000000000000
@6BD6 0000000000000000
@6BD7 0000000000000000
@6BD8 0000000000000000
@6BD9 0000000000000000
@6BDA 0000000000000000
@6BDB 0000000000000000
@6BDC 0000000000000000
@6BDD 0000000000000000
@6BDE 0000000000000000
@6BDF 0000000000000000
@6BE0 0000000000000001
@6BE1 0000000000000000
@6BE2 0000000000000000
@6BE3 0000000000000000
@6BE4 0000000000000000
@6BE5 0000000000000000
@6BE6 0000000000000000
@6BE7 0000000000000000
@6BE8 0000000000000000
@6BE9 0000000000000000
@6BEA 0000000000000000
@6BEB 0000000000000000
@6BEC 0000000000000000
@6BED -000000000000002
@6BEE 0000000000000000
@6BEF 0000000000000000
@6BF0 0000000000000000
@6BF1 0000000000000000
@6BF2 0000000000000000
@6BF3 0000000000000000
@6BF4 0000000000000000
@6BF5 0000000000000000
@6BF6 -000000000000001
@6BF7 0000000000000000
@6BF8 0000000000000002
@6BF9 0000000000000000
@6BFA 0000000000000001
@6BFB 0000000000000000
@6BFC 0000000000000000
@6BFD -000000000000001
@6BFE 0000000000000000
@6BFF 0000000000000000
@6C00 0000000000000000
@6C01 0000000000000000
@6C02 -000000000000001
@6C03 0000000000000000
@6C04 0000000000000001
@6C05 -000000000000002
@6C06 0000000000000000
@6C07 0000000000000000
@6C08 0000000000000000
@6C09 -000000000000001
@6C0A 0000000000000000
@6C0B 0000000000000000
@6C0C 0000000000000000
@6C0D 0000000000000000
@6C0E 0000000000000000
@6C0F 0000000000000000
@6C10 0000000000000000
@6C11 0000000000000000
@6C12 0000000000000000
@6C13 0000000000000000
@6C14 0000000000000001
@6C15 0000000000000000
@6C16 0000000000000000
@6C17 0000000000000000
@6C18 0000000000000001
@6C19 0000000000000000
@6C1A 0000000000000000
@6C1B 0000000000000000
@6C1C 0000000000000000
@6C1D 0000000000000000
@6C1E 0000000000000000
@6C1F 0000000000000000
@6C20 0000000000000000
@6C21 0000000000000000
@6C22 -000000000000001
@6C23 0000000000000000
@6C24 0000000000000000
@6C25 0000000000000000
@6C26 0000000000000002
@6C27 0000000000000000
@6C28 -000000000000001
@6C29 0000000000000000
@6C2A 0000000000000000
@6C2B 0000000000000000
@6C2C 0000000000000000
@6C2D 0000000000000000
@6C2E 0000000000000000
@6C2F 0000000000000000
@6C30 0000000000000000
@6C31 0000000000000000
@6C32 0000000000000000
@6C33 0000000000000001
@6C34 0000000000000000
@6C35 0000000000000000
@6C36 -000000000000001
@6C37 0000000000000000
@6C38 0000000000000000
@6C39 0000000000000000
@6C3A 0000000000000002
@6C3B 0000000000000000
@6C3C 0000000000000000
@6C3D 0000000000000000
@6C3E 0000000000000000
@6C3F 0000000000000000
@6C40 0000000000000000
@6C41 0000000000000000
@6C42 0000000000000000
@6C43 0000000000000000
@6C44 0000000000000000
@6C45 0000000000000000
@6C46 0000000000000000
@6C47 0000000000000000
@6C48 0000000000000000
@6C49 0000000000000001
@6C4A -000000000000001
@6C4B 0000000000000000
@6C4C 0000000000000000
@6C4D 0000000000000000
@6C4E 0000000000000000
@6C4F 0000000000000000
@6C50 -000000000000001
@6C51 0000000000000000
@6C52 0000000000000000
@6C53 0000000000000000
@6C54 0000000000000000
@6C55 0000000000000000
@6C56 0000000000000000
@6C57 0000000000000000
@6C58 0000000000000000
@6C59 0000000000000000
@6C5A 0000000000000000
@6C5B 0000000000000000
@6C5C 0000000000000001
@6C5D 0000000000000000
@6C5E 0000000000000000
@6C5F 0000000000000000
@6C60 0000000000000000
@6C61 0000000000000000
@6C62 -000000000000001
@6C63 0000000000000000
@6C64 0000000000000000
@6C65 0000000000000000
@6C66 0000000000000000
@6C67 0000000000000000
@6C68 0000000000000000
@6C69 0000000000000000
@6C6A 0000000000000000
@6C6B 0000000000000000
@6C6C 0000000000000000
@6C6D 0000000000000000
@6C6E 0000000000000000
@6C6F 0000000000000000
@6C70 0000000000000000
@6C71 0000000000000002
@6C72 0000000000000000
@6C73 0000000000000000
@6C74 0000000000000000
@6C75 0000000000000000
@6C76 0000000000000000
@6C77 0000000000000000
@6C78 0000000000000000
@6C79 0000000000000000
@6C7A 0000000000000000
@6C7B 0000000000000000
@6C7C 0000000000000000
@6C7D 0000000000000000
@6C7E 0000000000000000
@6C7F 0000000000000000
@6C80 0000000000000000
@6C81 0000000000000000
@6C82 0000000000000000
@6C83 0000000000000000
@6C84 0000000000000000
@6C85 0000000000000000
@6C86 0000000000000000
@6C87 0000000000000000
@6C88 0000000000000000
@6C89 0000000000000000
@6C8A 0000000000000000
@6C8B 0000000000000001
@6C8C 0000000000000000
@6C8D 0000000000000000
@6C8E 0000000000000000
@6C8F 0000000000000000
@6C90 0000000000000000
@6C91 0000000000000000
@6C92 0000000000000000
@6C93 0000000000000001
@6C94 0000000000000000
@6C95 0000000000000000
@6C96 0000000000000000
@6C97 0000000000000000
@6C98 0000000000000000
@6C99 0000000000000000
@6C9A 0000000000000000
@6C9B 0000000000000000
@6C9C 0000000000000000
@6C9D 0000000000000000
@6C9E 0000000000000000
@6C9F 0000000000000000
@6CA0 0000000000000000
@6CA1 -000000000000001
@6CA2 0000000000000000
@6CA3 0000000000000000
@6CA4 0000000000000000
@6CA5 0000000000000000
@6CA6 0000000000000000
@6CA7 0000000000000000
@6CA8 0000000000000001
@6CA9 0000000000000000
@6CAA 0000000000000000
@6CAB 0000000000000000
@6CAC 0000000000000000
@6CAD -000000000000002
@6CAE 0000000000000000
@6CAF 0000000000000000
@6CB0 0000000000000000
@6CB1 0000000000000000
@6CB2 0000000000000000
@6CB3 0000000000000000
@6CB4 0000000000000000
@6CB5 0000000000000000
@6CB6 -000000000000001
@6CB7 0000000000000000
@6CB8 0000000000000002
@6CB9 0000000000000000
@6CBA 0000000000000001
@6CBB 0000000000000000
@6CBC 0000000000000000
@6CBD -000000000000001
@6CBE 0000000000000001
@6CBF 0000000000000000
@6CC0 0000000000000000
@6CC1 0000000000000000
@6CC2 -000000000000002
@6CC3 0000000000000000
@6CC4 0000000000000001
@6CC5 -000000000000002
@6CC6 0000000000000000
@6CC7 0000000000000000
@6CC8 0000000000000000
@6CC9 -000000000000001
@6CCA 0000000000000000
@6CCB 0000000000000000
@6CCC 0000000000000000
@6CCD 0000000000000000
@6CCE 0000000000000000
@6CCF 0000000000000000
@6CD0 0000000000000000
@6CD1 0000000000000000
@6CD2 0000000000000000
@6CD3 0000000000000000
@6CD4 0000000000000001
@6CD5 0000000000000000
@6CD6 0000000000000000
@6CD7 0000000000000000
@6CD8 0000000000000001
@6CD9 0000000000000000
@6CDA 0000000000000000
@6CDB 0000000000000000
@6CDC 0000000000000000
@6CDD 0000000000000000
@6CDE 0000000000000000
@6CDF 0000000000000000
@6CE0 0000000000000000
@6CE1 0000000000000000
@6CE2 -000000000000001
@6CE3 0000000000000000
@6CE4 0000000000000000
@6CE5 0000000000000000
@6CE6 0000000000000002
@6CE7 0000000000000000
@6CE8 -000000000000001
@6CE9 0000000000000000
@6CEA 0000000000000000
@6CEB 0000000000000000
@6CEC 0000000000000000
@6CED 0000000000000000
@6CEE 0000000000000000
@6CEF 0000000000000000
@6CF0 0000000000000000
@6CF1 0000000000000000
@6CF2 0000000000000000
@6CF3 0000000000000001
@6CF4 0000000000000000
@6CF5 0000000000000000
@6CF6 -000000000000001
@6CF7 0000000000000000
@6CF8 0000000000000000
@6CF9 0000000000000000
@6CFA 0000000000000002
@6CFB 0000000000000000
@6CFC 0000000000000000
@6CFD 0000000000000000
@6CFE 0000000000000000
@6CFF 0000000000000000
@6D00 0000000000000000
@6D01 0000000000000000
@6D02 0000000000000000
@6D03 0000000000000000
@6D04 0000000000000000
@6D05 0000000000000000
@6D06 0000000000000000
@6D07 0000000000000000
@6D08 0000000000000000
@6D09 0000000000000001
@6D0A -000000000000001
@6D0B 0000000000000000
@6D0C 0000000000000001
@6D0D 0000000000000000
@6D0E 0000000000000000
@6D0F 0000000000000000
@6D10 -000000000000001
@6D11 0000000000000000
@6D12 0000000000000000
@6D13 0000000000000000
@6D14 0000000000000000
@6D15 0000000000000000
@6D16 0000000000000000
@6D17 0000000000000000
@6D18 0000000000000000
@6D19 0000000000000000
@6D1A 0000000000000000
@6D1B 0000000000000000
@6D1C 0000000000000002
@6D1D 0000000000000000
@6D1E 0000000000000000
@6D1F 0000000000000000
@6D20 0000000000000000
@6D21 0000000000000000
@6D22 -000000000000001
@6D23 0000000000000000
@6D24 0000000000000000
@6D25 0000000000000000
@6D26 0000000000000000
@6D27 0000000000000000
@6D28 0000000000000000
@6D29 0000000000000000
@6D2A 0000000000000000
@6D2B 0000000000000000
@6D2C 0000000000000000
@6D2D 0000000000000000
@6D2E 0000000000000000
@6D2F 0000000000000000
@6D30 0000000000000000
@6D31 0000000000000002
@6D32 0000000000000000
@6D33 0000000000000000
@6D34 0000000000000000
@6D35 0000000000000000
@6D36 0000000000000000
@6D37 0000000000000001
@6D38 0000000000000000
@6D39 0000000000000000
@6D3A 0000000000000000
@6D3B 0000000000000000
@6D3C 0000000000000000
@6D3D 0000000000000000
@6D3E 0000000000000000
@6D3F 0000000000000000
@6D40 0000000000000000
@6D41 0000000000000000
@6D42 0000000000000000
@6D43 0000000000000000
@6D44 0000000000000000
@6D45 0000000000000000
@6D46 0000000000000000
@6D47 0000000000000000
@6D48 0000000000000000
@6D49 0000000000000000
@6D4A 0000000000000000
@6D4B 0000000000000001
@6D4C 0000000000000000
@6D4D 0000000000000000
@6D4E 0000000000000000
@6D4F 0000000000000000
@6D50 0000000000000000
@6D51 0000000000000000
@6D52 0000000000000000
@6D53 0000000000000001
@6D54 0000000000000000
@6D55 0000000000000000
@6D56 0000000000000000
@6D57 0000000000000000
@6D58 0000000000000000
@6D59 0000000000000000
@6D5A 0000000000000000
@6D5B 0000000000000000
@6D5C 0000000000000000
@6D5D 0000000000000000
@6D5E 0000000000000000
@6D5F 0000000000000000
@6D60 0000000000000000
@6D61 0000000000000000
@6D62 0000000000000000
@6D63 0000000000000000
@6D64 0000000000000000
@6D65 0000000000000000
@6D66 0000000000000000
@6D67 0000000000000000
@6D68 0000000000000000
@6D69 0000000000000000
@6D6A 0000000000000000
@6D6B 0000000000000000
@6D6C 0000000000000000
@6D6D -000000000000002
@6D6E 0000000000000000
@6D6F 0000000000000000
@6D70 0000000000000000
@6D71 0000000000000000
@6D72 0000000000000000
@6D73 0000000000000000
@6D74 0000000000000000
@6D75 0000000000000000
@6D76 -000000000000001
@6D77 0000000000000000
@6D78 0000000000000002
@6D79 0000000000000000
@6D7A 0000000000000001
@6D7B 0000000000000000
@6D7C 0000000000000000
@6D7D -000000000000001
@6D7E 0000000000000000
@6D7F 0000000000000000
@6D80 0000000000000000
@6D81 0000000000000000
@6D82 -000000000000001
@6D83 0000000000000000
@6D84 0000000000000001
@6D85 -000000000000002
@6D86 0000000000000000
@6D87 0000000000000000
@6D88 0000000000000000
@6D89 -000000000000001
@6D8A 0000000000000000
@6D8B 0000000000000000
@6D8C 0000000000000000
@6D8D 0000000000000000
@6D8E 0000000000000000
@6D8F 0000000000000000
@6D90 0000000000000000
@6D91 0000000000000000
@6D92 0000000000000000
@6D93 0000000000000000
@6D94 0000000000000001
@6D95 0000000000000000
@6D96 0000000000000000
@6D97 0000000000000000
@6D98 0000000000000001
@6D99 0000000000000000
@6D9A 0000000000000000
@6D9B 0000000000000000
@6D9C 0000000000000000
@6D9D 0000000000000000
@6D9E 0000000000000000
@6D9F 0000000000000000
@6DA0 0000000000000000
@6DA1 0000000000000000
@6DA2 -000000000000001
@6DA3 0000000000000000
@6DA4 0000000000000000
@6DA5 0000000000000000
@6DA6 0000000000000002
@6DA7 0000000000000000
@6DA8 -000000000000001
@6DA9 0000000000000000
@6DAA 0000000000000000
@6DAB 0000000000000000
@6DAC 0000000000000000
@6DAD 0000000000000000
@6DAE 0000000000000000
@6DAF 0000000000000000
@6DB0 0000000000000000
@6DB1 0000000000000000
@6DB2 0000000000000000
@6DB3 0000000000000001
@6DB4 0000000000000000
@6DB5 0000000000000000
@6DB6 -000000000000001
@6DB7 0000000000000000
@6DB8 0000000000000000
@6DB9 0000000000000000
@6DBA 0000000000000002
@6DBB 0000000000000000
@6DBC 0000000000000000
@6DBD 0000000000000000
@6DBE 0000000000000000
@6DBF 0000000000000000
@6DC0 0000000000000000
@6DC1 0000000000000000
@6DC2 0000000000000000
@6DC3 0000000000000000
@6DC4 0000000000000000
@6DC5 0000000000000000
@6DC6 0000000000000000
@6DC7 0000000000000000
@6DC8 0000000000000000
@6DC9 0000000000000001
@6DCA -000000000000001
@6DCB 0000000000000000
@6DCC 0000000000000001
@6DCD 0000000000000000
@6DCE 0000000000000000
@6DCF 0000000000000000
@6DD0 -000000000000001
@6DD1 0000000000000000
@6DD2 0000000000000000
@6DD3 0000000000000000
@6DD4 0000000000000000
@6DD5 0000000000000000
@6DD6 0000000000000000
@6DD7 0000000000000000
@6DD8 0000000000000000
@6DD9 0000000000000000
@6DDA 0000000000000000
@6DDB 0000000000000000
@6DDC 0000000000000002
@6DDD 0000000000000000
@6DDE 0000000000000000
@6DDF 0000000000000000
@6DE0 0000000000000000
@6DE1 0000000000000000
@6DE2 -000000000000001
@6DE3 0000000000000000
@6DE4 0000000000000000
@6DE5 0000000000000000
@6DE6 0000000000000000
@6DE7 0000000000000000
@6DE8 0000000000000000
@6DE9 0000000000000000
@6DEA 0000000000000000
@6DEB 0000000000000000
@6DEC 0000000000000000
@6DED 0000000000000000
@6DEE 0000000000000000
@6DEF 0000000000000000
@6DF0 0000000000000000
@6DF1 0000000000000002
@6DF2 0000000000000000
@6DF3 0000000000000000
@6DF4 0000000000000000
@6DF5 0000000000000000
@6DF6 0000000000000000
@6DF7 0000000000000001
@6DF8 0000000000000000
@6DF9 0000000000000000
@6DFA 0000000000000000
@6DFB 0000000000000000
@6DFC 0000000000000000
@6DFD 0000000000000000
@6DFE 0000000000000000
@6DFF 0000000000000000
@6E00 0000000000000000
@6E01 0000000000000000
@6E02 0000000000000000
@6E03 0000000000000000
@6E04 0000000000000000
@6E05 0000000000000000
@6E06 0000000000000000
@6E07 0000000000000000
@6E08 0000000000000000
@6E09 0000000000000000
@6E0A 0000000000000000
@6E0B 0000000000000001
@6E0C 0000000000000000
@6E0D 0000000000000000
@6E0E 0000000000000000
@6E0F 0000000000000000
@6E10 0000000000000000
@6E11 0000000000000000
@6E12 0000000000000000
@6E13 0000000000000001
@6E14 0000000000000000
@6E15 0000000000000000
@6E16 0000000000000000
@6E17 0000000000000000
@6E18 0000000000000000
@6E19 0000000000000000
@6E1A 0000000000000000
@6E1B 0000000000000000
@6E1C 0000000000000000
@6E1D 0000000000000000
@6E1E 0000000000000000
@6E1F 0000000000000000
@6E20 0000000000000000
@6E21 0000000000000000
@6E22 0000000000000000
@6E23 0000000000000000
@6E24 0000000000000000
@6E25 0000000000000000
@6E26 0000000000000000
@6E27 0000000000000000
@6E28 0000000000000000
@6E29 0000000000000000
@6E2A 0000000000000000
@6E2B 0000000000000000
@6E2C 0000000000000000
@6E2D -000000000000001
@6E2E 0000000000000000
@6E2F 0000000000000000
@6E30 0000000000000000
@6E31 0000000000000000
@6E32 0000000000000000
@6E33 0000000000000000
@6E34 0000000000000000
@6E35 0000000000000000
@6E36 -000000000000001
@6E37 0000000000000000
@6E38 0000000000000002
@6E39 0000000000000000
@6E3A 0000000000000001
@6E3B 0000000000000000
@6E3C 0000000000000000
@6E3D -000000000000001
@6E3E 0000000000000000
@6E3F 0000000000000000
@6E40 0000000000000000
@6E41 0000000000000000
@6E42 -000000000000002
@6E43 0000000000000000
@6E44 0000000000000001
@6E45 -000000000000002
@6E46 0000000000000000
@6E47 0000000000000000
@6E48 0000000000000000
@6E49 0000000000000000
@6E4A 0000000000000000
@6E4B 0000000000000000
@6E4C 0000000000000000
@6E4D 0000000000000000
@6E4E 0000000000000000
@6E4F 0000000000000000
@6E50 0000000000000000
@6E51 0000000000000000
@6E52 0000000000000000
@6E53 0000000000000000
@6E54 0000000000000000
@6E55 0000000000000000
@6E56 0000000000000000
@6E57 0000000000000000
@6E58 0000000000000001
@6E59 0000000000000000
@6E5A 0000000000000000
@6E5B 0000000000000000
@6E5C 0000000000000000
@6E5D 0000000000000000
@6E5E 0000000000000000
@6E5F 0000000000000000
@6E60 0000000000000000
@6E61 0000000000000000
@6E62 -000000000000001
@6E63 0000000000000000
@6E64 0000000000000000
@6E65 0000000000000000
@6E66 0000000000000002
@6E67 0000000000000000
@6E68 -000000000000001
@6E69 0000000000000000
@6E6A 0000000000000000
@6E6B 0000000000000000
@6E6C 0000000000000000
@6E6D 0000000000000000
@6E6E 0000000000000000
@6E6F 0000000000000000
@6E70 0000000000000000
@6E71 0000000000000000
@6E72 0000000000000000
@6E73 0000000000000001
@6E74 0000000000000000
@6E75 0000000000000000
@6E76 0000000000000000
@6E77 0000000000000000
@6E78 0000000000000000
@6E79 0000000000000000
@6E7A 0000000000000002
@6E7B 0000000000000000
@6E7C 0000000000000000
@6E7D 0000000000000000
@6E7E 0000000000000000
@6E7F 0000000000000000
@6E80 0000000000000000
@6E81 0000000000000000
@6E82 0000000000000000
@6E83 0000000000000000
@6E84 0000000000000000
@6E85 0000000000000000
@6E86 0000000000000000
@6E87 0000000000000000
@6E88 0000000000000000
@6E89 0000000000000001
@6E8A -000000000000001
@6E8B 0000000000000000
@6E8C 0000000000000001
@6E8D 0000000000000000
@6E8E 0000000000000000
@6E8F 0000000000000000
@6E90 -000000000000001
@6E91 0000000000000000
@6E92 0000000000000000
@6E93 0000000000000000
@6E94 0000000000000000
@6E95 0000000000000000
@6E96 0000000000000000
@6E97 0000000000000000
@6E98 0000000000000000
@6E99 0000000000000000
@6E9A 0000000000000000
@6E9B 0000000000000000
@6E9C 0000000000000001
@6E9D 0000000000000000
@6E9E 0000000000000000
@6E9F 0000000000000000
@6EA0 0000000000000000
@6EA1 0000000000000000
@6EA2 0000000000000000
@6EA3 0000000000000000
@6EA4 0000000000000000
@6EA5 0000000000000000
@6EA6 0000000000000000
@6EA7 0000000000000000
@6EA8 0000000000000000
@6EA9 0000000000000000
@6EAA 0000000000000000
@6EAB 0000000000000000
@6EAC 0000000000000000
@6EAD 0000000000000000
@6EAE 0000000000000000
@6EAF 0000000000000000
@6EB0 0000000000000000
@6EB1 0000000000000003
@6EB2 0000000000000000
@6EB3 0000000000000000
@6EB4 0000000000000000
@6EB5 0000000000000000
@6EB6 0000000000000000
@6EB7 0000000000000000
@6EB8 0000000000000000
@6EB9 0000000000000000
@6EBA 0000000000000000
@6EBB 0000000000000000
@6EBC 0000000000000000
@6EBD 0000000000000000
@6EBE 0000000000000000
@6EBF 0000000000000000
@6EC0 0000000000000000
@6EC1 0000000000000000
@6EC2 0000000000000000
@6EC3 0000000000000000
@6EC4 0000000000000000
@6EC5 0000000000000000
@6EC6 0000000000000000
@6EC7 0000000000000000
@6EC8 0000000000000000
@6EC9 0000000000000000
@6ECA 0000000000000000
@6ECB 0000000000000001
@6ECC 0000000000000000
@6ECD 0000000000000000
@6ECE 0000000000000000
@6ECF 0000000000000000
@6ED0 0000000000000000
@6ED1 0000000000000000
@6ED2 0000000000000000
@6ED3 0000000000000001
@6ED4 0000000000000000
@6ED5 0000000000000000
@6ED6 0000000000000000
@6ED7 0000000000000000
@6ED8 0000000000000000
@6ED9 0000000000000000
@6EDA 0000000000000000
@6EDB 0000000000000000
@6EDC 0000000000000000
@6EDD 0000000000000000
@6EDE 0000000000000000
@6EDF 0000000000000000
@6EE0 0000000000000000
@6EE1 -000000000000001
@6EE2 0000000000000000
@6EE3 0000000000000000
@6EE4 0000000000000000
@6EE5 0000000000000000
@6EE6 0000000000000000
@6EE7 0000000000000000
@6EE8 0000000000000000
@6EE9 0000000000000000
@6EEA 0000000000000000
@6EEB 0000000000000000
@6EEC 0000000000000000
@6EED -000000000000002
@6EEE 0000000000000000
@6EEF 0000000000000000
@6EF0 0000000000000000
@6EF1 0000000000000000
@6EF2 0000000000000000
@6EF3 0000000000000000
@6EF4 0000000000000000
@6EF5 0000000000000000
@6EF6 -000000000000001
@6EF7 0000000000000000
@6EF8 0000000000000002
@6EF9 0000000000000000
@6EFA 0000000000000001
@6EFB 0000000000000000
@6EFC 0000000000000000
@6EFD -000000000000001
@6EFE 0000000000000000
@6EFF 0000000000000000
@6F00 0000000000000000
@6F01 0000000000000000
@6F02 -000000000000002
@6F03 0000000000000000
@6F04 0000000000000001
@6F05 -000000000000002
@6F06 0000000000000000
@6F07 0000000000000000
@6F08 0000000000000000
@6F09 -000000000000001
@6F0A 0000000000000000
@6F0B 0000000000000000
@6F0C 0000000000000000
@6F0D 0000000000000000
@6F0E 0000000000000000
@6F0F 0000000000000000
@6F10 0000000000000000
@6F11 0000000000000000
@6F12 0000000000000000
@6F13 0000000000000000
@6F14 0000000000000001
@6F15 0000000000000000
@6F16 0000000000000000
@6F17 0000000000000000
@6F18 0000000000000001
@6F19 0000000000000000
@6F1A 0000000000000000
@6F1B 0000000000000000
@6F1C 0000000000000000
@6F1D 0000000000000000
@6F1E 0000000000000000
@6F1F 0000000000000000
@6F20 0000000000000000
@6F21 0000000000000000
@6F22 -000000000000001
@6F23 0000000000000000
@6F24 0000000000000000
@6F25 0000000000000000
@6F26 0000000000000002
@6F27 0000000000000000
@6F28 -000000000000001
@6F29 0000000000000000
@6F2A 0000000000000000
@6F2B 0000000000000000
@6F2C 0000000000000000
@6F2D 0000000000000000
@6F2E 0000000000000000
@6F2F 0000000000000000
@6F30 0000000000000000
@6F31 0000000000000000
@6F32 0000000000000000
@6F33 0000000000000001
@6F34 0000000000000000
@6F35 0000000000000000
@6F36 -000000000000001
@6F37 0000000000000000
@6F38 0000000000000000
@6F39 0000000000000000
@6F3A 0000000000000002
@6F3B 0000000000000000
@6F3C 0000000000000000
@6F3D 0000000000000000
@6F3E 0000000000000000
@6F3F 0000000000000000
@6F40 0000000000000000
@6F41 0000000000000000
@6F42 0000000000000000
@6F43 0000000000000000
@6F44 0000000000000000
@6F45 0000000000000000
@6F46 0000000000000000
@6F47 0000000000000000
@6F48 0000000000000000
@6F49 0000000000000001
@6F4A -000000000000001
@6F4B 0000000000000000
@6F4C 0000000000000001
@6F4D 0000000000000000
@6F4E 0000000000000000
@6F4F 0000000000000000
@6F50 -000000000000001
@6F51 0000000000000000
@6F52 0000000000000000
@6F53 0000000000000000
@6F54 0000000000000000
@6F55 0000000000000000
@6F56 0000000000000000
@6F57 0000000000000000
@6F58 0000000000000000
@6F59 0000000000000000
@6F5A 0000000000000000
@6F5B 0000000000000000
@6F5C 0000000000000002
@6F5D 0000000000000000
@6F5E 0000000000000000
@6F5F 0000000000000000
@6F60 0000000000000000
@6F61 0000000000000000
@6F62 -000000000000001
@6F63 0000000000000000
@6F64 0000000000000000
@6F65 0000000000000000
@6F66 0000000000000000
@6F67 0000000000000000
@6F68 0000000000000000
@6F69 0000000000000000
@6F6A 0000000000000000
@6F6B 0000000000000000
@6F6C 0000000000000000
@6F6D 0000000000000000
@6F6E 0000000000000000
@6F6F 0000000000000000
@6F70 0000000000000000
@6F71 0000000000000003
@6F72 0000000000000000
@6F73 0000000000000000
@6F74 0000000000000000
@6F75 0000000000000000
@6F76 0000000000000000
@6F77 0000000000000001
@6F78 0000000000000000
@6F79 0000000000000000
@6F7A 0000000000000000
@6F7B 0000000000000000
@6F7C 0000000000000000
@6F7D 0000000000000000
@6F7E 0000000000000000
@6F7F 0000000000000000
@6F80 0000000000000000
@6F81 0000000000000000
@6F82 0000000000000000
@6F83 0000000000000000
@6F84 0000000000000000
@6F85 0000000000000000
@6F86 0000000000000000
@6F87 0000000000000000
@6F88 0000000000000000
@6F89 0000000000000000
@6F8A 0000000000000000
@6F8B 0000000000000001
@6F8C 0000000000000000
@6F8D 0000000000000000
@6F8E 0000000000000000
@6F8F 0000000000000000
@6F90 0000000000000000
@6F91 0000000000000000
@6F92 0000000000000000
@6F93 0000000000000001
@6F94 0000000000000000
@6F95 0000000000000000
@6F96 0000000000000000
@6F97 0000000000000000
@6F98 0000000000000000
@6F99 0000000000000000
@6F9A 0000000000000000
@6F9B 0000000000000000
@6F9C 0000000000000000
@6F9D 0000000000000000
@6F9E 0000000000000000
@6F9F 0000000000000000
@6FA0 0000000000000000
@6FA1 -000000000000001
@6FA2 0000000000000000
@6FA3 0000000000000000
@6FA4 0000000000000000
@6FA5 0000000000000000
@6FA6 0000000000000000
@6FA7 0000000000000000
@6FA8 0000000000000000
@6FA9 0000000000000000
@6FAA 0000000000000000
@6FAB 0000000000000000
@6FAC 0000000000000000
@6FAD -000000000000001
@6FAE 0000000000000000
@6FAF 0000000000000000
@6FB0 0000000000000000
@6FB1 0000000000000000
@6FB2 0000000000000000
@6FB3 0000000000000000
@6FB4 0000000000000000
@6FB5 0000000000000000
@6FB6 -000000000000001
@6FB7 0000000000000000
@6FB8 0000000000000002
@6FB9 0000000000000000
@6FBA 0000000000000001
@6FBB 0000000000000000
@6FBC 0000000000000000
@6FBD -000000000000001
@6FBE 0000000000000000
@6FBF 0000000000000000
@6FC0 0000000000000000
@6FC1 0000000000000000
@6FC2 -000000000000001
@6FC3 0000000000000000
@6FC4 0000000000000001
@6FC5 -000000000000002
@6FC6 0000000000000000
@6FC7 0000000000000000
@6FC8 0000000000000000
@6FC9 -000000000000001
@6FCA 0000000000000000
@6FCB 0000000000000000
@6FCC 0000000000000000
@6FCD 0000000000000000
@6FCE 0000000000000000
@6FCF 0000000000000000
@6FD0 0000000000000000
@6FD1 0000000000000000
@6FD2 0000000000000000
@6FD3 0000000000000000
@6FD4 0000000000000001
@6FD5 0000000000000000
@6FD6 0000000000000000
@6FD7 0000000000000000
@6FD8 0000000000000001
@6FD9 0000000000000000
@6FDA 0000000000000000
@6FDB 0000000000000000
@6FDC 0000000000000000
@6FDD 0000000000000000
@6FDE 0000000000000000
@6FDF 0000000000000000
@6FE0 0000000000000000
@6FE1 0000000000000000
@6FE2 -000000000000001
@6FE3 0000000000000000
@6FE4 0000000000000000
@6FE5 0000000000000000
@6FE6 0000000000000002
@6FE7 0000000000000000
@6FE8 -000000000000001
@6FE9 0000000000000000
@6FEA 0000000000000000
@6FEB 0000000000000000
@6FEC 0000000000000000
@6FED 0000000000000000
@6FEE 0000000000000000
@6FEF 0000000000000000
@6FF0 0000000000000000
@6FF1 0000000000000000
@6FF2 0000000000000000
@6FF3 0000000000000001
@6FF4 0000000000000000
@6FF5 0000000000000000
@6FF6 0000000000000000
@6FF7 0000000000000000
@6FF8 0000000000000000
@6FF9 0000000000000000
@6FFA 0000000000000002
@6FFB 0000000000000000
@6FFC 0000000000000000
@6FFD 0000000000000000
@6FFE 0000000000000000
@6FFF 0000000000000000
@7000 0000000000000000
@7001 0000000000000000
@7002 0000000000000000
@7003 0000000000000000
@7004 0000000000000000
@7005 0000000000000000
@7006 0000000000000000
@7007 0000000000000000
@7008 0000000000000000
@7009 0000000000000001
@700A 0000000000000000
@700B 0000000000000000
@700C 0000000000000001
@700D 0000000000000000
@700E 0000000000000000
@700F 0000000000000000
@7010 -000000000000001
@7011 0000000000000000
@7012 0000000000000000
@7013 0000000000000000
@7014 0000000000000000
@7015 0000000000000000
@7016 0000000000000000
@7017 0000000000000000
@7018 0000000000000000
@7019 0000000000000000
@701A 0000000000000000
@701B 0000000000000000
@701C 0000000000000002
@701D 0000000000000000
@701E 0000000000000000
@701F 0000000000000000
@7020 0000000000000000
@7021 0000000000000000
@7022 -000000000000001
@7023 0000000000000000
@7024 0000000000000000
@7025 0000000000000000
@7026 0000000000000000
@7027 0000000000000000
@7028 0000000000000000
@7029 0000000000000000
@702A 0000000000000000
@702B 0000000000000000
@702C 0000000000000000
@702D 0000000000000000
@702E 0000000000000000
@702F 0000000000000000
@7030 -000000000000001
@7031 0000000000000003
@7032 0000000000000000
@7033 0000000000000000
@7034 0000000000000001
@7035 0000000000000000
@7036 0000000000000000
@7037 0000000000000000
@7038 0000000000000000
@7039 0000000000000000
@703A 0000000000000000
@703B 0000000000000000
@703C 0000000000000000
@703D 0000000000000000
@703E 0000000000000000
@703F 0000000000000000
@7040 0000000000000000
@7041 0000000000000000
@7042 0000000000000000
@7043 0000000000000000
@7044 0000000000000000
@7045 0000000000000000
@7046 0000000000000000
@7047 0000000000000000
@7048 0000000000000000
@7049 0000000000000000
@704A 0000000000000000
@704B 0000000000000001
@704C 0000000000000000
@704D 0000000000000000
@704E 0000000000000000
@704F 0000000000000000
@7050 0000000000000000
@7051 0000000000000000
@7052 0000000000000000
@7053 0000000000000001
@7054 0000000000000000
@7055 0000000000000000
@7056 0000000000000000
@7057 0000000000000000
@7058 0000000000000000
@7059 0000000000000000
@705A 0000000000000000
@705B 0000000000000000
@705C 0000000000000000
@705D 0000000000000000
@705E 0000000000000000
@705F 0000000000000000
@7060 0000000000000000
@7061 -000000000000001
@7062 0000000000000000
@7063 0000000000000000
@7064 0000000000000000
@7065 0000000000000000
@7066 0000000000000000
@7067 0000000000000000
@7068 0000000000000000
@7069 0000000000000000
@706A 0000000000000000
@706B 0000000000000000
@706C 0000000000000000
@706D -000000000000001
@706E 0000000000000000
@706F 0000000000000000
@7070 0000000000000000
@7071 0000000000000000
@7072 0000000000000000
@7073 0000000000000000
@7074 0000000000000000
@7075 0000000000000000
@7076 -000000000000001
@7077 0000000000000000
@7078 0000000000000002
@7079 0000000000000000
@707A 0000000000000000
@707B 0000000000000000
@707C 0000000000000000
@707D -000000000000001
@707E 0000000000000000
@707F 0000000000000000
@7080 0000000000000000
@7081 0000000000000000
@7082 0000000000000000
@7083 0000000000000000
@7084 0000000000000001
@7085 -000000000000001
@7086 0000000000000001
@7087 0000000000000000
@7088 0000000000000001
@7089 -000000000000001
@708A 0000000000000000
@708B 0000000000000000
@708C 0000000000000000
@708D 0000000000000000
@708E 0000000000000000
@708F 0000000000000000
@7090 0000000000000000
@7091 0000000000000000
@7092 0000000000000000
@7093 0000000000000000
@7094 0000000000000000
@7095 0000000000000000
@7096 0000000000000000
@7097 0000000000000000
@7098 0000000000000001
@7099 -000000000000001
@709A -000000000000001
@709B 0000000000000000
@709C 0000000000000000
@709D 0000000000000000
@709E 0000000000000000
@709F 0000000000000000
@70A0 0000000000000000
@70A1 0000000000000000
@70A2 -000000000000001
@70A3 0000000000000000
@70A4 0000000000000000
@70A5 0000000000000000
@70A6 0000000000000003
@70A7 0000000000000000
@70A8 0000000000000000
@70A9 0000000000000000
@70AA -000000000000001
@70AB 0000000000000000
@70AC -000000000000002
@70AD 0000000000000000
@70AE 0000000000000000
@70AF 0000000000000001
@70B0 0000000000000000
@70B1 -000000000000001
@70B2 -000000000000002
@70B3 0000000000000001
@70B4 0000000000000001
@70B5 0000000000000000
@70B6 0000000000000000
@70B7 -000000000000001
@70B8 0000000000000000
@70B9 0000000000000000
@70BA 0000000000000002
@70BB 0000000000000000
@70BC -000000000000002
@70BD 0000000000000000
@70BE 0000000000000000
@70BF 0000000000000000
@70C0 0000000000000000
@70C1 0000000000000001
@70C2 0000000000000001
@70C3 0000000000000000
@70C4 0000000000000000
@70C5 0000000000000000
@70C6 0000000000000000
@70C7 0000000000000000
@70C8 0000000000000000
@70C9 0000000000000000
@70CA 0000000000000000
@70CB 0000000000000000
@70CC 0000000000000000
@70CD 0000000000000000
@70CE 0000000000000000
@70CF 0000000000000000
@70D0 -000000000000001
@70D1 0000000000000000
@70D2 -000000000000001
@70D3 0000000000000000
@70D4 0000000000000000
@70D5 0000000000000000
@70D6 0000000000000002
@70D7 0000000000000000
@70D8 0000000000000000
@70D9 0000000000000000
@70DA -000000000000001
@70DB 0000000000000000
@70DC 0000000000000002
@70DD -000000000000001
@70DE 0000000000000000
@70DF 0000000000000000
@70E0 0000000000000000
@70E1 0000000000000000
@70E2 -000000000000001
@70E3 0000000000000000
@70E4 0000000000000001
@70E5 -000000000000002
@70E6 0000000000000000
@70E7 0000000000000000
@70E8 0000000000000000
@70E9 0000000000000000
@70EA 0000000000000001
@70EB 0000000000000000
@70EC 0000000000000000
@70ED 0000000000000000
@70EE 0000000000000000
@70EF 0000000000000000
@70F0 -000000000000002
@70F1 0000000000000001
@70F2 0000000000000000
@70F3 0000000000000000
@70F4 0000000000000001
@70F5 0000000000000000
@70F6 0000000000000000
@70F7 0000000000000002
@70F8 -000000000000001
@70F9 -000000000000001
@70FA 0000000000000000
@70FB 0000000000000000
@70FC 0000000000000000
@70FD -000000000000003
@70FE 0000000000000000
@70FF 0000000000000000
@7100 0000000000000001
@7101 0000000000000000
@7102 0000000000000000
@7103 0000000000000000
@7104 0000000000000000
@7105 0000000000000000
@7106 0000000000000000
@7107 0000000000000000
@7108 0000000000000000
@7109 0000000000000000
@710A 0000000000000000
@710B 0000000000000002
@710C 0000000000000000
@710D 0000000000000000
@710E -000000000000001
@710F 0000000000000000
@7110 0000000000000000
@7111 0000000000000001
@7112 0000000000000000
@7113 0000000000000000
@7114 0000000000000000
@7115 0000000000000000
@7116 0000000000000000
@7117 0000000000000000
@7118 0000000000000000
@7119 0000000000000000
@711A 0000000000000000
@711B 0000000000000001
@711C 0000000000000001
@711D 0000000000000000
@711E 0000000000000000
@711F 0000000000000000
@7120 0000000000000000
@7121 0000000000000000
@7122 0000000000000001
@7123 -000000000000002
@7124 0000000000000000
@7125 0000000000000000
@7126 0000000000000000
@7127 0000000000000000
@7128 0000000000000001
@7129 0000000000000000
@712A 0000000000000000
@712B 0000000000000000
@712C 0000000000000000
@712D -000000000000002
@712E 0000000000000000
@712F -000000000000001
@7130 0000000000000000
@7131 0000000000000000
@7132 0000000000000000
@7133 0000000000000000
@7134 -000000000000001
@7135 0000000000000001
@7136 0000000000000000
@7137 0000000000000000
@7138 0000000000000001
@7139 0000000000000000
@713A -000000000000002
@713B 0000000000000003
@713C 0000000000000001
@713D -000000000000001
@713E 0000000000000001
@713F 0000000000000000
@7140 0000000000000000
@7141 0000000000000000
@7142 -000000000000002
@7143 0000000000000000
@7144 0000000000000001
@7145 -000000000000001
@7146 -000000000000002
@7147 0000000000000000
@7148 0000000000000000
@7149 -000000000000001
@714A 0000000000000001
@714B 0000000000000000
@714C 0000000000000000
@714D 0000000000000000
@714E 0000000000000000
@714F -000000000000001
@7150 -000000000000001
@7151 0000000000000000
@7152 0000000000000001
@7153 0000000000000000
@7154 0000000000000001
@7155 0000000000000000
@7156 0000000000000000
@7157 0000000000000000
@7158 0000000000000000
@7159 0000000000000000
@715A 0000000000000000
@715B 0000000000000000
@715C 0000000000000000
@715D 0000000000000000
@715E -000000000000001
@715F 0000000000000000
@7160 0000000000000001
@7161 -000000000000001
@7162 -000000000000001
@7163 -000000000000001
@7164 -000000000000001
@7165 -000000000000001
@7166 0000000000000002
@7167 0000000000000000
@7168 -000000000000001
@7169 0000000000000000
@716A 0000000000000000
@716B 0000000000000002
@716C 0000000000000002
@716D 0000000000000000
@716E -000000000000002
@716F 0000000000000000
@7170 0000000000000000
@7171 0000000000000001
@7172 0000000000000000
@7173 0000000000000000
@7174 0000000000000000
@7175 0000000000000000
@7176 0000000000000000
@7177 -000000000000001
@7178 0000000000000000
@7179 0000000000000002
@717A 0000000000000001
@717B 0000000000000001
@717C 0000000000000000
@717D 0000000000000000
@717E 0000000000000000
@717F 0000000000000000
@7180 0000000000000001
@7181 0000000000000000
@7182 0000000000000000
@7183 0000000000000000
@7184 0000000000000000
@7185 0000000000000000
@7186 0000000000000000
@7187 0000000000000000
@7188 0000000000000000
@7189 0000000000000001
@718A -000000000000001
@718B 0000000000000000
@718C 0000000000000002
@718D -000000000000001
@718E 0000000000000000
@718F -000000000000001
@7190 -000000000000002
@7191 0000000000000000
@7192 0000000000000000
@7193 0000000000000001
@7194 0000000000000000
@7195 -000000000000001
@7196 -000000000000001
@7197 0000000000000000
@7198 0000000000000000
@7199 0000000000000000
@719A 0000000000000000
@719B 0000000000000000
@719C 0000000000000000
@719D -000000000000001
@719E -000000000000001
@719F 0000000000000000
@71A0 0000000000000000
@71A1 0000000000000003
@71A2 0000000000000000
@71A3 0000000000000000
@71A4 -000000000000001
@71A5 0000000000000000
@71A6 0000000000000000
@71A7 0000000000000000
@71A8 0000000000000000
@71A9 0000000000000000
@71AA 0000000000000000
@71AB 0000000000000000
@71AC 0000000000000000
@71AD 0000000000000000
@71AE 0000000000000000
@71AF -000000000000001
@71B0 0000000000000000
@71B1 0000000000000005
@71B2 0000000000000000
@71B3 0000000000000000
@71B4 0000000000000001
@71B5 0000000000000000
@71B6 0000000000000001
@71B7 0000000000000000
@71B8 0000000000000000
@71B9 0000000000000002
@71BA 0000000000000001
@71BB 0000000000000000
@71BC 0000000000000002
@71BD 0000000000000000
@71BE -000000000000003
@71BF 0000000000000000
@71C0 0000000000000000
@71C1 0000000000000000
@71C2 0000000000000000
@71C3 0000000000000000
@71C4 0000000000000000
@71C5 -000000000000001
@71C6 0000000000000000
@71C7 0000000000000000
@71C8 0000000000000000
@71C9 0000000000000000
@71CA 0000000000000000
@71CB 0000000000000000
@71CC 0000000000000002
@71CD 0000000000000000
@71CE 0000000000000000
@71CF -000000000000001
@71D0 0000000000000000
@71D1 0000000000000001
@71D2 0000000000000000
@71D3 0000000000000001
@71D4 -000000000000002
@71D5 0000000000000000
@71D6 0000000000000000
@71D7 0000000000000000
@71D8 0000000000000000
@71D9 0000000000000000
@71DA -000000000000001
@71DB 0000000000000000
@71DC 0000000000000000
@71DD 0000000000000000
@71DE 0000000000000000
@71DF 0000000000000001
@71E0 0000000000000002
@71E1 -000000000000001
@71E2 -000000000000002
@71E3 0000000000000000
@71E4 0000000000000000
@71E5 0000000000000000
@71E6 -000000000000002
@71E7 0000000000000000
@71E8 0000000000000001
@71E9 0000000000000000
@71EA 0000000000000000
@71EB 0000000000000000
@71EC 0000000000000000
@71ED -000000000000001
@71EE -000000000000001
@71EF -000000000000001
@71F0 -000000000000001
@71F1 0000000000000000
@71F2 0000000000000000
@71F3 0000000000000001
@71F4 0000000000000001
@71F5 -000000000000002
@71F6 0000000000000000
@71F7 0000000000000000
@71F8 0000000000000000
@71F9 0000000000000000
@71FA 0000000000000001
@71FB 0000000000000000
@71FC 0000000000000000
@71FD -000000000000001
@71FE 0000000000000000
@71FF 0000000000000000
@7200 0000000000000000
@7201 0000000000000000
@7202 0000000000000000
@7203 0000000000000000
@7204 0000000000000001
@7205 -000000000000001
@7206 0000000000000002
@7207 0000000000000001
@7208 0000000000000001
@7209 -000000000000001
@720A 0000000000000000
@720B 0000000000000001
@720C 0000000000000000
@720D 0000000000000001
@720E 0000000000000000
@720F 0000000000000000
@7210 0000000000000000
@7211 -000000000000001
@7212 0000000000000000
@7213 0000000000000000
@7214 0000000000000000
@7215 0000000000000000
@7216 0000000000000001
@7217 0000000000000001
@7218 0000000000000001
@7219 -000000000000002
@721A 0000000000000001
@721B 0000000000000001
@721C 0000000000000000
@721D -000000000000001
@721E 0000000000000002
@721F 0000000000000000
@7220 0000000000000000
@7221 0000000000000000
@7222 -000000000000002
@7223 0000000000000000
@7224 0000000000000001
@7225 0000000000000001
@7226 0000000000000003
@7227 0000000000000000
@7228 0000000000000000
@7229 0000000000000000
@722A 0000000000000000
@722B 0000000000000000
@722C -000000000000001
@722D 0000000000000000
@722E 0000000000000000
@722F -000000000000001
@7230 0000000000000000
@7231 -000000000000002
@7232 -000000000000001
@7233 0000000000000000
@7234 0000000000000000
@7235 0000000000000000
@7236 0000000000000003
@7237 0000000000000000
@7238 -000000000000001
@7239 0000000000000001
@723A 0000000000000001
@723B 0000000000000000
@723C -000000000000001
@723D 0000000000000000
@723E 0000000000000000
@723F 0000000000000000
@7240 -000000000000001
@7241 0000000000000001
@7242 0000000000000001
@7243 0000000000000000
@7244 0000000000000000
@7245 -000000000000001
@7246 0000000000000000
@7247 0000000000000000
@7248 0000000000000000
@7249 0000000000000001
@724A 0000000000000000
@724B 0000000000000000
@724C 0000000000000000
@724D -000000000000001
@724E -000000000000001
@724F 0000000000000000
@7250 -000000000000003
@7251 0000000000000000
@7252 -000000000000002
@7253 0000000000000000
@7254 0000000000000000
@7255 0000000000000000
@7256 0000000000000000
@7257 0000000000000001
@7258 0000000000000000
@7259 0000000000000000
@725A 0000000000000001
@725B 0000000000000000
@725C 0000000000000004
@725D -000000000000001
@725E 0000000000000003
@725F 0000000000000001
@7260 0000000000000000
@7261 -000000000000001
@7262 -000000000000001
@7263 0000000000000000
@7264 0000000000000000
@7265 -000000000000001
@7266 0000000000000000
@7267 0000000000000000
@7268 0000000000000000
@7269 0000000000000001
@726A 0000000000000000
@726B -000000000000001
@726C 0000000000000000
@726D 0000000000000001
@726E 0000000000000000
@726F 0000000000000000
@7270 -000000000000002
@7271 0000000000000000
@7272 0000000000000000
@7273 0000000000000000
@7274 0000000000000001
@7275 0000000000000000
@7276 0000000000000001
@7277 0000000000000000
@7278 -000000000000002
@7279 0000000000000000
@727A -000000000000001
@727B 0000000000000000
@727C 0000000000000000
@727D -000000000000001
@727E 0000000000000001
@727F 0000000000000000
@7280 0000000000000000
@7281 -000000000000001
@7282 -000000000000002
@7283 0000000000000000
@7284 0000000000000000
@7285 -000000000000002
@7286 -000000000000001
@7287 0000000000000000
@7288 -000000000000001
@7289 0000000000000000
@728A 0000000000000000
@728B 0000000000000004
@728C 0000000000000000
@728D 0000000000000000
@728E 0000000000000000
@728F 0000000000000000
@7290 0000000000000000
@7291 0000000000000001
@7292 0000000000000000
@7293 0000000000000001
@7294 0000000000000000
@7295 0000000000000000
@7296 0000000000000000
@7297 0000000000000000
@7298 -000000000000002
@7299 0000000000000001
@729A 0000000000000001
@729B 0000000000000000
@729C 0000000000000000
@729D 0000000000000000
@729E 0000000000000000
@729F -000000000000001
@72A0 0000000000000000
@72A1 -000000000000001
@72A2 0000000000000001
@72A3 -000000000000001
@72A4 0000000000000000
@72A5 0000000000000000
@72A6 0000000000000000
@72A7 0000000000000000
@72A8 0000000000000000
@72A9 0000000000000000
@72AA -000000000000002
@72AB 0000000000000000
@72AC 0000000000000000
@72AD -000000000000001
@72AE 0000000000000001
@72AF 0000000000000000
@72B0 0000000000000000
@72B1 0000000000000000
@72B2 0000000000000000
@72B3 0000000000000000
@72B4 0000000000000000
@72B5 -000000000000001
@72B6 0000000000000000
@72B7 -000000000000001
@72B8 -000000000000001
@72B9 0000000000000000
@72BA -000000000000003
@72BB 0000000000000001
@72BC 0000000000000001
@72BD -000000000000001
@72BE 0000000000000001
@72BF 0000000000000000
@72C0 0000000000000000
@72C1 -000000000000001
@72C2 -000000000000003
@72C3 -000000000000001
@72C4 0000000000000001
@72C5 -000000000000002
@72C6 -000000000000001
@72C7 0000000000000000
@72C8 -000000000000001
@72C9 0000000000000000
@72CA 0000000000000000
@72CB -000000000000001
@72CC 0000000000000000
@72CD 0000000000000000
@72CE -000000000000001
@72CF 0000000000000000
@72D0 0000000000000000
@72D1 0000000000000000
@72D2 0000000000000000
@72D3 0000000000000000
@72D4 0000000000000000
@72D5 0000000000000000
@72D6 0000000000000000
@72D7 0000000000000000
@72D8 -000000000000001
@72D9 0000000000000000
@72DA 0000000000000000
@72DB 0000000000000000
@72DC -000000000000001
@72DD 0000000000000001
@72DE 0000000000000000
@72DF 0000000000000000
@72E0 0000000000000000
@72E1 0000000000000000
@72E2 -000000000000001
@72E3 -000000000000002
@72E4 0000000000000000
@72E5 0000000000000000
@72E6 0000000000000002
@72E7 0000000000000001
@72E8 -000000000000002
@72E9 0000000000000000
@72EA -000000000000001
@72EB 0000000000000003
@72EC 0000000000000002
@72ED 0000000000000000
@72EE 0000000000000000
@72EF 0000000000000001
@72F0 -000000000000001
@72F1 0000000000000002
@72F2 0000000000000000
@72F3 0000000000000000
@72F4 0000000000000000
@72F5 0000000000000000
@72F6 0000000000000001
@72F7 -000000000000002
@72F8 0000000000000001
@72F9 0000000000000004
@72FA 0000000000000002
@72FB 0000000000000001
@72FC -000000000000002
@72FD 0000000000000000
@72FE 0000000000000000
@72FF -000000000000001
@7300 0000000000000001
@7301 0000000000000000
@7302 0000000000000000
@7303 0000000000000000
@7304 0000000000000000
@7305 0000000000000000
@7306 0000000000000001
@7307 0000000000000000
@7308 0000000000000000
@7309 0000000000000001
@730A -000000000000004
@730B 0000000000000000
@730C 0000000000000003
@730D 0000000000000000
@730E 0000000000000000
@730F -000000000000002
@7310 -000000000000002
@7311 0000000000000000
@7312 0000000000000000
@7313 0000000000000000
@7314 0000000000000000
@7315 0000000000000000
@7316 -000000000000002
@7317 0000000000000000
@7318 0000000000000000
@7319 -000000000000001
@731A -000000000000001
@731B 0000000000000000
@731C 0000000000000000
@731D -000000000000001
@731E -000000000000001
@731F 0000000000000000
@7320 0000000000000000
@7321 0000000000000002
@7322 0000000000000002
@7323 0000000000000002
@7324 -000000000000003
@7325 0000000000000000
@7326 0000000000000000
@7327 0000000000000000
@7328 -000000000000001
@7329 0000000000000001
@732A 0000000000000000
@732B 0000000000000000
@732C 0000000000000000
@732D 0000000000000000
@732E 0000000000000000
@732F -000000000000001
@7330 0000000000000000
@7331 0000000000000002
@7332 0000000000000000
@7333 0000000000000000
@7334 0000000000000001
@7335 0000000000000000
@7336 0000000000000000
@7337 0000000000000000
@7338 0000000000000001
@7339 0000000000000000
@733A 0000000000000001
@733B 0000000000000000
@733C 0000000000000001
@733D -000000000000001
@733E -000000000000002
@733F 0000000000000000
@7340 0000000000000002
@7341 0000000000000000
@7342 0000000000000002
@7343 0000000000000000
@7344 0000000000000001
@7345 0000000000000000
@7346 0000000000000000
@7347 0000000000000000
@7348 -000000000000001
@7349 0000000000000000
@734A 0000000000000000
@734B -000000000000001
@734C 0000000000000000
@734D 0000000000000000
@734E 0000000000000000
@734F 0000000000000000
@7350 -000000000000001
@7351 0000000000000000
@7352 0000000000000000
@7353 0000000000000000
@7354 -000000000000001
@7355 0000000000000000
@7356 0000000000000001
@7357 0000000000000000
@7358 -000000000000001
@7359 0000000000000000
@735A 0000000000000001
@735B 0000000000000000
@735C 0000000000000001
@735D 0000000000000000
@735E 0000000000000000
@735F 0000000000000000
@7360 0000000000000000
@7361 0000000000000000
@7362 0000000000000000
@7363 0000000000000000
@7364 0000000000000000
@7365 0000000000000000
@7366 -000000000000004
@7367 0000000000000001
@7368 0000000000000001
@7369 0000000000000001
@736A 0000000000000001
@736B 0000000000000000
@736C 0000000000000001
@736D -000000000000002
@736E 0000000000000000
@736F 0000000000000000
@7370 -000000000000001
@7371 0000000000000000
@7372 0000000000000000
@7373 0000000000000000
@7374 0000000000000000
@7375 0000000000000000
@7376 0000000000000000
@7377 0000000000000000
@7378 -000000000000001
@7379 0000000000000000
@737A 0000000000000003
@737B 0000000000000000
@737C 0000000000000000
@737D -000000000000001
@737E 0000000000000000
@737F 0000000000000000
@7380 0000000000000000
@7381 0000000000000000
@7382 -000000000000002
@7383 0000000000000000
@7384 0000000000000001
@7385 -000000000000002
@7386 0000000000000000
@7387 0000000000000000
@7388 0000000000000000
@7389 -000000000000001
@738A 0000000000000000
@738B 0000000000000000
@738C 0000000000000000
@738D 0000000000000000
@738E 0000000000000000
@738F 0000000000000000
@7390 0000000000000000
@7391 0000000000000000
@7392 0000000000000000
@7393 0000000000000000
@7394 0000000000000001
@7395 0000000000000000
@7396 0000000000000000
@7397 0000000000000000
@7398 0000000000000001
@7399 0000000000000000
@739A 0000000000000000
@739B 0000000000000000
@739C 0000000000000000
@739D 0000000000000000
@739E 0000000000000000
@739F 0000000000000000
@73A0 0000000000000000
@73A1 0000000000000000
@73A2 -000000000000001
@73A3 0000000000000000
@73A4 0000000000000000
@73A5 0000000000000000
@73A6 0000000000000002
@73A7 0000000000000000
@73A8 -000000000000001
@73A9 0000000000000000
@73AA 0000000000000000
@73AB 0000000000000000
@73AC 0000000000000000
@73AD 0000000000000000
@73AE 0000000000000000
@73AF 0000000000000000
@73B0 0000000000000000
@73B1 0000000000000000
@73B2 0000000000000000
@73B3 0000000000000001
@73B4 0000000000000000
@73B5 0000000000000000
@73B6 -000000000000001
@73B7 0000000000000000
@73B8 0000000000000000
@73B9 -000000000000001
@73BA 0000000000000002
@73BB 0000000000000000
@73BC 0000000000000000
@73BD 0000000000000000
@73BE 0000000000000000
@73BF 0000000000000000
@73C0 0000000000000000
@73C1 0000000000000000
@73C2 0000000000000000
@73C3 0000000000000000
@73C4 0000000000000000
@73C5 0000000000000000
@73C6 0000000000000000
@73C7 0000000000000000
@73C8 0000000000000000
@73C9 0000000000000001
@73CA -000000000000001
@73CB 0000000000000000
@73CC 0000000000000001
@73CD 0000000000000000
@73CE 0000000000000000
@73CF 0000000000000000
@73D0 -000000000000001
@73D1 0000000000000000
@73D2 0000000000000000
@73D3 0000000000000000
@73D4 0000000000000000
@73D5 0000000000000000
@73D6 0000000000000000
@73D7 0000000000000000
@73D8 0000000000000000
@73D9 0000000000000000
@73DA 0000000000000000
@73DB 0000000000000000
@73DC 0000000000000001
@73DD 0000000000000000
@73DE 0000000000000000
@73DF 0000000000000000
@73E0 0000000000000000
@73E1 0000000000000000
@73E2 -000000000000001
@73E3 0000000000000000
@73E4 0000000000000000
@73E5 0000000000000000
@73E6 0000000000000000
@73E7 0000000000000000
@73E8 0000000000000000
@73E9 0000000000000000
@73EA 0000000000000000
@73EB 0000000000000000
@73EC 0000000000000000
@73ED 0000000000000000
@73EE 0000000000000000
@73EF 0000000000000000
@73F0 0000000000000000
@73F1 0000000000000002
@73F2 0000000000000000
@73F3 0000000000000000
@73F4 0000000000000000
@73F5 0000000000000000
@73F6 0000000000000000
@73F7 0000000000000001
@73F8 0000000000000000
@73F9 0000000000000000
@73FA 0000000000000000
@73FB 0000000000000000
@73FC 0000000000000000
@73FD 0000000000000000
@73FE 0000000000000000
@73FF 0000000000000000
@7400 0000000000000000
@7401 0000000000000000
@7402 0000000000000000
@7403 0000000000000000
@7404 0000000000000000
@7405 0000000000000000
@7406 0000000000000000
@7407 0000000000000000
@7408 0000000000000000
@7409 0000000000000000
@740A 0000000000000000
@740B 0000000000000001
@740C 0000000000000000
@740D 0000000000000000
@740E 0000000000000000
@740F 0000000000000000
@7410 0000000000000000
@7411 0000000000000000
@7412 0000000000000000
@7413 0000000000000001
@7414 0000000000000000
@7415 0000000000000000
@7416 0000000000000000
@7417 0000000000000000
@7418 0000000000000001
@7419 0000000000000000
@741A 0000000000000000
@741B 0000000000000000
@741C 0000000000000000
@741D 0000000000000000
@741E 0000000000000000
@741F 0000000000000000
@7420 0000000000000000
@7421 0000000000000000
@7422 0000000000000000
@7423 0000000000000000
@7424 0000000000000000
@7425 0000000000000000
@7426 0000000000000000
@7427 0000000000000000
@7428 0000000000000000
@7429 0000000000000000
@742A 0000000000000000
@742B 0000000000000000
@742C 0000000000000000
@742D -000000000000001
@742E 0000000000000000
@742F 0000000000000000
@7430 0000000000000000
@7431 0000000000000000
@7432 0000000000000000
@7433 0000000000000000
@7434 0000000000000000
@7435 0000000000000000
@7436 -000000000000001
@7437 0000000000000000
@7438 0000000000000002
@7439 0000000000000000
@743A 0000000000000001
@743B 0000000000000000
@743C 0000000000000000
@743D 0000000000000000
@743E 0000000000000000
@743F 0000000000000000
@7440 0000000000000000
@7441 0000000000000000
@7442 -000000000000002
@7443 0000000000000000
@7444 0000000000000001
@7445 -000000000000002
@7446 0000000000000000
@7447 0000000000000000
@7448 0000000000000000
@7449 -000000000000001
@744A 0000000000000000
@744B 0000000000000000
@744C 0000000000000000
@744D 0000000000000000
@744E 0000000000000000
@744F 0000000000000000
@7450 0000000000000000
@7451 0000000000000000
@7452 0000000000000000
@7453 0000000000000000
@7454 0000000000000001
@7455 0000000000000000
@7456 0000000000000000
@7457 0000000000000000
@7458 0000000000000001
@7459 0000000000000000
@745A 0000000000000000
@745B 0000000000000000
@745C 0000000000000000
@745D 0000000000000000
@745E 0000000000000000
@745F 0000000000000000
@7460 0000000000000000
@7461 0000000000000000
@7462 -000000000000001
@7463 0000000000000000
@7464 0000000000000000
@7465 0000000000000000
@7466 0000000000000002
@7467 0000000000000000
@7468 -000000000000001
@7469 0000000000000000
@746A 0000000000000000
@746B 0000000000000000
@746C 0000000000000000
@746D 0000000000000000
@746E 0000000000000000
@746F 0000000000000000
@7470 0000000000000000
@7471 0000000000000000
@7472 0000000000000000
@7473 0000000000000001
@7474 0000000000000000
@7475 0000000000000000
@7476 -000000000000001
@7477 0000000000000000
@7478 0000000000000000
@7479 -000000000000001
@747A 0000000000000002
@747B 0000000000000000
@747C 0000000000000000
@747D 0000000000000000
@747E 0000000000000000
@747F 0000000000000000
@7480 0000000000000000
@7481 0000000000000000
@7482 0000000000000000
@7483 0000000000000000
@7484 0000000000000000
@7485 0000000000000000
@7486 0000000000000000
@7487 0000000000000000
@7488 0000000000000000
@7489 0000000000000001
@748A -000000000000001
@748B 0000000000000000
@748C 0000000000000001
@748D 0000000000000000
@748E 0000000000000000
@748F 0000000000000000
@7490 -000000000000001
@7491 0000000000000000
@7492 0000000000000000
@7493 0000000000000000
@7494 0000000000000000
@7495 0000000000000000
@7496 0000000000000000
@7497 0000000000000000
@7498 0000000000000000
@7499 0000000000000000
@749A 0000000000000000
@749B 0000000000000000
@749C 0000000000000001
@749D 0000000000000000
@749E 0000000000000000
@749F 0000000000000000
@74A0 0000000000000000
@74A1 0000000000000000
@74A2 -000000000000001
@74A3 0000000000000000
@74A4 0000000000000000
@74A5 0000000000000000
@74A6 0000000000000000
@74A7 0000000000000000
@74A8 0000000000000000
@74A9 0000000000000000
@74AA 0000000000000000
@74AB 0000000000000000
@74AC 0000000000000000
@74AD 0000000000000000
@74AE 0000000000000000
@74AF 0000000000000000
@74B0 0000000000000000
@74B1 0000000000000003
@74B2 0000000000000000
@74B3 0000000000000000
@74B4 0000000000000000
@74B5 0000000000000000
@74B6 0000000000000000
@74B7 0000000000000001
@74B8 0000000000000000
@74B9 0000000000000000
@74BA 0000000000000000
@74BB 0000000000000000
@74BC 0000000000000000
@74BD 0000000000000000
@74BE 0000000000000000
@74BF 0000000000000000
@74C0 0000000000000000
@74C1 0000000000000000
@74C2 0000000000000000
@74C3 0000000000000000
@74C4 0000000000000000
@74C5 0000000000000000
@74C6 0000000000000000
@74C7 0000000000000000
@74C8 0000000000000000
@74C9 0000000000000000
@74CA 0000000000000000
@74CB 0000000000000001
@74CC 0000000000000000
@74CD 0000000000000000
@74CE 0000000000000000
@74CF 0000000000000000
@74D0 0000000000000000
@74D1 0000000000000000
@74D2 0000000000000000
@74D3 0000000000000001
@74D4 0000000000000000
@74D5 0000000000000000
@74D6 0000000000000000
@74D7 0000000000000000
@74D8 0000000000000001
@74D9 0000000000000000
@74DA 0000000000000000
@74DB 0000000000000000
@74DC 0000000000000000
@74DD 0000000000000000
@74DE 0000000000000000
@74DF 0000000000000000
@74E0 0000000000000000
@74E1 0000000000000000
@74E2 0000000000000000
@74E3 0000000000000000
@74E4 0000000000000000
@74E5 0000000000000000
@74E6 0000000000000000
@74E7 0000000000000000
@74E8 0000000000000000
@74E9 0000000000000000
@74EA 0000000000000000
@74EB 0000000000000000
@74EC 0000000000000000
@74ED -000000000000001
@74EE 0000000000000000
@74EF 0000000000000000
@74F0 0000000000000000
@74F1 0000000000000000
@74F2 0000000000000000
@74F3 0000000000000000
@74F4 0000000000000000
@74F5 0000000000000000
@74F6 -000000000000001
@74F7 0000000000000000
@74F8 0000000000000002
@74F9 0000000000000000
@74FA 0000000000000001
@74FB 0000000000000000
@74FC 0000000000000000
@74FD 0000000000000000
@74FE 0000000000000000
@74FF 0000000000000000
@7500 0000000000000000
@7501 0000000000000000
@7502 -000000000000002
@7503 0000000000000000
@7504 0000000000000001
@7505 -000000000000002
@7506 0000000000000000
@7507 0000000000000000
@7508 0000000000000000
@7509 -000000000000001
@750A 0000000000000000
@750B 0000000000000000
@750C 0000000000000000
@750D 0000000000000000
@750E 0000000000000000
@750F 0000000000000000
@7510 0000000000000000
@7511 0000000000000000
@7512 0000000000000000
@7513 0000000000000000
@7514 0000000000000001
@7515 0000000000000000
@7516 0000000000000000
@7517 0000000000000000
@7518 0000000000000001
@7519 0000000000000000
@751A 0000000000000000
@751B 0000000000000000
@751C 0000000000000000
@751D 0000000000000000
@751E 0000000000000000
@751F 0000000000000000
@7520 0000000000000000
@7521 0000000000000000
@7522 -000000000000001
@7523 0000000000000000
@7524 0000000000000000
@7525 0000000000000000
@7526 0000000000000002
@7527 0000000000000000
@7528 -000000000000001
@7529 0000000000000000
@752A 0000000000000000
@752B 0000000000000000
@752C 0000000000000000
@752D 0000000000000000
@752E 0000000000000000
@752F 0000000000000000
@7530 0000000000000000
@7531 0000000000000000
@7532 0000000000000000
@7533 0000000000000001
@7534 0000000000000000
@7535 0000000000000000
@7536 -000000000000001
@7537 0000000000000000
@7538 0000000000000000
@7539 0000000000000000
@753A 0000000000000002
@753B 0000000000000000
@753C 0000000000000000
@753D 0000000000000000
@753E 0000000000000000
@753F 0000000000000000
@7540 0000000000000000
@7541 0000000000000000
@7542 0000000000000000
@7543 0000000000000000
@7544 0000000000000000
@7545 0000000000000000
@7546 0000000000000000
@7547 0000000000000000
@7548 0000000000000000
@7549 0000000000000001
@754A -000000000000001
@754B 0000000000000000
@754C 0000000000000000
@754D 0000000000000000
@754E 0000000000000000
@754F 0000000000000000
@7550 -000000000000001
@7551 0000000000000000
@7552 0000000000000000
@7553 0000000000000000
@7554 0000000000000000
@7555 0000000000000000
@7556 0000000000000000
@7557 0000000000000000
@7558 0000000000000000
@7559 0000000000000000
@755A 0000000000000000
@755B 0000000000000000
@755C 0000000000000001
@755D 0000000000000000
@755E 0000000000000000
@755F 0000000000000000
@7560 0000000000000000
@7561 0000000000000000
@7562 -000000000000001
@7563 0000000000000000
@7564 0000000000000000
@7565 0000000000000000
@7566 0000000000000000
@7567 0000000000000000
@7568 0000000000000000
@7569 0000000000000000
@756A 0000000000000000
@756B 0000000000000000
@756C 0000000000000000
@756D 0000000000000000
@756E 0000000000000000
@756F 0000000000000000
@7570 0000000000000000
@7571 0000000000000003
@7572 0000000000000000
@7573 0000000000000000
@7574 0000000000000000
@7575 0000000000000000
@7576 0000000000000000
@7577 0000000000000001
@7578 0000000000000000
@7579 0000000000000000
@757A 0000000000000000
@757B 0000000000000000
@757C 0000000000000000
@757D 0000000000000000
@757E 0000000000000000
@757F 0000000000000000
@7580 0000000000000000
@7581 0000000000000000
@7582 0000000000000000
@7583 0000000000000000
@7584 0000000000000000
@7585 0000000000000000
@7586 0000000000000000
@7587 0000000000000000
@7588 0000000000000000
@7589 0000000000000000
@758A 0000000000000000
@758B 0000000000000001
@758C 0000000000000000
@758D 0000000000000000
@758E 0000000000000000
@758F 0000000000000000
@7590 0000000000000000
@7591 0000000000000000
@7592 0000000000000000
@7593 0000000000000001
@7594 0000000000000000
@7595 0000000000000000
@7596 0000000000000000
@7597 0000000000000000
@7598 0000000000000000
@7599 0000000000000000
@759A 0000000000000000
@759B 0000000000000000
@759C 0000000000000000
@759D 0000000000000000
@759E 0000000000000000
@759F 0000000000000000
@75A0 0000000000000000
@75A1 0000000000000000
@75A2 0000000000000000
@75A3 0000000000000000
@75A4 0000000000000000
@75A5 0000000000000000
@75A6 0000000000000000
@75A7 0000000000000000
@75A8 0000000000000000
@75A9 0000000000000000
@75AA 0000000000000000
@75AB 0000000000000000
@75AC 0000000000000000
@75AD -000000000000001
@75AE 0000000000000000
@75AF 0000000000000000
@75B0 0000000000000000
@75B1 0000000000000000
@75B2 0000000000000000
@75B3 0000000000000000
@75B4 0000000000000000
@75B5 0000000000000000
@75B6 -000000000000001
@75B7 0000000000000000
@75B8 0000000000000002
@75B9 0000000000000000
@75BA 0000000000000001
@75BB 0000000000000000
@75BC 0000000000000000
@75BD 0000000000000000
@75BE 0000000000000000
@75BF 0000000000000000
@75C0 0000000000000000
@75C1 0000000000000000
@75C2 -000000000000001
@75C3 0000000000000000
@75C4 0000000000000001
@75C5 -000000000000002
@75C6 0000000000000000
@75C7 0000000000000000
@75C8 0000000000000000
@75C9 -000000000000001
@75CA 0000000000000000
@75CB 0000000000000000
@75CC 0000000000000000
@75CD 0000000000000000
@75CE 0000000000000000
@75CF 0000000000000000
@75D0 0000000000000000
@75D1 0000000000000000
@75D2 0000000000000000
@75D3 0000000000000000
@75D4 0000000000000001
@75D5 0000000000000000
@75D6 0000000000000000
@75D7 0000000000000000
@75D8 0000000000000001
@75D9 0000000000000000
@75DA 0000000000000000
@75DB 0000000000000000
@75DC 0000000000000000
@75DD 0000000000000000
@75DE 0000000000000000
@75DF 0000000000000000
@75E0 0000000000000000
@75E1 0000000000000000
@75E2 -000000000000001
@75E3 0000000000000000
@75E4 0000000000000000
@75E5 0000000000000000
@75E6 0000000000000002
@75E7 0000000000000000
@75E8 -000000000000001
@75E9 0000000000000000
@75EA 0000000000000000
@75EB 0000000000000000
@75EC 0000000000000000
@75ED 0000000000000000
@75EE 0000000000000000
@75EF 0000000000000000
@75F0 0000000000000000
@75F1 0000000000000000
@75F2 0000000000000000
@75F3 0000000000000001
@75F4 0000000000000000
@75F5 0000000000000000
@75F6 -000000000000001
@75F7 0000000000000000
@75F8 0000000000000000
@75F9 0000000000000000
@75FA 0000000000000002
@75FB 0000000000000000
@75FC 0000000000000000
@75FD 0000000000000000
@75FE 0000000000000000
@75FF 0000000000000000
@7600 0000000000000000
@7601 0000000000000000
@7602 0000000000000000
@7603 0000000000000000
@7604 0000000000000000
@7605 0000000000000000
@7606 0000000000000000
@7607 0000000000000000
@7608 0000000000000000
@7609 0000000000000001
@760A 0000000000000000
@760B 0000000000000000
@760C 0000000000000001
@760D 0000000000000000
@760E 0000000000000000
@760F 0000000000000000
@7610 -000000000000001
@7611 0000000000000000
@7612 0000000000000000
@7613 0000000000000000
@7614 0000000000000000
@7615 0000000000000000
@7616 0000000000000000
@7617 0000000000000000
@7618 0000000000000000
@7619 0000000000000000
@761A 0000000000000000
@761B 0000000000000000
@761C 0000000000000002
@761D 0000000000000000
@761E 0000000000000000
@761F 0000000000000000
@7620 0000000000000000
@7621 0000000000000000
@7622 -000000000000001
@7623 0000000000000000
@7624 0000000000000000
@7625 0000000000000000
@7626 0000000000000000
@7627 0000000000000000
@7628 0000000000000000
@7629 0000000000000000
@762A 0000000000000000
@762B 0000000000000000
@762C 0000000000000000
@762D 0000000000000000
@762E 0000000000000000
@762F 0000000000000000
@7630 0000000000000000
@7631 0000000000000002
@7632 0000000000000000
@7633 0000000000000000
@7634 0000000000000000
@7635 0000000000000000
@7636 0000000000000000
@7637 0000000000000001
@7638 0000000000000000
@7639 0000000000000000
@763A 0000000000000000
@763B 0000000000000000
@763C 0000000000000000
@763D 0000000000000000
@763E 0000000000000000
@763F 0000000000000000
@7640 0000000000000000
@7641 0000000000000000
@7642 0000000000000000
@7643 0000000000000000
@7644 0000000000000000
@7645 0000000000000000
@7646 0000000000000000
@7647 0000000000000000
@7648 0000000000000000
@7649 0000000000000000
@764A 0000000000000000
@764B 0000000000000001
@764C 0000000000000000
@764D 0000000000000000
@764E 0000000000000000
@764F 0000000000000000
@7650 0000000000000000
@7651 0000000000000000
@7652 0000000000000000
@7653 0000000000000001
@7654 0000000000000000
@7655 0000000000000000
@7656 0000000000000000
@7657 0000000000000000
@7658 0000000000000000
@7659 0000000000000000
@765A 0000000000000000
@765B 0000000000000000
@765C 0000000000000000
@765D 0000000000000000
@765E 0000000000000000
@765F 0000000000000000
@7660 0000000000000000
@7661 0000000000000000
@7662 0000000000000000
@7663 0000000000000000
@7664 0000000000000000
@7665 0000000000000000
@7666 0000000000000000
@7667 0000000000000000
@7668 0000000000000000
@7669 0000000000000000
@766A 0000000000000000
@766B 0000000000000000
@766C 0000000000000000
@766D -000000000000001
@766E 0000000000000000
@766F 0000000000000000
@7670 0000000000000000
@7671 0000000000000000
@7672 0000000000000000
@7673 0000000000000000
@7674 0000000000000000
@7675 0000000000000000
@7676 -000000000000001
@7677 0000000000000000
@7678 0000000000000002
@7679 0000000000000000
@767A 0000000000000001
@767B 0000000000000000
@767C 0000000000000000
@767D -000000000000001
@767E 0000000000000000
@767F 0000000000000000
@7680 0000000000000000
@7681 0000000000000000
@7682 -000000000000001
@7683 0000000000000000
@7684 0000000000000001
@7685 -000000000000002
@7686 0000000000000000
@7687 0000000000000000
@7688 0000000000000000
@7689 -000000000000001
@768A 0000000000000000
@768B 0000000000000000
@768C 0000000000000000
@768D 0000000000000000
@768E 0000000000000000
@768F 0000000000000000
@7690 0000000000000000
@7691 0000000000000000
@7692 0000000000000000
@7693 0000000000000000
@7694 0000000000000001
@7695 0000000000000000
@7696 0000000000000000
@7697 0000000000000000
@7698 0000000000000001
@7699 0000000000000000
@769A 0000000000000000
@769B 0000000000000000
@769C 0000000000000000
@769D 0000000000000000
@769E 0000000000000000
@769F 0000000000000000
@76A0 0000000000000000
@76A1 0000000000000000
@76A2 -000000000000001
@76A3 0000000000000000
@76A4 0000000000000000
@76A5 0000000000000000
@76A6 0000000000000002
@76A7 0000000000000000
@76A8 -000000000000001
@76A9 0000000000000000
@76AA 0000000000000000
@76AB 0000000000000000
@76AC 0000000000000000
@76AD 0000000000000000
@76AE 0000000000000000
@76AF 0000000000000000
@76B0 0000000000000000
@76B1 0000000000000000
@76B2 0000000000000000
@76B3 0000000000000001
@76B4 0000000000000000
@76B5 0000000000000000
@76B6 0000000000000000
@76B7 0000000000000000
@76B8 0000000000000000
@76B9 0000000000000000
@76BA 0000000000000002
@76BB 0000000000000000
@76BC 0000000000000000
@76BD 0000000000000000
@76BE 0000000000000000
@76BF 0000000000000000
@76C0 0000000000000000
@76C1 0000000000000000
@76C2 0000000000000000
@76C3 0000000000000000
@76C4 0000000000000000
@76C5 0000000000000000
@76C6 0000000000000000
@76C7 0000000000000000
@76C8 0000000000000000
@76C9 0000000000000001
@76CA -000000000000001
@76CB 0000000000000000
@76CC 0000000000000001
@76CD 0000000000000000
@76CE 0000000000000000
@76CF 0000000000000000
@76D0 -000000000000001
@76D1 0000000000000000
@76D2 0000000000000000
@76D3 0000000000000000
@76D4 0000000000000000
@76D5 0000000000000000
@76D6 0000000000000000
@76D7 0000000000000000
@76D8 0000000000000000
@76D9 0000000000000000
@76DA 0000000000000000
@76DB 0000000000000000
@76DC 0000000000000002
@76DD 0000000000000000
@76DE 0000000000000000
@76DF 0000000000000000
@76E0 0000000000000000
@76E1 0000000000000000
@76E2 -000000000000001
@76E3 0000000000000000
@76E4 0000000000000000
@76E5 0000000000000000
@76E6 0000000000000000
@76E7 0000000000000000
@76E8 0000000000000000
@76E9 0000000000000000
@76EA 0000000000000000
@76EB 0000000000000000
@76EC 0000000000000000
@76ED 0000000000000000
@76EE 0000000000000000
@76EF 0000000000000000
@76F0 0000000000000000
@76F1 0000000000000002
@76F2 0000000000000000
@76F3 0000000000000000
@76F4 0000000000000000
@76F5 0000000000000000
@76F6 0000000000000000
@76F7 0000000000000000
@76F8 0000000000000000
@76F9 0000000000000000
@76FA 0000000000000000
@76FB 0000000000000000
@76FC 0000000000000000
@76FD 0000000000000000
@76FE 0000000000000000
@76FF 0000000000000000
@7700 0000000000000000
@7701 0000000000000000
@7702 0000000000000000
@7703 0000000000000000
@7704 0000000000000000
@7705 0000000000000000
@7706 0000000000000000
@7707 0000000000000000
@7708 0000000000000000
@7709 0000000000000000
@770A 0000000000000000
@770B 0000000000000001
@770C 0000000000000000
@770D 0000000000000000
@770E 0000000000000000
@770F 0000000000000000
@7710 0000000000000000
@7711 0000000000000000
@7712 0000000000000000
@7713 0000000000000001
@7714 0000000000000000
@7715 0000000000000000
@7716 0000000000000000
@7717 0000000000000000
@7718 0000000000000000
@7719 0000000000000000
@771A 0000000000000000
@771B 0000000000000000
@771C 0000000000000000
@771D 0000000000000000
@771E 0000000000000000
@771F 0000000000000000
@7720 0000000000000000
@7721 0000000000000000
@7722 0000000000000000
@7723 0000000000000000
@7724 0000000000000000
@7725 0000000000000000
@7726 0000000000000000
@7727 0000000000000000
@7728 0000000000000000
@7729 0000000000000000
@772A 0000000000000000
@772B 0000000000000000
@772C 0000000000000000
@772D -000000000000001
@772E 0000000000000000
@772F 0000000000000000
@7730 0000000000000000
@7731 0000000000000000
@7732 0000000000000000
@7733 0000000000000000
@7734 0000000000000000
@7735 0000000000000000
@7736 -000000000000001
@7737 0000000000000000
@7738 0000000000000002
@7739 0000000000000000
@773A 0000000000000001
@773B 0000000000000000
@773C 0000000000000000
@773D -000000000000001
@773E 0000000000000000
@773F 0000000000000000
@7740 0000000000000000
@7741 0000000000000000
@7742 -000000000000001
@7743 0000000000000000
@7744 0000000000000001
@7745 -000000000000002
@7746 0000000000000000
@7747 0000000000000000
@7748 0000000000000000
@7749 -000000000000001
@774A 0000000000000000
@774B 0000000000000000
@774C 0000000000000000
@774D 0000000000000000
@774E 0000000000000000
@774F 0000000000000000
@7750 0000000000000000
@7751 0000000000000000
@7752 0000000000000000
@7753 0000000000000000
@7754 0000000000000001
@7755 0000000000000000
@7756 0000000000000000
@7757 0000000000000000
@7758 0000000000000001
@7759 0000000000000000
@775A 0000000000000000
@775B 0000000000000000
@775C 0000000000000000
@775D 0000000000000000
@775E 0000000000000000
@775F 0000000000000000
@7760 0000000000000000
@7761 0000000000000000
@7762 -000000000000001
@7763 0000000000000000
@7764 0000000000000000
@7765 0000000000000000
@7766 0000000000000002
@7767 0000000000000000
@7768 -000000000000001
@7769 0000000000000000
@776A 0000000000000000
@776B 0000000000000000
@776C 0000000000000000
@776D 0000000000000000
@776E 0000000000000000
@776F 0000000000000000
@7770 0000000000000000
@7771 0000000000000000
@7772 0000000000000000
@7773 0000000000000001
@7774 0000000000000000
@7775 0000000000000000
@7776 0000000000000000
@7777 0000000000000000
@7778 0000000000000000
@7779 0000000000000000
@777A 0000000000000002
@777B 0000000000000000
@777C 0000000000000000
@777D 0000000000000000
@777E 0000000000000000
@777F 0000000000000000
@7780 0000000000000000
@7781 0000000000000000
@7782 0000000000000000
@7783 0000000000000000
@7784 0000000000000000
@7785 0000000000000000
@7786 0000000000000000
@7787 0000000000000000
@7788 0000000000000000
@7789 0000000000000001
@778A 0000000000000000
@778B 0000000000000000
@778C 0000000000000001
@778D 0000000000000000
@778E 0000000000000000
@778F 0000000000000000
@7790 -000000000000001
@7791 0000000000000000
@7792 0000000000000001
@7793 0000000000000000
@7794 0000000000000000
@7795 0000000000000000
@7796 0000000000000000
@7797 0000000000000000
@7798 0000000000000000
@7799 0000000000000000
@779A 0000000000000000
@779B 0000000000000000
@779C 0000000000000002
@779D 0000000000000000
@779E 0000000000000000
@779F 0000000000000000
@77A0 0000000000000000
@77A1 0000000000000000
@77A2 -000000000000001
@77A3 0000000000000000
@77A4 0000000000000000
@77A5 0000000000000000
@77A6 0000000000000000
@77A7 0000000000000000
@77A8 0000000000000000
@77A9 0000000000000000
@77AA 0000000000000000
@77AB 0000000000000000
@77AC 0000000000000000
@77AD 0000000000000000
@77AE 0000000000000000
@77AF 0000000000000000
@77B0 0000000000000000
@77B1 0000000000000002
@77B2 0000000000000000
@77B3 0000000000000000
@77B4 0000000000000000
@77B5 0000000000000000
@77B6 0000000000000000
@77B7 0000000000000000
@77B8 0000000000000000
@77B9 0000000000000000
@77BA 0000000000000000
@77BB 0000000000000000
@77BC 0000000000000000
@77BD 0000000000000000
@77BE 0000000000000000
@77BF 0000000000000000
@77C0 0000000000000000
@77C1 0000000000000000
@77C2 0000000000000000
@77C3 0000000000000000
@77C4 0000000000000000
@77C5 0000000000000000
@77C6 0000000000000000
@77C7 0000000000000000
@77C8 0000000000000000
@77C9 0000000000000000
@77CA 0000000000000000
@77CB 0000000000000001
@77CC 0000000000000000
@77CD 0000000000000000
@77CE 0000000000000000
@77CF 0000000000000000
@77D0 0000000000000000
@77D1 0000000000000000
@77D2 0000000000000000
@77D3 0000000000000001
@77D4 0000000000000000
@77D5 0000000000000000
@77D6 0000000000000000
@77D7 0000000000000000
@77D8 0000000000000000
@77D9 0000000000000000
@77DA 0000000000000000
@77DB 0000000000000000
@77DC 0000000000000000
@77DD 0000000000000000
@77DE 0000000000000000
@77DF 0000000000000000
@77E0 0000000000000000
@77E1 0000000000000000
@77E2 0000000000000000
@77E3 0000000000000000
@77E4 0000000000000000
@77E5 0000000000000000
@77E6 0000000000000000
@77E7 0000000000000000
@77E8 0000000000000000
@77E9 0000000000000000
@77EA 0000000000000000
@77EB 0000000000000000
@77EC 0000000000000000
@77ED -000000000000001
@77EE 0000000000000000
@77EF 0000000000000000
@77F0 0000000000000000
@77F1 0000000000000000
@77F2 0000000000000000
@77F3 0000000000000000
@77F4 0000000000000000
@77F5 0000000000000000
@77F6 -000000000000001
@77F7 0000000000000000
@77F8 0000000000000002
@77F9 0000000000000000
@77FA 0000000000000001
@77FB 0000000000000000
@77FC 0000000000000000
@77FD 0000000000000000
@77FE 0000000000000000
@77FF 0000000000000000
@7800 0000000000000000
@7801 0000000000000000
@7802 -000000000000002
@7803 0000000000000000
@7804 0000000000000001
@7805 -000000000000002
@7806 0000000000000000
@7807 0000000000000000
@7808 0000000000000000
@7809 -000000000000001
@780A 0000000000000000
@780B 0000000000000000
@780C 0000000000000000
@780D 0000000000000000
@780E 0000000000000000
@780F 0000000000000000
@7810 0000000000000000
@7811 0000000000000000
@7812 0000000000000000
@7813 0000000000000000
@7814 0000000000000001
@7815 0000000000000000
@7816 0000000000000000
@7817 0000000000000000
@7818 0000000000000001
@7819 0000000000000000
@781A 0000000000000000
@781B 0000000000000000
@781C 0000000000000000
@781D 0000000000000000
@781E 0000000000000000
@781F 0000000000000000
@7820 0000000000000000
@7821 0000000000000000
@7822 -000000000000001
@7823 0000000000000000
@7824 0000000000000000
@7825 0000000000000000
@7826 0000000000000002
@7827 0000000000000000
@7828 -000000000000001
@7829 0000000000000000
@782A 0000000000000000
@782B 0000000000000001
@782C 0000000000000000
@782D 0000000000000000
@782E 0000000000000000
@782F 0000000000000000
@7830 0000000000000000
@7831 0000000000000000
@7832 0000000000000000
@7833 0000000000000001
@7834 0000000000000000
@7835 0000000000000000
@7836 0000000000000000
@7837 0000000000000000
@7838 0000000000000000
@7839 0000000000000000
@783A 0000000000000002
@783B 0000000000000000
@783C -000000000000001
@783D 0000000000000000
@783E 0000000000000000
@783F 0000000000000000
@7840 0000000000000000
@7841 0000000000000000
@7842 0000000000000000
@7843 0000000000000000
@7844 0000000000000000
@7845 0000000000000000
@7846 0000000000000000
@7847 0000000000000000
@7848 0000000000000000
@7849 0000000000000001
@784A -000000000000001
@784B 0000000000000000
@784C 0000000000000001
@784D 0000000000000000
@784E 0000000000000000
@784F 0000000000000000
@7850 -000000000000001
@7851 0000000000000000
@7852 0000000000000000
@7853 0000000000000000
@7854 0000000000000000
@7855 0000000000000000
@7856 0000000000000000
@7857 0000000000000000
@7858 0000000000000000
@7859 0000000000000000
@785A 0000000000000000
@785B 0000000000000000
@785C 0000000000000001
@785D 0000000000000000
@785E 0000000000000000
@785F 0000000000000000
@7860 0000000000000000
@7861 0000000000000000
@7862 -000000000000001
@7863 0000000000000000
@7864 0000000000000000
@7865 0000000000000000
@7866 0000000000000000
@7867 0000000000000000
@7868 0000000000000000
@7869 0000000000000000
@786A 0000000000000000
@786B 0000000000000000
@786C 0000000000000000
@786D 0000000000000000
@786E 0000000000000000
@786F 0000000000000000
@7870 0000000000000000
@7871 0000000000000002
@7872 0000000000000000
@7873 0000000000000000
@7874 0000000000000000
@7875 0000000000000000
@7876 0000000000000000
@7877 0000000000000000
@7878 0000000000000000
@7879 0000000000000000
@787A 0000000000000000
@787B 0000000000000000
@787C 0000000000000000
@787D 0000000000000000
@787E 0000000000000000
@787F 0000000000000000
@7880 0000000000000000
@7881 0000000000000000
@7882 0000000000000000
@7883 0000000000000000
@7884 0000000000000000
@7885 0000000000000000
@7886 0000000000000000
@7887 0000000000000000
@7888 0000000000000000
@7889 0000000000000000
@788A 0000000000000000
@788B 0000000000000001
@788C 0000000000000000
@788D 0000000000000000
@788E 0000000000000000
@788F 0000000000000000
@7890 0000000000000000
@7891 0000000000000000
@7892 0000000000000000
@7893 0000000000000001
@7894 0000000000000000
@7895 0000000000000000
@7896 0000000000000000
@7897 0000000000000000
@7898 0000000000000000
@7899 0000000000000000
@789A 0000000000000000
@789B 0000000000000000
@789C 0000000000000000
@789D 0000000000000000
@789E 0000000000000000
@789F 0000000000000000
@78A0 0000000000000000
@78A1 0000000000000000
@78A2 0000000000000000
@78A3 0000000000000000
@78A4 0000000000000000
@78A5 0000000000000000
@78A6 0000000000000000
@78A7 0000000000000000
@78A8 0000000000000000
@78A9 0000000000000000
@78AA 0000000000000000
@78AB 0000000000000000
@78AC 0000000000000000
@78AD -000000000000002
@78AE 0000000000000000
@78AF 0000000000000000
@78B0 0000000000000000
@78B1 0000000000000000
@78B2 0000000000000000
@78B3 0000000000000000
@78B4 0000000000000000
@78B5 0000000000000000
@78B6 -000000000000001
@78B7 0000000000000000
@78B8 0000000000000002
@78B9 0000000000000000
@78BA 0000000000000001
@78BB 0000000000000000
@78BC 0000000000000000
@78BD 0000000000000000
@78BE 0000000000000000
@78BF 0000000000000000
@78C0 0000000000000000
@78C1 0000000000000000
@78C2 -000000000000002
@78C3 0000000000000000
@78C4 0000000000000001
@78C5 -000000000000002
@78C6 0000000000000000
@78C7 0000000000000000
@78C8 0000000000000000
@78C9 -000000000000001
@78CA 0000000000000000
@78CB 0000000000000000
@78CC 0000000000000000
@78CD 0000000000000000
@78CE 0000000000000000
@78CF 0000000000000000
@78D0 0000000000000000
@78D1 0000000000000000
@78D2 0000000000000000
@78D3 0000000000000000
@78D4 0000000000000001
@78D5 0000000000000000
@78D6 0000000000000000
@78D7 0000000000000000
@78D8 0000000000000001
@78D9 0000000000000000
@78DA 0000000000000000
@78DB 0000000000000000
@78DC 0000000000000000
@78DD 0000000000000000
@78DE 0000000000000000
@78DF 0000000000000000
@78E0 0000000000000000
@78E1 0000000000000000
@78E2 -000000000000001
@78E3 0000000000000000
@78E4 0000000000000000
@78E5 0000000000000000
@78E6 0000000000000002
@78E7 0000000000000000
@78E8 -000000000000001
@78E9 0000000000000000
@78EA 0000000000000000
@78EB 0000000000000000
@78EC 0000000000000000
@78ED 0000000000000000
@78EE 0000000000000000
@78EF 0000000000000000
@78F0 0000000000000000
@78F1 0000000000000000
@78F2 0000000000000000
@78F3 0000000000000001
@78F4 0000000000000000
@78F5 0000000000000000
@78F6 -000000000000001
@78F7 0000000000000000
@78F8 0000000000000000
@78F9 0000000000000000
@78FA 0000000000000002
@78FB 0000000000000000
@78FC 0000000000000000
@78FD 0000000000000000
@78FE 0000000000000000
@78FF 0000000000000000
@7900 0000000000000000
@7901 0000000000000000
@7902 0000000000000000
@7903 0000000000000000
@7904 0000000000000000
@7905 0000000000000000
@7906 0000000000000000
@7907 0000000000000000
@7908 0000000000000000
@7909 0000000000000001
@790A -000000000000001
@790B 0000000000000000
@790C 0000000000000001
@790D 0000000000000000
@790E 0000000000000000
@790F 0000000000000000
@7910 -000000000000001
@7911 0000000000000000
@7912 0000000000000000
@7913 0000000000000000
@7914 0000000000000000
@7915 0000000000000000
@7916 0000000000000000
@7917 0000000000000000
@7918 0000000000000000
@7919 0000000000000000
@791A 0000000000000000
@791B 0000000000000000
@791C 0000000000000002
@791D 0000000000000000
@791E 0000000000000000
@791F 0000000000000000
@7920 0000000000000000
@7921 0000000000000000
@7922 -000000000000001
@7923 0000000000000000
@7924 0000000000000000
@7925 0000000000000000
@7926 0000000000000000
@7927 0000000000000000
@7928 0000000000000000
@7929 0000000000000000
@792A 0000000000000000
@792B 0000000000000000
@792C 0000000000000000
@792D 0000000000000000
@792E 0000000000000000
@792F 0000000000000000
@7930 0000000000000000
@7931 0000000000000002
@7932 0000000000000000
@7933 0000000000000000
@7934 0000000000000000
@7935 0000000000000000
@7936 0000000000000000
@7937 0000000000000000
@7938 0000000000000000
@7939 0000000000000000
@793A 0000000000000000
@793B 0000000000000000
@793C 0000000000000000
@793D 0000000000000000
@793E 0000000000000000
@793F 0000000000000000
@7940 0000000000000000
@7941 0000000000000000
@7942 0000000000000000
@7943 0000000000000000
@7944 0000000000000000
@7945 0000000000000000
@7946 0000000000000000
@7947 0000000000000000
@7948 0000000000000000
@7949 0000000000000000
@794A 0000000000000000
@794B 0000000000000001
@794C 0000000000000000
@794D 0000000000000000
@794E 0000000000000000
@794F 0000000000000000
@7950 0000000000000000
@7951 0000000000000000
@7952 0000000000000000
@7953 0000000000000001
@7954 0000000000000000
@7955 0000000000000000
@7956 0000000000000000
@7957 0000000000000000
@7958 0000000000000000
@7959 0000000000000000
@795A 0000000000000000
@795B 0000000000000000
@795C 0000000000000000
@795D 0000000000000000
@795E 0000000000000000
@795F 0000000000000000
@7960 0000000000000000
@7961 0000000000000000
@7962 0000000000000000
@7963 0000000000000000
@7964 0000000000000000
@7965 0000000000000000
@7966 0000000000000000
@7967 0000000000000000
@7968 0000000000000000
@7969 0000000000000000
@796A 0000000000000000
@796B 0000000000000000
@796C 0000000000000000
@796D -000000000000002
@796E 0000000000000000
@796F 0000000000000000
@7970 0000000000000000
@7971 0000000000000000
@7972 0000000000000000
@7973 0000000000000000
@7974 0000000000000000
@7975 0000000000000000
@7976 -000000000000001
@7977 0000000000000000
@7978 0000000000000002
@7979 0000000000000000
@797A 0000000000000001
@797B 0000000000000000
@797C 0000000000000000
@797D -000000000000001
@797E 0000000000000000
@797F 0000000000000000
@7980 0000000000000000
@7981 0000000000000000
@7982 -000000000000001
@7983 0000000000000000
@7984 0000000000000001
@7985 -000000000000002
@7986 0000000000000000
@7987 0000000000000000
@7988 0000000000000000
@7989 -000000000000001
@798A 0000000000000000
@798B 0000000000000000
@798C 0000000000000000
@798D 0000000000000000
@798E 0000000000000000
@798F 0000000000000000
@7990 0000000000000000
@7991 0000000000000000
@7992 0000000000000000
@7993 0000000000000000
@7994 0000000000000001
@7995 0000000000000000
@7996 0000000000000000
@7997 0000000000000000
@7998 0000000000000001
@7999 0000000000000000
@799A 0000000000000000
@799B 0000000000000000
@799C 0000000000000000
@799D 0000000000000000
@799E 0000000000000000
@799F 0000000000000000
@79A0 0000000000000000
@79A1 0000000000000000
@79A2 -000000000000001
@79A3 0000000000000000
@79A4 0000000000000000
@79A5 0000000000000000
@79A6 0000000000000002
@79A7 0000000000000000
@79A8 -000000000000001
@79A9 0000000000000000
@79AA 0000000000000000
@79AB 0000000000000000
@79AC 0000000000000000
@79AD 0000000000000000
@79AE 0000000000000000
@79AF 0000000000000000
@79B0 0000000000000000
@79B1 0000000000000000
@79B2 0000000000000000
@79B3 0000000000000001
@79B4 0000000000000000
@79B5 0000000000000000
@79B6 -000000000000001
@79B7 0000000000000000
@79B8 0000000000000000
@79B9 0000000000000000
@79BA 0000000000000002
@79BB 0000000000000000
@79BC 0000000000000000
@79BD 0000000000000000
@79BE 0000000000000000
@79BF 0000000000000000
@79C0 0000000000000000
@79C1 0000000000000000
@79C2 0000000000000000
@79C3 0000000000000000
@79C4 0000000000000000
@79C5 0000000000000000
@79C6 0000000000000000
@79C7 0000000000000000
@79C8 0000000000000000
@79C9 0000000000000001
@79CA -000000000000001
@79CB 0000000000000000
@79CC 0000000000000001
@79CD 0000000000000000
@79CE 0000000000000000
@79CF 0000000000000000
@79D0 -000000000000001
@79D1 0000000000000000
@79D2 0000000000000000
@79D3 0000000000000000
@79D4 0000000000000000
@79D5 0000000000000000
@79D6 0000000000000000
@79D7 0000000000000000
@79D8 0000000000000000
@79D9 0000000000000000
@79DA 0000000000000000
@79DB 0000000000000000
@79DC 0000000000000001
@79DD 0000000000000000
@79DE 0000000000000000
@79DF 0000000000000000
@79E0 0000000000000000
@79E1 0000000000000000
@79E2 -000000000000001
@79E3 0000000000000000
@79E4 0000000000000000
@79E5 0000000000000000
@79E6 0000000000000000
@79E7 0000000000000000
@79E8 0000000000000000
@79E9 0000000000000000
@79EA 0000000000000000
@79EB 0000000000000000
@79EC 0000000000000000
@79ED 0000000000000000
@79EE 0000000000000000
@79EF 0000000000000000
@79F0 0000000000000000
@79F1 0000000000000003
@79F2 0000000000000000
@79F3 0000000000000000
@79F4 0000000000000000
@79F5 0000000000000000
@79F6 0000000000000000
@79F7 0000000000000000
@79F8 0000000000000000
@79F9 0000000000000000
@79FA 0000000000000000
@79FB 0000000000000000
@79FC 0000000000000000
@79FD 0000000000000000
@79FE 0000000000000000
@79FF 0000000000000000
@7A00 0000000000000000
@7A01 0000000000000000
@7A02 0000000000000000
@7A03 0000000000000000
@7A04 0000000000000000
@7A05 0000000000000000
@7A06 0000000000000000
@7A07 0000000000000000
@7A08 0000000000000000
@7A09 0000000000000000
@7A0A 0000000000000000
@7A0B 0000000000000001
@7A0C 0000000000000000
@7A0D 0000000000000000
@7A0E 0000000000000000
@7A0F 0000000000000000
@7A10 0000000000000000
@7A11 0000000000000000
@7A12 0000000000000000
@7A13 0000000000000001
@7A14 0000000000000000
@7A15 0000000000000000
@7A16 0000000000000000
@7A17 0000000000000000
@7A18 0000000000000000
@7A19 0000000000000000
@7A1A 0000000000000000
@7A1B 0000000000000000
@7A1C 0000000000000000
@7A1D 0000000000000000
@7A1E 0000000000000000
@7A1F 0000000000000000
@7A20 0000000000000000
@7A21 -000000000000001
@7A22 0000000000000000
@7A23 0000000000000000
@7A24 0000000000000000
@7A25 0000000000000000
@7A26 0000000000000000
@7A27 0000000000000000
@7A28 0000000000000000
@7A29 0000000000000000
@7A2A 0000000000000000
@7A2B 0000000000000000
@7A2C 0000000000000000
@7A2D -000000000000001
@7A2E 0000000000000000
@7A2F 0000000000000000
@7A30 0000000000000000
@7A31 0000000000000000
@7A32 0000000000000000
@7A33 0000000000000000
@7A34 0000000000000000
@7A35 0000000000000000
@7A36 -000000000000001
@7A37 0000000000000000
@7A38 0000000000000002
@7A39 0000000000000000
@7A3A 0000000000000001
@7A3B 0000000000000000
@7A3C 0000000000000000
@7A3D -000000000000001
@7A3E 0000000000000000
@7A3F 0000000000000000
@7A40 0000000000000000
@7A41 0000000000000000
@7A42 -000000000000001
@7A43 0000000000000000
@7A44 0000000000000001
@7A45 -000000000000002
@7A46 0000000000000000
@7A47 0000000000000000
@7A48 0000000000000000
@7A49 -000000000000001
@7A4A 0000000000000000
@7A4B 0000000000000000
@7A4C 0000000000000000
@7A4D 0000000000000000
@7A4E 0000000000000000
@7A4F 0000000000000000
@7A50 0000000000000000
@7A51 0000000000000000
@7A52 0000000000000000
@7A53 0000000000000000
@7A54 0000000000000001
@7A55 0000000000000000
@7A56 0000000000000000
@7A57 0000000000000000
@7A58 0000000000000001
@7A59 0000000000000000
@7A5A 0000000000000000
@7A5B 0000000000000000
@7A5C 0000000000000000
@7A5D 0000000000000000
@7A5E 0000000000000000
@7A5F 0000000000000000
@7A60 0000000000000000
@7A61 0000000000000000
@7A62 -000000000000001
@7A63 0000000000000000
@7A64 0000000000000000
@7A65 0000000000000000
@7A66 0000000000000002
@7A67 0000000000000000
@7A68 -000000000000001
@7A69 0000000000000000
@7A6A 0000000000000000
@7A6B 0000000000000000
@7A6C 0000000000000000
@7A6D 0000000000000000
@7A6E 0000000000000000
@7A6F 0000000000000000
@7A70 0000000000000000
@7A71 0000000000000000
@7A72 0000000000000000
@7A73 0000000000000001
@7A74 0000000000000000
@7A75 0000000000000000
@7A76 -000000000000001
@7A77 0000000000000000
@7A78 0000000000000000
@7A79 0000000000000000
@7A7A 0000000000000002
@7A7B 0000000000000000
@7A7C 0000000000000000
@7A7D 0000000000000000
@7A7E 0000000000000000
@7A7F 0000000000000000
@7A80 0000000000000000
@7A81 0000000000000000
@7A82 0000000000000000
@7A83 0000000000000000
@7A84 0000000000000000
@7A85 0000000000000000
@7A86 0000000000000000
@7A87 0000000000000000
@7A88 0000000000000000
@7A89 0000000000000001
@7A8A -000000000000001
@7A8B 0000000000000000
@7A8C 0000000000000001
@7A8D 0000000000000000
@7A8E 0000000000000000
@7A8F 0000000000000000
@7A90 -000000000000001
@7A91 0000000000000000
@7A92 0000000000000000
@7A93 0000000000000000
@7A94 0000000000000000
@7A95 0000000000000000
@7A96 0000000000000000
@7A97 0000000000000000
@7A98 0000000000000000
@7A99 0000000000000000
@7A9A 0000000000000000
@7A9B 0000000000000000
@7A9C 0000000000000001
@7A9D 0000000000000000
@7A9E 0000000000000000
@7A9F 0000000000000000
@7AA0 0000000000000000
@7AA1 0000000000000000
@7AA2 -000000000000001
@7AA3 0000000000000000
@7AA4 0000000000000000
@7AA5 0000000000000000
@7AA6 0000000000000000
@7AA7 0000000000000000
@7AA8 0000000000000000
@7AA9 0000000000000000
@7AAA 0000000000000000
@7AAB 0000000000000000
@7AAC 0000000000000000
@7AAD 0000000000000000
@7AAE 0000000000000000
@7AAF 0000000000000000
@7AB0 0000000000000000
@7AB1 0000000000000003
@7AB2 0000000000000000
@7AB3 0000000000000000
@7AB4 0000000000000001
@7AB5 0000000000000000
@7AB6 0000000000000000
@7AB7 0000000000000000
@7AB8 0000000000000000
@7AB9 0000000000000000
@7ABA 0000000000000000
@7ABB 0000000000000000
@7ABC 0000000000000000
@7ABD 0000000000000000
@7ABE 0000000000000000
@7ABF 0000000000000000
@7AC0 0000000000000000
@7AC1 0000000000000000
@7AC2 0000000000000000
@7AC3 0000000000000000
@7AC4 0000000000000000
@7AC5 0000000000000000
@7AC6 0000000000000000
@7AC7 0000000000000000
@7AC8 0000000000000000
@7AC9 0000000000000000
@7ACA 0000000000000000
@7ACB 0000000000000001
@7ACC 0000000000000000
@7ACD 0000000000000000
@7ACE 0000000000000000
@7ACF 0000000000000000
@7AD0 0000000000000000
@7AD1 0000000000000000
@7AD2 0000000000000000
@7AD3 0000000000000001
@7AD4 0000000000000000
@7AD5 0000000000000000
@7AD6 0000000000000000
@7AD7 0000000000000000
@7AD8 0000000000000000
@7AD9 0000000000000000
@7ADA 0000000000000000
@7ADB 0000000000000000
@7ADC 0000000000000000
@7ADD 0000000000000000
@7ADE 0000000000000000
@7ADF 0000000000000000
@7AE0 0000000000000000
@7AE1 -000000000000001
@7AE2 0000000000000000
@7AE3 0000000000000000
@7AE4 0000000000000000
@7AE5 0000000000000000
@7AE6 0000000000000000
@7AE7 0000000000000000
@7AE8 0000000000000000
@7AE9 0000000000000000
@7AEA 0000000000000000
@7AEB 0000000000000000
@7AEC 0000000000000000
@7AED -000000000000001
@7AEE 0000000000000000
@7AEF 0000000000000000
@7AF0 0000000000000000
@7AF1 0000000000000000
@7AF2 0000000000000000
@7AF3 0000000000000000
@7AF4 0000000000000000
@7AF5 0000000000000000
@7AF6 -000000000000001
@7AF7 0000000000000000
@7AF8 0000000000000002
@7AF9 0000000000000000
@7AFA 0000000000000001
@7AFB 0000000000000000
@7AFC 0000000000000000
@7AFD -000000000000001
@7AFE 0000000000000000
@7AFF 0000000000000000
@7B00 0000000000000000
@7B01 0000000000000000
@7B02 -000000000000001
@7B03 0000000000000000
@7B04 0000000000000001
@7B05 -000000000000001
@7B06 0000000000000000
@7B07 0000000000000001
@7B08 -000000000000001
@7B09 -000000000000001
@7B0A 0000000000000000
@7B0B 0000000000000000
@7B0C 0000000000000000
@7B0D 0000000000000001
@7B0E 0000000000000000
@7B0F 0000000000000000
@7B10 -000000000000001
@7B11 0000000000000000
@7B12 0000000000000000
@7B13 0000000000000000
@7B14 0000000000000000
@7B15 0000000000000000
@7B16 0000000000000000
@7B17 0000000000000000
@7B18 0000000000000001
@7B19 0000000000000000
@7B1A 0000000000000000
@7B1B 0000000000000000
@7B1C 0000000000000000
@7B1D 0000000000000000
@7B1E 0000000000000001
@7B1F 0000000000000000
@7B20 0000000000000000
@7B21 0000000000000000
@7B22 -000000000000001
@7B23 -000000000000001
@7B24 0000000000000000
@7B25 0000000000000001
@7B26 0000000000000002
@7B27 0000000000000000
@7B28 -000000000000001
@7B29 0000000000000000
@7B2A 0000000000000000
@7B2B 0000000000000002
@7B2C 0000000000000000
@7B2D 0000000000000000
@7B2E 0000000000000000
@7B2F 0000000000000000
@7B30 0000000000000000
@7B31 0000000000000000
@7B32 0000000000000000
@7B33 0000000000000001
@7B34 0000000000000000
@7B35 0000000000000000
@7B36 0000000000000000
@7B37 0000000000000000
@7B38 0000000000000000
@7B39 0000000000000000
@7B3A 0000000000000002
@7B3B 0000000000000000
@7B3C 0000000000000000
@7B3D 0000000000000000
@7B3E 0000000000000000
@7B3F -000000000000001
@7B40 0000000000000000
@7B41 0000000000000000
@7B42 0000000000000000
@7B43 0000000000000000
@7B44 0000000000000000
@7B45 0000000000000000
@7B46 0000000000000000
@7B47 0000000000000000
@7B48 0000000000000000
@7B49 0000000000000001
@7B4A 0000000000000000
@7B4B 0000000000000000
@7B4C 0000000000000000
@7B4D 0000000000000000
@7B4E 0000000000000000
@7B4F 0000000000000000
@7B50 -000000000000001
@7B51 0000000000000000
@7B52 -000000000000001
@7B53 0000000000000000
@7B54 0000000000000000
@7B55 0000000000000000
@7B56 -000000000000001
@7B57 0000000000000000
@7B58 0000000000000000
@7B59 0000000000000000
@7B5A 0000000000000000
@7B5B 0000000000000000
@7B5C 0000000000000002
@7B5D 0000000000000000
@7B5E 0000000000000000
@7B5F 0000000000000000
@7B60 0000000000000000
@7B61 0000000000000000
@7B62 -000000000000001
@7B63 0000000000000000
@7B64 0000000000000000
@7B65 0000000000000000
@7B66 0000000000000000
@7B67 0000000000000000
@7B68 0000000000000000
@7B69 0000000000000000
@7B6A 0000000000000000
@7B6B 0000000000000000
@7B6C 0000000000000000
@7B6D 0000000000000001
@7B6E 0000000000000000
@7B6F 0000000000000000
@7B70 -000000000000002
@7B71 0000000000000002
@7B72 0000000000000000
@7B73 0000000000000000
@7B74 0000000000000001
@7B75 0000000000000000
@7B76 0000000000000000
@7B77 0000000000000000
@7B78 -000000000000001
@7B79 0000000000000000
@7B7A 0000000000000000
@7B7B 0000000000000000
@7B7C 0000000000000000
@7B7D 0000000000000000
@7B7E -000000000000001
@7B7F 0000000000000000
@7B80 0000000000000000
@7B81 0000000000000000
@7B82 0000000000000000
@7B83 0000000000000000
@7B84 0000000000000000
@7B85 -000000000000001
@7B86 0000000000000000
@7B87 0000000000000000
@7B88 0000000000000000
@7B89 0000000000000000
@7B8A 0000000000000000
@7B8B 0000000000000001
@7B8C 0000000000000000
@7B8D 0000000000000000
@7B8E 0000000000000000
@7B8F 0000000000000000
@7B90 0000000000000000
@7B91 0000000000000000
@7B92 0000000000000000
@7B93 0000000000000001
@7B94 0000000000000000
@7B95 0000000000000000
@7B96 0000000000000000
@7B97 0000000000000000
@7B98 0000000000000000
@7B99 0000000000000000
@7B9A 0000000000000000
@7B9B 0000000000000000
@7B9C 0000000000000000
@7B9D 0000000000000000
@7B9E 0000000000000000
@7B9F 0000000000000000
@7BA0 0000000000000000
@7BA1 -000000000000001
@7BA2 0000000000000000
@7BA3 0000000000000000
@7BA4 0000000000000000
@7BA5 0000000000000000
@7BA6 -000000000000001
@7BA7 0000000000000000
@7BA8 0000000000000001
@7BA9 0000000000000000
@7BAA 0000000000000000
@7BAB 0000000000000000
@7BAC 0000000000000000
@7BAD -000000000000001
@7BAE 0000000000000000
@7BAF 0000000000000000
@7BB0 0000000000000000
@7BB1 0000000000000000
@7BB2 0000000000000000
@7BB3 0000000000000000
@7BB4 0000000000000000
@7BB5 0000000000000000
@7BB6 -000000000000001
@7BB7 0000000000000000
@7BB8 0000000000000002
@7BB9 0000000000000001
@7BBA 0000000000000000
@7BBB 0000000000000000
@7BBC 0000000000000000
@7BBD -000000000000001
@7BBE 0000000000000001
@7BBF 0000000000000000
@7BC0 0000000000000000
@7BC1 0000000000000000
@7BC2 -000000000000002
@7BC3 0000000000000000
@7BC4 0000000000000001
@7BC5 0000000000000000
@7BC6 -000000000000003
@7BC7 0000000000000002
@7BC8 0000000000000000
@7BC9 -000000000000001
@7BCA 0000000000000001
@7BCB 0000000000000000
@7BCC 0000000000000001
@7BCD 0000000000000000
@7BCE 0000000000000000
@7BCF -000000000000002
@7BD0 0000000000000000
@7BD1 0000000000000000
@7BD2 0000000000000001
@7BD3 -000000000000001
@7BD4 0000000000000000
@7BD5 0000000000000000
@7BD6 0000000000000000
@7BD7 0000000000000001
@7BD8 0000000000000000
@7BD9 0000000000000000
@7BDA 0000000000000000
@7BDB 0000000000000000
@7BDC 0000000000000000
@7BDD 0000000000000000
@7BDE -000000000000001
@7BDF 0000000000000000
@7BE0 0000000000000001
@7BE1 -000000000000001
@7BE2 -000000000000001
@7BE3 0000000000000000
@7BE4 0000000000000000
@7BE5 0000000000000000
@7BE6 0000000000000002
@7BE7 0000000000000000
@7BE8 0000000000000000
@7BE9 0000000000000001
@7BEA 0000000000000000
@7BEB 0000000000000001
@7BEC 0000000000000003
@7BED -000000000000001
@7BEE -000000000000002
@7BEF 0000000000000000
@7BF0 0000000000000000
@7BF1 0000000000000002
@7BF2 0000000000000000
@7BF3 0000000000000000
@7BF4 0000000000000000
@7BF5 -000000000000001
@7BF6 0000000000000001
@7BF7 -000000000000001
@7BF8 0000000000000000
@7BF9 0000000000000001
@7BFA 0000000000000001
@7BFB 0000000000000000
@7BFC 0000000000000000
@7BFD 0000000000000000
@7BFE 0000000000000000
@7BFF 0000000000000000
@7C00 0000000000000000
@7C01 0000000000000000
@7C02 0000000000000001
@7C03 0000000000000000
@7C04 0000000000000000
@7C05 0000000000000000
@7C06 0000000000000000
@7C07 0000000000000000
@7C08 0000000000000000
@7C09 0000000000000001
@7C0A -000000000000001
@7C0B 0000000000000000
@7C0C 0000000000000002
@7C0D -000000000000001
@7C0E 0000000000000001
@7C0F 0000000000000000
@7C10 -000000000000002
@7C11 0000000000000000
@7C12 -000000000000001
@7C13 0000000000000001
@7C14 0000000000000000
@7C15 -000000000000001
@7C16 -000000000000002
@7C17 0000000000000000
@7C18 0000000000000000
@7C19 0000000000000000
@7C1A 0000000000000000
@7C1B 0000000000000000
@7C1C 0000000000000000
@7C1D 0000000000000000
@7C1E -000000000000003
@7C1F 0000000000000000
@7C20 0000000000000000
@7C21 0000000000000003
@7C22 0000000000000000
@7C23 -000000000000001
@7C24 0000000000000000
@7C25 0000000000000002
@7C26 0000000000000000
@7C27 0000000000000000
@7C28 0000000000000000
@7C29 -000000000000001
@7C2A 0000000000000000
@7C2B 0000000000000000
@7C2C 0000000000000000
@7C2D 0000000000000000
@7C2E 0000000000000000
@7C2F 0000000000000000
@7C30 0000000000000000
@7C31 0000000000000005
@7C32 0000000000000000
@7C33 0000000000000000
@7C34 0000000000000001
@7C35 0000000000000000
@7C36 0000000000000000
@7C37 0000000000000000
@7C38 0000000000000000
@7C39 0000000000000002
@7C3A 0000000000000001
@7C3B 0000000000000000
@7C3C 0000000000000002
@7C3D 0000000000000000
@7C3E -000000000000004
@7C3F 0000000000000000
@7C40 0000000000000000
@7C41 0000000000000000
@7C42 0000000000000000
@7C43 0000000000000000
@7C44 0000000000000000
@7C45 -000000000000001
@7C46 0000000000000000
@7C47 0000000000000000
@7C48 0000000000000000
@7C49 0000000000000000
@7C4A 0000000000000000
@7C4B 0000000000000001
@7C4C 0000000000000001
@7C4D 0000000000000000
@7C4E -000000000000001
@7C4F 0000000000000000
@7C50 0000000000000002
@7C51 0000000000000000
@7C52 0000000000000000
@7C53 0000000000000003
@7C54 0000000000000000
@7C55 0000000000000000
@7C56 0000000000000000
@7C57 0000000000000001
@7C58 0000000000000000
@7C59 0000000000000000
@7C5A 0000000000000000
@7C5B 0000000000000001
@7C5C -000000000000001
@7C5D -000000000000001
@7C5E 0000000000000000
@7C5F 0000000000000000
@7C60 0000000000000002
@7C61 -000000000000003
@7C62 -000000000000001
@7C63 0000000000000001
@7C64 0000000000000000
@7C65 0000000000000001
@7C66 -000000000000002
@7C67 0000000000000000
@7C68 0000000000000000
@7C69 0000000000000000
@7C6A 0000000000000000
@7C6B 0000000000000000
@7C6C 0000000000000000
@7C6D -000000000000001
@7C6E 0000000000000000
@7C6F 0000000000000000
@7C70 0000000000000000
@7C71 0000000000000000
@7C72 0000000000000000
@7C73 0000000000000000
@7C74 0000000000000001
@7C75 -000000000000002
@7C76 0000000000000000
@7C77 0000000000000000
@7C78 0000000000000000
@7C79 0000000000000000
@7C7A 0000000000000001
@7C7B 0000000000000000
@7C7C 0000000000000000
@7C7D -000000000000001
@7C7E 0000000000000000
@7C7F 0000000000000001
@7C80 0000000000000000
@7C81 0000000000000000
@7C82 0000000000000000
@7C83 0000000000000000
@7C84 0000000000000001
@7C85 -000000000000001
@7C86 0000000000000000
@7C87 0000000000000000
@7C88 0000000000000000
@7C89 -000000000000001
@7C8A 0000000000000000
@7C8B 0000000000000000
@7C8C 0000000000000000
@7C8D 0000000000000000
@7C8E 0000000000000000
@7C8F 0000000000000000
@7C90 0000000000000000
@7C91 0000000000000000
@7C92 0000000000000001
@7C93 0000000000000000
@7C94 0000000000000001
@7C95 0000000000000000
@7C96 0000000000000000
@7C97 0000000000000000
@7C98 0000000000000001
@7C99 -000000000000001
@7C9A 0000000000000000
@7C9B 0000000000000000
@7C9C 0000000000000000
@7C9D -000000000000001
@7C9E 0000000000000000
@7C9F 0000000000000000
@7CA0 0000000000000000
@7CA1 0000000000000000
@7CA2 -000000000000002
@7CA3 0000000000000000
@7CA4 0000000000000000
@7CA5 0000000000000001
@7CA6 0000000000000003
@7CA7 0000000000000000
@7CA8 -000000000000001
@7CA9 0000000000000000
@7CAA 0000000000000000
@7CAB 0000000000000000
@7CAC 0000000000000000
@7CAD 0000000000000000
@7CAE 0000000000000000
@7CAF 0000000000000000
@7CB0 0000000000000000
@7CB1 0000000000000000
@7CB2 0000000000000000
@7CB3 0000000000000000
@7CB4 0000000000000000
@7CB5 0000000000000000
@7CB6 0000000000000002
@7CB7 -000000000000001
@7CB8 0000000000000000
@7CB9 0000000000000003
@7CBA 0000000000000001
@7CBB 0000000000000000
@7CBC -000000000000001
@7CBD 0000000000000000
@7CBE 0000000000000000
@7CBF 0000000000000000
@7CC0 0000000000000000
@7CC1 0000000000000000
@7CC2 0000000000000001
@7CC3 0000000000000000
@7CC4 0000000000000000
@7CC5 0000000000000000
@7CC6 0000000000000000
@7CC7 0000000000000000
@7CC8 0000000000000000
@7CC9 0000000000000001
@7CCA 0000000000000000
@7CCB 0000000000000000
@7CCC 0000000000000001
@7CCD 0000000000000000
@7CCE 0000000000000000
@7CCF 0000000000000000
@7CD0 -000000000000004
@7CD1 0000000000000000
@7CD2 0000000000000000
@7CD3 0000000000000000
@7CD4 0000000000000000
@7CD5 0000000000000000
@7CD6 0000000000000000
@7CD7 0000000000000000
@7CD8 0000000000000000
@7CD9 0000000000000000
@7CDA 0000000000000000
@7CDB 0000000000000000
@7CDC 0000000000000003
@7CDD 0000000000000000
@7CDE 0000000000000000
@7CDF 0000000000000000
@7CE0 0000000000000000
@7CE1 0000000000000000
@7CE2 0000000000000000
@7CE3 0000000000000000
@7CE4 0000000000000000
@7CE5 0000000000000000
@7CE6 0000000000000000
@7CE7 0000000000000000
@7CE8 0000000000000000
@7CE9 0000000000000000
@7CEA 0000000000000000
@7CEB 0000000000000000
@7CEC 0000000000000000
@7CED 0000000000000000
@7CEE -000000000000001
@7CEF 0000000000000000
@7CF0 -000000000000001
@7CF1 0000000000000001
@7CF2 0000000000000000
@7CF3 0000000000000000
@7CF4 0000000000000001
@7CF5 0000000000000000
@7CF6 0000000000000001
@7CF7 0000000000000000
@7CF8 -000000000000001
@7CF9 0000000000000000
@7CFA 0000000000000000
@7CFB 0000000000000000
@7CFC 0000000000000000
@7CFD -000000000000001
@7CFE 0000000000000000
@7CFF 0000000000000000
@7D00 0000000000000000
@7D01 0000000000000000
@7D02 0000000000000000
@7D03 0000000000000000
@7D04 0000000000000000
@7D05 0000000000000000
@7D06 0000000000000000
@7D07 0000000000000000
@7D08 0000000000000000
@7D09 0000000000000000
@7D0A 0000000000000000
@7D0B 0000000000000001
@7D0C 0000000000000000
@7D0D 0000000000000000
@7D0E -000000000000001
@7D0F 0000000000000000
@7D10 -000000000000001
@7D11 0000000000000000
@7D12 0000000000000000
@7D13 0000000000000000
@7D14 0000000000000000
@7D15 0000000000000000
@7D16 0000000000000000
@7D17 0000000000000000
@7D18 -000000000000002
@7D19 0000000000000000
@7D1A 0000000000000000
@7D1B 0000000000000000
@7D1C 0000000000000000
@7D1D 0000000000000000
@7D1E 0000000000000000
@7D1F 0000000000000000
@7D20 0000000000000000
@7D21 0000000000000000
@7D22 0000000000000000
@7D23 -000000000000001
@7D24 0000000000000000
@7D25 0000000000000000
@7D26 -000000000000001
@7D27 0000000000000000
@7D28 0000000000000000
@7D29 0000000000000000
@7D2A 0000000000000000
@7D2B 0000000000000000
@7D2C 0000000000000000
@7D2D -000000000000002
@7D2E 0000000000000000
@7D2F 0000000000000000
@7D30 0000000000000000
@7D31 0000000000000000
@7D32 0000000000000000
@7D33 0000000000000000
@7D34 0000000000000000
@7D35 0000000000000000
@7D36 0000000000000000
@7D37 -000000000000001
@7D38 0000000000000000
@7D39 0000000000000000
@7D3A -000000000000001
@7D3B 0000000000000001
@7D3C 0000000000000000
@7D3D -000000000000001
@7D3E 0000000000000001
@7D3F 0000000000000000
@7D40 0000000000000000
@7D41 0000000000000000
@7D42 -000000000000002
@7D43 0000000000000000
@7D44 0000000000000000
@7D45 -000000000000002
@7D46 0000000000000000
@7D47 0000000000000000
@7D48 -000000000000001
@7D49 0000000000000000
@7D4A 0000000000000000
@7D4B 0000000000000000
@7D4C 0000000000000000
@7D4D 0000000000000000
@7D4E 0000000000000000
@7D4F 0000000000000000
@7D50 0000000000000000
@7D51 0000000000000000
@7D52 0000000000000000
@7D53 0000000000000000
@7D54 0000000000000000
@7D55 -000000000000001
@7D56 0000000000000000
@7D57 0000000000000000
@7D58 0000000000000000
@7D59 0000000000000000
@7D5A 0000000000000000
@7D5B 0000000000000000
@7D5C 0000000000000000
@7D5D 0000000000000000
@7D5E -000000000000001
@7D5F 0000000000000001
@7D60 0000000000000000
@7D61 0000000000000000
@7D62 -000000000000001
@7D63 -000000000000001
@7D64 0000000000000000
@7D65 0000000000000000
@7D66 0000000000000001
@7D67 0000000000000000
@7D68 -000000000000001
@7D69 0000000000000000
@7D6A 0000000000000000
@7D6B 0000000000000000
@7D6C 0000000000000000
@7D6D 0000000000000000
@7D6E 0000000000000000
@7D6F 0000000000000001
@7D70 0000000000000000
@7D71 0000000000000001
@7D72 0000000000000001
@7D73 0000000000000000
@7D74 0000000000000000
@7D75 0000000000000000
@7D76 0000000000000001
@7D77 0000000000000000
@7D78 0000000000000000
@7D79 0000000000000003
@7D7A 0000000000000002
@7D7B 0000000000000000
@7D7C -000000000000002
@7D7D 0000000000000000
@7D7E 0000000000000000
@7D7F 0000000000000000
@7D80 0000000000000000
@7D81 0000000000000000
@7D82 0000000000000000
@7D83 -000000000000001
@7D84 0000000000000000
@7D85 0000000000000000
@7D86 0000000000000000
@7D87 0000000000000000
@7D88 0000000000000000
@7D89 0000000000000001
@7D8A -000000000000004
@7D8B 0000000000000000
@7D8C 0000000000000002
@7D8D 0000000000000000
@7D8E 0000000000000002
@7D8F 0000000000000001
@7D90 -000000000000002
@7D91 0000000000000000
@7D92 -000000000000001
@7D93 0000000000000000
@7D94 0000000000000000
@7D95 0000000000000000
@7D96 0000000000000000
@7D97 -000000000000001
@7D98 0000000000000000
@7D99 0000000000000000
@7D9A 0000000000000000
@7D9B 0000000000000000
@7D9C 0000000000000002
@7D9D 0000000000000000
@7D9E 0000000000000000
@7D9F 0000000000000000
@7DA0 0000000000000000
@7DA1 0000000000000000
@7DA2 0000000000000000
@7DA3 0000000000000000
@7DA4 -000000000000002
@7DA5 0000000000000000
@7DA6 0000000000000000
@7DA7 0000000000000000
@7DA8 0000000000000000
@7DA9 -000000000000001
@7DAA 0000000000000000
@7DAB 0000000000000000
@7DAC 0000000000000000
@7DAD 0000000000000000
@7DAE 0000000000000001
@7DAF 0000000000000000
@7DB0 0000000000000000
@7DB1 0000000000000002
@7DB2 0000000000000000
@7DB3 0000000000000000
@7DB4 0000000000000001
@7DB5 0000000000000000
@7DB6 0000000000000000
@7DB7 0000000000000001
@7DB8 0000000000000001
@7DB9 0000000000000000
@7DBA 0000000000000000
@7DBB 0000000000000000
@7DBC 0000000000000000
@7DBD 0000000000000000
@7DBE 0000000000000000
@7DBF 0000000000000000
@7DC0 0000000000000001
@7DC1 0000000000000000
@7DC2 0000000000000000
@7DC3 0000000000000000
@7DC4 0000000000000000
@7DC5 0000000000000000
@7DC6 0000000000000000
@7DC7 0000000000000000
@7DC8 -000000000000001
@7DC9 0000000000000000
@7DCA 0000000000000000
@7DCB 0000000000000000
@7DCC 0000000000000000
@7DCD 0000000000000000
@7DCE -000000000000001
@7DCF 0000000000000000
@7DD0 0000000000000000
@7DD1 0000000000000000
@7DD2 0000000000000000
@7DD3 0000000000000001
@7DD4 -000000000000001
@7DD5 -000000000000001
@7DD6 0000000000000000
@7DD7 0000000000000000
@7DD8 -000000000000001
@7DD9 0000000000000001
@7DDA 0000000000000001
@7DDB -000000000000001
@7DDC 0000000000000000
@7DDD 0000000000000000
@7DDE 0000000000000000
@7DDF 0000000000000000
@7DE0 0000000000000001
@7DE1 0000000000000000
@7DE2 0000000000000000
@7DE3 0000000000000000
@7DE4 0000000000000000
@7DE5 0000000000000000
@7DE6 -000000000000001
@7DE7 0000000000000000
@7DE8 0000000000000001
@7DE9 0000000000000000
@7DEA 0000000000000000
@7DEB 0000000000000000
@7DEC 0000000000000000
@7DED -000000000000003
@7DEE 0000000000000000
@7DEF 0000000000000000
@7DF0 0000000000000000
@7DF1 0000000000000000
@7DF2 0000000000000000
@7DF3 0000000000000001
@7DF4 -000000000000001
@7DF5 0000000000000000
@7DF6 -000000000000001
@7DF7 -000000000000001
@7DF8 0000000000000000
@7DF9 0000000000000000
@7DFA 0000000000000002
@7DFB 0000000000000001
@7DFC 0000000000000000
@7DFD -000000000000001
@7DFE 0000000000000001
@7DFF 0000000000000000
@7E00 0000000000000000
@7E01 0000000000000000
@7E02 -000000000000001
@7E03 0000000000000000
@7E04 0000000000000001
@7E05 -000000000000002
@7E06 0000000000000000
@7E07 0000000000000000
@7E08 0000000000000000
@7E09 -000000000000001
@7E0A 0000000000000000
@7E0B 0000000000000000
@7E0C 0000000000000000
@7E0D 0000000000000000
@7E0E 0000000000000000
@7E0F 0000000000000000
@7E10 0000000000000000
@7E11 0000000000000000
@7E12 0000000000000000
@7E13 0000000000000000
@7E14 0000000000000001
@7E15 0000000000000000
@7E16 0000000000000000
@7E17 0000000000000000
@7E18 0000000000000001
@7E19 0000000000000000
@7E1A 0000000000000000
@7E1B 0000000000000000
@7E1C 0000000000000000
@7E1D 0000000000000000
@7E1E 0000000000000000
@7E1F 0000000000000000
@7E20 0000000000000000
@7E21 0000000000000000
@7E22 -000000000000001
@7E23 0000000000000000
@7E24 0000000000000000
@7E25 0000000000000000
@7E26 0000000000000002
@7E27 0000000000000000
@7E28 -000000000000001
@7E29 0000000000000000
@7E2A 0000000000000000
@7E2B 0000000000000000
@7E2C 0000000000000000
@7E2D 0000000000000000
@7E2E 0000000000000000
@7E2F 0000000000000000
@7E30 0000000000000000
@7E31 0000000000000000
@7E32 0000000000000000
@7E33 0000000000000001
@7E34 0000000000000000
@7E35 0000000000000000
@7E36 -000000000000001
@7E37 0000000000000000
@7E38 0000000000000000
@7E39 -000000000000001
@7E3A 0000000000000002
@7E3B 0000000000000000
@7E3C 0000000000000000
@7E3D 0000000000000000
@7E3E 0000000000000000
@7E3F 0000000000000000
@7E40 0000000000000000
@7E41 0000000000000000
@7E42 0000000000000000
@7E43 0000000000000000
@7E44 0000000000000000
@7E45 0000000000000000
@7E46 0000000000000000
@7E47 0000000000000000
@7E48 0000000000000000
@7E49 0000000000000001
@7E4A -000000000000001
@7E4B 0000000000000000
@7E4C 0000000000000000
@7E4D 0000000000000000
@7E4E 0000000000000000
@7E4F 0000000000000000
@7E50 -000000000000001
@7E51 0000000000000000
@7E52 0000000000000000
@7E53 0000000000000000
@7E54 0000000000000000
@7E55 0000000000000000
@7E56 0000000000000000
@7E57 0000000000000000
@7E58 0000000000000000
@7E59 0000000000000000
@7E5A 0000000000000000
@7E5B 0000000000000000
@7E5C 0000000000000001
@7E5D 0000000000000000
@7E5E 0000000000000000
@7E5F 0000000000000000
@7E60 0000000000000000
@7E61 0000000000000000
@7E62 -000000000000001
@7E63 0000000000000000
@7E64 0000000000000000
@7E65 0000000000000000
@7E66 0000000000000000
@7E67 0000000000000000
@7E68 0000000000000000
@7E69 0000000000000000
@7E6A 0000000000000000
@7E6B 0000000000000000
@7E6C 0000000000000000
@7E6D 0000000000000000
@7E6E 0000000000000000
@7E6F 0000000000000000
@7E70 0000000000000000
@7E71 0000000000000002
@7E72 0000000000000000
@7E73 0000000000000000
@7E74 0000000000000000
@7E75 0000000000000000
@7E76 0000000000000000
@7E77 0000000000000001
@7E78 0000000000000000
@7E79 0000000000000000
@7E7A 0000000000000000
@7E7B 0000000000000000
@7E7C 0000000000000000
@7E7D 0000000000000000
@7E7E 0000000000000000
@7E7F 0000000000000000
@7E80 0000000000000000
@7E81 0000000000000000
@7E82 0000000000000000
@7E83 0000000000000000
@7E84 0000000000000000
@7E85 0000000000000000
@7E86 0000000000000000
@7E87 0000000000000000
@7E88 0000000000000000
@7E89 0000000000000000
@7E8A 0000000000000000
@7E8B 0000000000000001
@7E8C 0000000000000000
@7E8D 0000000000000000
@7E8E 0000000000000000
@7E8F 0000000000000000
@7E90 0000000000000000
@7E91 0000000000000000
@7E92 0000000000000000
@7E93 0000000000000001
@7E94 0000000000000000
@7E95 0000000000000000
@7E96 0000000000000000
@7E97 0000000000000000
@7E98 0000000000000001
@7E99 0000000000000000
@7E9A 0000000000000000
@7E9B 0000000000000000
@7E9C 0000000000000000
@7E9D 0000000000000000
@7E9E 0000000000000000
@7E9F 0000000000000000
@7EA0 0000000000000000
@7EA1 -000000000000001
@7EA2 0000000000000000
@7EA3 0000000000000000
@7EA4 0000000000000000
@7EA5 0000000000000000
@7EA6 0000000000000000
@7EA7 0000000000000000
@7EA8 0000000000000000
@7EA9 0000000000000000
@7EAA 0000000000000000
@7EAB 0000000000000000
@7EAC 0000000000000000
@7EAD -000000000000001
@7EAE 0000000000000000
@7EAF 0000000000000000
@7EB0 0000000000000000
@7EB1 0000000000000000
@7EB2 0000000000000000
@7EB3 0000000000000000
@7EB4 0000000000000000
@7EB5 0000000000000000
@7EB6 -000000000000001
@7EB7 0000000000000000
@7EB8 0000000000000002
@7EB9 0000000000000000
@7EBA 0000000000000001
@7EBB 0000000000000000
@7EBC 0000000000000000
@7EBD 0000000000000000
@7EBE 0000000000000000
@7EBF 0000000000000000
@7EC0 0000000000000000
@7EC1 0000000000000000
@7EC2 -000000000000002
@7EC3 0000000000000000
@7EC4 0000000000000001
@7EC5 -000000000000002
@7EC6 0000000000000000
@7EC7 0000000000000000
@7EC8 0000000000000000
@7EC9 -000000000000001
@7ECA 0000000000000000
@7ECB 0000000000000000
@7ECC 0000000000000000
@7ECD 0000000000000000
@7ECE 0000000000000000
@7ECF 0000000000000000
@7ED0 0000000000000000
@7ED1 0000000000000000
@7ED2 0000000000000000
@7ED3 0000000000000000
@7ED4 0000000000000001
@7ED5 0000000000000000
@7ED6 0000000000000000
@7ED7 0000000000000000
@7ED8 0000000000000001
@7ED9 0000000000000000
@7EDA 0000000000000000
@7EDB 0000000000000000
@7EDC 0000000000000000
@7EDD 0000000000000000
@7EDE 0000000000000000
@7EDF 0000000000000000
@7EE0 0000000000000000
@7EE1 0000000000000000
@7EE2 -000000000000001
@7EE3 0000000000000000
@7EE4 0000000000000000
@7EE5 0000000000000000
@7EE6 0000000000000002
@7EE7 0000000000000000
@7EE8 -000000000000001
@7EE9 0000000000000000
@7EEA 0000000000000000
@7EEB 0000000000000000
@7EEC 0000000000000000
@7EED 0000000000000000
@7EEE 0000000000000000
@7EEF 0000000000000000
@7EF0 0000000000000000
@7EF1 0000000000000000
@7EF2 0000000000000000
@7EF3 0000000000000001
@7EF4 0000000000000000
@7EF5 0000000000000000
@7EF6 -000000000000001
@7EF7 0000000000000000
@7EF8 0000000000000000
@7EF9 -000000000000001
@7EFA 0000000000000002
@7EFB 0000000000000000
@7EFC 0000000000000000
@7EFD 0000000000000000
@7EFE 0000000000000000
@7EFF 0000000000000000
@7F00 0000000000000000
@7F01 0000000000000000
@7F02 0000000000000000
@7F03 0000000000000000
@7F04 0000000000000000
@7F05 0000000000000000
@7F06 0000000000000000
@7F07 0000000000000000
@7F08 0000000000000000
@7F09 0000000000000001
@7F0A -000000000000001
@7F0B 0000000000000000
@7F0C 0000000000000001
@7F0D 0000000000000000
@7F0E 0000000000000000
@7F0F 0000000000000000
@7F10 -000000000000001
@7F11 0000000000000000
@7F12 0000000000000000
@7F13 0000000000000000
@7F14 0000000000000000
@7F15 0000000000000000
@7F16 0000000000000000
@7F17 0000000000000000
@7F18 0000000000000000
@7F19 0000000000000000
@7F1A 0000000000000000
@7F1B 0000000000000000
@7F1C 0000000000000001
@7F1D 0000000000000000
@7F1E 0000000000000000
@7F1F 0000000000000000
@7F20 0000000000000000
@7F21 0000000000000000
@7F22 -000000000000001
@7F23 0000000000000000
@7F24 0000000000000000
@7F25 0000000000000000
@7F26 0000000000000000
@7F27 0000000000000000
@7F28 0000000000000000
@7F29 0000000000000000
@7F2A 0000000000000000
@7F2B 0000000000000000
@7F2C 0000000000000000
@7F2D 0000000000000000
@7F2E 0000000000000000
@7F2F 0000000000000000
@7F30 0000000000000000
@7F31 0000000000000002
@7F32 0000000000000000
@7F33 0000000000000000
@7F34 0000000000000000
@7F35 0000000000000000
@7F36 0000000000000000
@7F37 0000000000000001
@7F38 0000000000000000
@7F39 0000000000000000
@7F3A 0000000000000000
@7F3B 0000000000000000
@7F3C 0000000000000000
@7F3D 0000000000000000
@7F3E 0000000000000000
@7F3F 0000000000000000
@7F40 0000000000000000
@7F41 0000000000000000
@7F42 0000000000000000
@7F43 0000000000000000
@7F44 0000000000000000
@7F45 0000000000000000
@7F46 0000000000000000
@7F47 0000000000000000
@7F48 0000000000000000
@7F49 0000000000000000
@7F4A 0000000000000000
@7F4B 0000000000000001
@7F4C 0000000000000000
@7F4D 0000000000000000
@7F4E 0000000000000000
@7F4F 0000000000000000
@7F50 0000000000000000
@7F51 0000000000000000
@7F52 0000000000000000
@7F53 0000000000000001
@7F54 0000000000000000
@7F55 0000000000000000
@7F56 0000000000000000
@7F57 0000000000000000
@7F58 0000000000000001
@7F59 0000000000000000
@7F5A 0000000000000000
@7F5B 0000000000000000
@7F5C 0000000000000000
@7F5D 0000000000000000
@7F5E 0000000000000000
@7F5F 0000000000000000
@7F60 0000000000000000
@7F61 0000000000000000
@7F62 0000000000000000
@7F63 0000000000000000
@7F64 0000000000000000
@7F65 0000000000000000
@7F66 0000000000000000
@7F67 0000000000000000
@7F68 0000000000000000
@7F69 0000000000000000
@7F6A 0000000000000000
@7F6B 0000000000000000
@7F6C 0000000000000000
@7F6D -000000000000001
@7F6E 0000000000000000
@7F6F 0000000000000000
@7F70 0000000000000000
@7F71 0000000000000000
@7F72 0000000000000000
@7F73 0000000000000000
@7F74 0000000000000000
@7F75 0000000000000000
@7F76 -000000000000001
@7F77 0000000000000000
@7F78 0000000000000002
@7F79 0000000000000000
@7F7A 0000000000000001
@7F7B 0000000000000000
@7F7C 0000000000000000
@7F7D 0000000000000000
@7F7E 0000000000000000
@7F7F 0000000000000000
@7F80 0000000000000000
@7F81 0000000000000000
@7F82 -000000000000001
@7F83 0000000000000000
@7F84 0000000000000001
@7F85 -000000000000002
@7F86 0000000000000000
@7F87 0000000000000000
@7F88 0000000000000000
@7F89 -000000000000001
@7F8A 0000000000000000
@7F8B 0000000000000000
@7F8C 0000000000000000
@7F8D 0000000000000000
@7F8E 0000000000000000
@7F8F 0000000000000000
@7F90 0000000000000000
@7F91 0000000000000000
@7F92 0000000000000000
@7F93 0000000000000000
@7F94 0000000000000001
@7F95 0000000000000000
@7F96 0000000000000000
@7F97 0000000000000000
@7F98 0000000000000001
@7F99 0000000000000000
@7F9A 0000000000000000
@7F9B 0000000000000000
@7F9C 0000000000000000
@7F9D 0000000000000000
@7F9E 0000000000000000
@7F9F 0000000000000000
@7FA0 0000000000000000
@7FA1 0000000000000000
@7FA2 -000000000000001
@7FA3 0000000000000000
@7FA4 0000000000000000
@7FA5 0000000000000000
@7FA6 0000000000000002
@7FA7 0000000000000000
@7FA8 -000000000000001
@7FA9 0000000000000000
@7FAA 0000000000000000
@7FAB 0000000000000000
@7FAC 0000000000000000
@7FAD 0000000000000000
@7FAE 0000000000000000
@7FAF 0000000000000000
@7FB0 0000000000000000
@7FB1 0000000000000000
@7FB2 0000000000000000
@7FB3 0000000000000001
@7FB4 0000000000000000
@7FB5 0000000000000000
@7FB6 -000000000000001
@7FB7 0000000000000000
@7FB8 0000000000000000
@7FB9 0000000000000000
@7FBA 0000000000000002
@7FBB 0000000000000000
@7FBC 0000000000000000
@7FBD 0000000000000000
@7FBE 0000000000000000
@7FBF 0000000000000000
@7FC0 0000000000000000
@7FC1 0000000000000000
@7FC2 0000000000000000
@7FC3 0000000000000000
@7FC4 0000000000000000
@7FC5 0000000000000000
@7FC6 0000000000000000
@7FC7 0000000000000000
@7FC8 0000000000000000
@7FC9 0000000000000001
@7FCA -000000000000001
@7FCB 0000000000000000
@7FCC 0000000000000000
@7FCD 0000000000000000
@7FCE 0000000000000000
@7FCF 0000000000000000
@7FD0 -000000000000001
@7FD1 0000000000000000
@7FD2 0000000000000000
@7FD3 0000000000000000
@7FD4 0000000000000000
@7FD5 0000000000000000
@7FD6 0000000000000000
@7FD7 0000000000000000
@7FD8 0000000000000000
@7FD9 0000000000000000
@7FDA 0000000000000000
@7FDB 0000000000000000
@7FDC 0000000000000001
@7FDD 0000000000000000
@7FDE 0000000000000000
@7FDF 0000000000000000
@7FE0 0000000000000000
@7FE1 0000000000000000
@7FE2 -000000000000001
@7FE3 0000000000000000
@7FE4 0000000000000000
@7FE5 0000000000000000
@7FE6 0000000000000000
@7FE7 0000000000000000
@7FE8 0000000000000000
@7FE9 0000000000000000
@7FEA 0000000000000000
@7FEB 0000000000000000
@7FEC 0000000000000000
@7FED 0000000000000000
@7FEE 0000000000000000
@7FEF 0000000000000000
@7FF0 0000000000000000
@7FF1 0000000000000002
@7FF2 0000000000000000
@7FF3 0000000000000000
@7FF4 0000000000000000
@7FF5 0000000000000000
@7FF6 0000000000000000
@7FF7 0000000000000001
@7FF8 0000000000000000
@7FF9 0000000000000000
@7FFA 0000000000000000
@7FFB 0000000000000000
@7FFC 0000000000000000
@7FFD 0000000000000000
@7FFE 0000000000000000
@7FFF 0000000000000000
@8000 0000000000000000
@8001 0000000000000000
@8002 0000000000000000
@8003 0000000000000000
@8004 0000000000000000
@8005 0000000000000000
@8006 0000000000000000
@8007 0000000000000000
@8008 0000000000000000
@8009 0000000000000000
@800A 0000000000000000
@800B 0000000000000001
@800C 0000000000000000
@800D 0000000000000000
@800E 0000000000000000
@800F 0000000000000000
@8010 0000000000000000
@8011 0000000000000000
@8012 0000000000000000
@8013 0000000000000001
@8014 0000000000000000
@8015 0000000000000000
@8016 0000000000000000
@8017 0000000000000000
@8018 0000000000000001
@8019 0000000000000000
@801A 0000000000000000
@801B 0000000000000000
@801C 0000000000000000
@801D 0000000000000000
@801E 0000000000000000
@801F 0000000000000000
@8020 0000000000000000
@8021 -000000000000001
@8022 0000000000000000
@8023 0000000000000000
@8024 0000000000000000
@8025 0000000000000000
@8026 0000000000000000
@8027 0000000000000000
@8028 0000000000000000
@8029 0000000000000000
@802A 0000000000000000
@802B 0000000000000000
@802C 0000000000000000
@802D -000000000000001
@802E 0000000000000000
@802F 0000000000000000
@8030 0000000000000000
@8031 0000000000000000
@8032 0000000000000000
@8033 0000000000000000
@8034 0000000000000000
@8035 0000000000000000
@8036 -000000000000001
@8037 0000000000000000
@8038 0000000000000002
@8039 0000000000000000
@803A 0000000000000001
@803B 0000000000000000
@803C 0000000000000000
@803D 0000000000000000
@803E 0000000000000000
@803F 0000000000000000
@8040 0000000000000000
@8041 0000000000000000
@8042 -000000000000001
@8043 0000000000000000
@8044 0000000000000001
@8045 -000000000000002
@8046 0000000000000000
@8047 0000000000000000
@8048 0000000000000000
@8049 -000000000000001
@804A 0000000000000000
@804B 0000000000000000
@804C 0000000000000000
@804D 0000000000000000
@804E 0000000000000000
@804F 0000000000000000
@8050 0000000000000000
@8051 0000000000000000
@8052 0000000000000000
@8053 0000000000000000
@8054 0000000000000001
@8055 0000000000000000
@8056 0000000000000000
@8057 0000000000000000
@8058 0000000000000001
@8059 0000000000000000
@805A 0000000000000000
@805B 0000000000000000
@805C 0000000000000000
@805D 0000000000000000
@805E 0000000000000000
@805F 0000000000000000
@8060 0000000000000000
@8061 0000000000000000
@8062 -000000000000001
@8063 0000000000000000
@8064 0000000000000000
@8065 0000000000000000
@8066 0000000000000002
@8067 0000000000000000
@8068 -000000000000001
@8069 0000000000000000
@806A 0000000000000000
@806B 0000000000000000
@806C 0000000000000000
@806D 0000000000000000
@806E 0000000000000000
@806F 0000000000000000
@8070 0000000000000000
@8071 0000000000000000
@8072 0000000000000000
@8073 0000000000000001
@8074 0000000000000000
@8075 0000000000000000
@8076 0000000000000000
@8077 0000000000000000
@8078 0000000000000000
@8079 0000000000000000
@807A 0000000000000002
@807B 0000000000000000
@807C 0000000000000000
@807D 0000000000000000
@807E 0000000000000000
@807F 0000000000000000
@8080 0000000000000000
@8081 0000000000000000
@8082 0000000000000000
@8083 0000000000000000
@8084 0000000000000000
@8085 0000000000000000
@8086 0000000000000000
@8087 0000000000000000
@8088 0000000000000000
@8089 0000000000000001
@808A 0000000000000000
@808B 0000000000000000
@808C 0000000000000001
@808D 0000000000000000
@808E 0000000000000000
@808F 0000000000000000
@8090 -000000000000001
@8091 0000000000000000
@8092 0000000000000000
@8093 0000000000000000
@8094 0000000000000000
@8095 0000000000000000
@8096 0000000000000000
@8097 0000000000000000
@8098 0000000000000000
@8099 0000000000000000
@809A 0000000000000000
@809B 0000000000000000
@809C 0000000000000001
@809D 0000000000000000
@809E 0000000000000000
@809F 0000000000000000
@80A0 0000000000000000
@80A1 0000000000000000
@80A2 -000000000000001
@80A3 0000000000000000
@80A4 0000000000000000
@80A5 0000000000000000
@80A6 0000000000000000
@80A7 0000000000000000
@80A8 0000000000000000
@80A9 0000000000000000
@80AA 0000000000000000
@80AB 0000000000000000
@80AC 0000000000000000
@80AD 0000000000000000
@80AE 0000000000000000
@80AF 0000000000000000
@80B0 0000000000000000
@80B1 0000000000000002
@80B2 0000000000000000
@80B3 0000000000000000
@80B4 0000000000000000
@80B5 0000000000000000
@80B6 0000000000000000
@80B7 0000000000000000
@80B8 0000000000000000
@80B9 0000000000000000
@80BA 0000000000000000
@80BB 0000000000000000
@80BC 0000000000000000
@80BD 0000000000000000
@80BE 0000000000000000
@80BF 0000000000000000
@80C0 0000000000000000
@80C1 0000000000000000
@80C2 0000000000000000
@80C3 0000000000000000
@80C4 0000000000000000
@80C5 0000000000000000
@80C6 0000000000000000
@80C7 0000000000000000
@80C8 0000000000000000
@80C9 0000000000000000
@80CA 0000000000000000
@80CB 0000000000000001
@80CC 0000000000000000
@80CD 0000000000000000
@80CE 0000000000000000
@80CF 0000000000000000
@80D0 0000000000000000
@80D1 0000000000000000
@80D2 0000000000000000
@80D3 0000000000000001
@80D4 0000000000000000
@80D5 0000000000000000
@80D6 0000000000000000
@80D7 0000000000000000
@80D8 0000000000000000
@80D9 0000000000000000
@80DA 0000000000000000
@80DB 0000000000000000
@80DC 0000000000000000
@80DD 0000000000000000
@80DE 0000000000000000
@80DF 0000000000000000
@80E0 0000000000000000
@80E1 0000000000000000
@80E2 0000000000000000
@80E3 0000000000000000
@80E4 0000000000000000
@80E5 0000000000000000
@80E6 0000000000000000
@80E7 0000000000000000
@80E8 0000000000000000
@80E9 0000000000000000
@80EA 0000000000000000
@80EB 0000000000000000
@80EC 0000000000000000
@80ED -000000000000001
@80EE 0000000000000000
@80EF 0000000000000000
@80F0 0000000000000000
@80F1 0000000000000000
@80F2 0000000000000000
@80F3 0000000000000000
@80F4 0000000000000000
@80F5 0000000000000000
@80F6 -000000000000001
@80F7 0000000000000000
@80F8 0000000000000002
@80F9 0000000000000000
@80FA 0000000000000000
@80FB 0000000000000000
@80FC 0000000000000000
@80FD -000000000000001
@80FE 0000000000000000
@80FF 0000000000000000
@8100 0000000000000000
@8101 0000000000000000
@8102 -000000000000001
@8103 0000000000000000
@8104 0000000000000001
@8105 -000000000000002
@8106 0000000000000000
@8107 0000000000000000
@8108 0000000000000000
@8109 -000000000000001
@810A 0000000000000000
@810B 0000000000000000
@810C 0000000000000000
@810D 0000000000000000
@810E 0000000000000000
@810F 0000000000000000
@8110 0000000000000000
@8111 0000000000000000
@8112 0000000000000000
@8113 0000000000000000
@8114 0000000000000001
@8115 0000000000000000
@8116 0000000000000000
@8117 0000000000000000
@8118 0000000000000001
@8119 0000000000000000
@811A 0000000000000000
@811B 0000000000000000
@811C 0000000000000000
@811D 0000000000000000
@811E 0000000000000000
@811F 0000000000000000
@8120 0000000000000000
@8121 0000000000000000
@8122 -000000000000001
@8123 0000000000000000
@8124 0000000000000000
@8125 0000000000000000
@8126 0000000000000002
@8127 0000000000000000
@8128 -000000000000001
@8129 0000000000000000
@812A 0000000000000000
@812B 0000000000000000
@812C 0000000000000000
@812D 0000000000000000
@812E 0000000000000000
@812F 0000000000000000
@8130 0000000000000000
@8131 0000000000000000
@8132 0000000000000000
@8133 0000000000000001
@8134 0000000000000000
@8135 0000000000000000
@8136 0000000000000000
@8137 0000000000000000
@8138 0000000000000000
@8139 0000000000000000
@813A 0000000000000002
@813B 0000000000000000
@813C 0000000000000000
@813D 0000000000000000
@813E 0000000000000000
@813F 0000000000000000
@8140 0000000000000000
@8141 0000000000000000
@8142 0000000000000000
@8143 0000000000000000
@8144 0000000000000000
@8145 0000000000000000
@8146 0000000000000000
@8147 0000000000000000
@8148 0000000000000000
@8149 0000000000000001
@814A 0000000000000000
@814B 0000000000000000
@814C 0000000000000001
@814D 0000000000000000
@814E 0000000000000000
@814F 0000000000000000
@8150 -000000000000001
@8151 0000000000000000
@8152 0000000000000000
@8153 0000000000000000
@8154 0000000000000000
@8155 0000000000000000
@8156 0000000000000000
@8157 0000000000000000
@8158 0000000000000000
@8159 0000000000000000
@815A 0000000000000000
@815B 0000000000000000
@815C 0000000000000001
@815D 0000000000000000
@815E 0000000000000000
@815F 0000000000000000
@8160 0000000000000000
@8161 0000000000000000
@8162 -000000000000001
@8163 0000000000000000
@8164 0000000000000000
@8165 0000000000000000
@8166 0000000000000000
@8167 0000000000000000
@8168 0000000000000000
@8169 0000000000000000
@816A 0000000000000000
@816B 0000000000000000
@816C 0000000000000000
@816D 0000000000000000
@816E 0000000000000000
@816F 0000000000000000
@8170 0000000000000000
@8171 0000000000000002
@8172 0000000000000000
@8173 0000000000000000
@8174 0000000000000000
@8175 0000000000000000
@8176 0000000000000000
@8177 0000000000000000
@8178 0000000000000000
@8179 0000000000000000
@817A 0000000000000000
@817B 0000000000000000
@817C 0000000000000000
@817D 0000000000000000
@817E 0000000000000000
@817F 0000000000000000
@8180 0000000000000000
@8181 0000000000000000
@8182 0000000000000000
@8183 0000000000000000
@8184 0000000000000000
@8185 0000000000000000
@8186 0000000000000000
@8187 0000000000000000
@8188 0000000000000000
@8189 0000000000000000
@818A 0000000000000000
@818B 0000000000000001
@818C 0000000000000000
@818D 0000000000000000
@818E 0000000000000000
@818F 0000000000000000
@8190 0000000000000000
@8191 0000000000000000
@8192 0000000000000000
@8193 0000000000000001
@8194 0000000000000000
@8195 0000000000000000
@8196 0000000000000000
@8197 0000000000000000
@8198 0000000000000000
@8199 0000000000000000
@819A 0000000000000000
@819B 0000000000000000
@819C 0000000000000000
@819D 0000000000000000
@819E 0000000000000000
@819F 0000000000000000
@81A0 0000000000000000
@81A1 0000000000000000
@81A2 0000000000000000
@81A3 0000000000000000
@81A4 0000000000000000
@81A5 0000000000000000
@81A6 0000000000000000
@81A7 0000000000000000
@81A8 0000000000000000
@81A9 0000000000000000
@81AA 0000000000000000
@81AB 0000000000000000
@81AC 0000000000000000
@81AD -000000000000001
@81AE 0000000000000000
@81AF 0000000000000000
@81B0 0000000000000000
@81B1 0000000000000000
@81B2 0000000000000000
@81B3 0000000000000000
@81B4 0000000000000000
@81B5 0000000000000000
@81B6 -000000000000001
@81B7 0000000000000000
@81B8 0000000000000001
@81B9 0000000000000000
@81BA 0000000000000001
@81BB 0000000000000000
@81BC 0000000000000000
@81BD -000000000000001
@81BE 0000000000000000
@81BF 0000000000000000
@81C0 0000000000000000
@81C1 0000000000000000
@81C2 -000000000000002
@81C3 0000000000000000
@81C4 0000000000000001
@81C5 -000000000000002
@81C6 0000000000000000
@81C7 0000000000000000
@81C8 0000000000000000
@81C9 -000000000000001
@81CA 0000000000000000
@81CB 0000000000000000
@81CC 0000000000000000
@81CD 0000000000000000
@81CE 0000000000000000
@81CF 0000000000000000
@81D0 0000000000000000
@81D1 0000000000000000
@81D2 0000000000000000
@81D3 0000000000000000
@81D4 0000000000000001
@81D5 0000000000000000
@81D6 0000000000000000
@81D7 0000000000000000
@81D8 0000000000000001
@81D9 0000000000000000
@81DA 0000000000000000
@81DB 0000000000000000
@81DC 0000000000000000
@81DD 0000000000000000
@81DE 0000000000000000
@81DF 0000000000000000
@81E0 0000000000000000
@81E1 0000000000000000
@81E2 -000000000000001
@81E3 0000000000000000
@81E4 0000000000000000
@81E5 0000000000000000
@81E6 0000000000000002
@81E7 0000000000000000
@81E8 -000000000000001
@81E9 0000000000000000
@81EA 0000000000000000
@81EB 0000000000000000
@81EC 0000000000000000
@81ED 0000000000000000
@81EE 0000000000000000
@81EF 0000000000000000
@81F0 0000000000000000
@81F1 0000000000000000
@81F2 0000000000000000
@81F3 0000000000000001
@81F4 0000000000000000
@81F5 0000000000000000
@81F6 0000000000000000
@81F7 0000000000000000
@81F8 0000000000000000
@81F9 0000000000000000
@81FA 0000000000000001
@81FB 0000000000000000
@81FC 0000000000000000
@81FD 0000000000000000
@81FE 0000000000000000
@81FF 0000000000000000
@8200 0000000000000000
@8201 0000000000000000
@8202 0000000000000000
@8203 0000000000000000
@8204 0000000000000000
@8205 0000000000000000
@8206 0000000000000000
@8207 0000000000000000
@8208 0000000000000000
@8209 0000000000000001
@820A -000000000000001
@820B 0000000000000000
@820C 0000000000000001
@820D 0000000000000000
@820E 0000000000000000
@820F 0000000000000000
@8210 -000000000000001
@8211 0000000000000000
@8212 0000000000000000
@8213 0000000000000000
@8214 0000000000000000
@8215 0000000000000000
@8216 0000000000000000
@8217 0000000000000000
@8218 0000000000000000
@8219 0000000000000000
@821A 0000000000000000
@821B 0000000000000000
@821C 0000000000000001
@821D 0000000000000000
@821E 0000000000000000
@821F 0000000000000000
@8220 0000000000000000
@8221 0000000000000000
@8222 -000000000000001
@8223 0000000000000000
@8224 0000000000000000
@8225 0000000000000000
@8226 0000000000000000
@8227 0000000000000000
@8228 0000000000000000
@8229 0000000000000000
@822A 0000000000000000
@822B 0000000000000000
@822C 0000000000000000
@822D 0000000000000000
@822E 0000000000000000
@822F 0000000000000000
@8230 0000000000000000
@8231 0000000000000003
@8232 0000000000000000
@8233 0000000000000000
@8234 0000000000000000
@8235 0000000000000000
@8236 0000000000000000
@8237 0000000000000001
@8238 0000000000000000
@8239 0000000000000000
@823A 0000000000000000
@823B 0000000000000000
@823C 0000000000000000
@823D 0000000000000000
@823E 0000000000000000
@823F 0000000000000000
@8240 0000000000000000
@8241 0000000000000000
@8242 0000000000000000
@8243 0000000000000000
@8244 0000000000000000
@8245 0000000000000000
@8246 0000000000000000
@8247 0000000000000000
@8248 0000000000000000
@8249 0000000000000000
@824A 0000000000000000
@824B 0000000000000001
@824C 0000000000000000
@824D 0000000000000000
@824E 0000000000000000
@824F 0000000000000000
@8250 0000000000000000
@8251 0000000000000000
@8252 0000000000000000
@8253 0000000000000001
@8254 0000000000000000
@8255 0000000000000000
@8256 0000000000000000
@8257 0000000000000000
@8258 0000000000000000
@8259 0000000000000000
@825A 0000000000000000
@825B 0000000000000000
@825C 0000000000000000
@825D 0000000000000000
@825E 0000000000000000
@825F 0000000000000000
@8260 0000000000000000
@8261 0000000000000000
@8262 0000000000000000
@8263 0000000000000000
@8264 0000000000000000
@8265 0000000000000000
@8266 0000000000000000
@8267 0000000000000000
@8268 0000000000000000
@8269 0000000000000000
@826A 0000000000000000
@826B 0000000000000000
@826C 0000000000000000
@826D -000000000000001
@826E 0000000000000000
@826F 0000000000000000
@8270 0000000000000000
@8271 0000000000000000
@8272 0000000000000000
@8273 0000000000000000
@8274 0000000000000000
@8275 0000000000000000
@8276 -000000000000001
@8277 0000000000000000
@8278 0000000000000001
@8279 0000000000000000
@827A 0000000000000001
@827B 0000000000000000
@827C 0000000000000000
@827D -000000000000001
@827E 0000000000000000
@827F 0000000000000000
@8280 0000000000000000
@8281 0000000000000000
@8282 -000000000000001
@8283 0000000000000000
@8284 0000000000000001
@8285 -000000000000002
@8286 0000000000000000
@8287 0000000000000000
@8288 0000000000000000
@8289 -000000000000001
@828A 0000000000000000
@828B 0000000000000000
@828C 0000000000000000
@828D 0000000000000000
@828E 0000000000000000
@828F 0000000000000000
@8290 0000000000000000
@8291 0000000000000000
@8292 0000000000000000
@8293 0000000000000000
@8294 0000000000000001
@8295 0000000000000000
@8296 0000000000000000
@8297 0000000000000000
@8298 0000000000000001
@8299 0000000000000000
@829A 0000000000000000
@829B 0000000000000000
@829C 0000000000000000
@829D 0000000000000000
@829E 0000000000000000
@829F 0000000000000000
@82A0 0000000000000000
@82A1 0000000000000000
@82A2 -000000000000001
@82A3 0000000000000000
@82A4 0000000000000000
@82A5 0000000000000000
@82A6 0000000000000002
@82A7 0000000000000000
@82A8 -000000000000001
@82A9 0000000000000000
@82AA 0000000000000000
@82AB 0000000000000000
@82AC 0000000000000000
@82AD 0000000000000000
@82AE 0000000000000000
@82AF 0000000000000000
@82B0 0000000000000000
@82B1 0000000000000000
@82B2 0000000000000000
@82B3 0000000000000001
@82B4 0000000000000000
@82B5 0000000000000000
@82B6 0000000000000000
@82B7 0000000000000000
@82B8 0000000000000000
@82B9 0000000000000000
@82BA 0000000000000002
@82BB 0000000000000000
@82BC 0000000000000000
@82BD 0000000000000000
@82BE 0000000000000000
@82BF 0000000000000000
@82C0 0000000000000000
@82C1 0000000000000000
@82C2 0000000000000000
@82C3 0000000000000000
@82C4 0000000000000000
@82C5 0000000000000000
@82C6 0000000000000000
@82C7 0000000000000000
@82C8 0000000000000000
@82C9 0000000000000001
@82CA -000000000000001
@82CB 0000000000000000
@82CC 0000000000000001
@82CD 0000000000000000
@82CE 0000000000000000
@82CF 0000000000000000
@82D0 -000000000000001
@82D1 0000000000000000
@82D2 0000000000000000
@82D3 0000000000000000
@82D4 0000000000000000
@82D5 0000000000000000
@82D6 0000000000000000
@82D7 0000000000000000
@82D8 0000000000000000
@82D9 0000000000000000
@82DA 0000000000000000
@82DB 0000000000000000
@82DC 0000000000000001
@82DD 0000000000000000
@82DE 0000000000000000
@82DF 0000000000000000
@82E0 0000000000000000
@82E1 0000000000000000
@82E2 -000000000000001
@82E3 0000000000000000
@82E4 0000000000000000
@82E5 0000000000000000
@82E6 0000000000000000
@82E7 0000000000000000
@82E8 0000000000000000
@82E9 0000000000000000
@82EA 0000000000000000
@82EB 0000000000000000
@82EC 0000000000000000
@82ED 0000000000000000
@82EE 0000000000000000
@82EF 0000000000000000
@82F0 0000000000000000
@82F1 0000000000000002
@82F2 0000000000000000
@82F3 0000000000000000
@82F4 0000000000000000
@82F5 0000000000000000
@82F6 0000000000000000
@82F7 0000000000000000
@82F8 0000000000000000
@82F9 0000000000000000
@82FA 0000000000000000
@82FB 0000000000000000
@82FC 0000000000000000
@82FD 0000000000000000
@82FE 0000000000000000
@82FF 0000000000000000
@8300 0000000000000000
@8301 0000000000000000
@8302 0000000000000000
@8303 0000000000000000
@8304 0000000000000000
@8305 0000000000000000
@8306 0000000000000000
@8307 0000000000000000
@8308 0000000000000000
@8309 0000000000000000
@830A 0000000000000000
@830B 0000000000000001
@830C 0000000000000000
@830D 0000000000000000
@830E 0000000000000000
@830F 0000000000000000
@8310 0000000000000000
@8311 0000000000000000
@8312 0000000000000000
@8313 0000000000000001
@8314 0000000000000000
@8315 0000000000000000
@8316 0000000000000000
@8317 0000000000000000
@8318 0000000000000000
@8319 0000000000000000
@831A 0000000000000000
@831B 0000000000000000
@831C 0000000000000000
@831D 0000000000000000
@831E 0000000000000000
@831F 0000000000000000
@8320 0000000000000000
@8321 0000000000000000
@8322 0000000000000000
@8323 0000000000000000
@8324 0000000000000000
@8325 0000000000000000
@8326 0000000000000000
@8327 0000000000000000
@8328 0000000000000000
@8329 0000000000000000
@832A 0000000000000000
@832B 0000000000000000
@832C 0000000000000000
@832D -000000000000002
@832E 0000000000000000
@832F 0000000000000000
@8330 0000000000000000
@8331 0000000000000000
@8332 0000000000000000
@8333 0000000000000000
@8334 0000000000000000
@8335 0000000000000000
@8336 -000000000000001
@8337 0000000000000000
@8338 0000000000000002
@8339 0000000000000000
@833A 0000000000000001
@833B 0000000000000000
@833C 0000000000000000
@833D -000000000000001
@833E 0000000000000000
@833F 0000000000000000
@8340 0000000000000000
@8341 0000000000000000
@8342 -000000000000002
@8343 0000000000000000
@8344 0000000000000001
@8345 -000000000000002
@8346 0000000000000000
@8347 0000000000000000
@8348 0000000000000000
@8349 -000000000000001
@834A 0000000000000000
@834B 0000000000000000
@834C 0000000000000000
@834D 0000000000000000
@834E 0000000000000000
@834F 0000000000000000
@8350 0000000000000000
@8351 0000000000000000
@8352 0000000000000000
@8353 0000000000000000
@8354 0000000000000001
@8355 0000000000000000
@8356 0000000000000000
@8357 0000000000000000
@8358 0000000000000001
@8359 0000000000000000
@835A 0000000000000000
@835B 0000000000000000
@835C 0000000000000000
@835D 0000000000000000
@835E 0000000000000000
@835F 0000000000000000
@8360 0000000000000000
@8361 0000000000000000
@8362 -000000000000001
@8363 0000000000000000
@8364 0000000000000000
@8365 0000000000000000
@8366 0000000000000002
@8367 0000000000000000
@8368 -000000000000001
@8369 0000000000000000
@836A 0000000000000000
@836B 0000000000000000
@836C 0000000000000000
@836D 0000000000000000
@836E 0000000000000000
@836F 0000000000000000
@8370 0000000000000000
@8371 0000000000000000
@8372 0000000000000000
@8373 0000000000000001
@8374 0000000000000000
@8375 0000000000000000
@8376 -000000000000001
@8377 0000000000000000
@8378 0000000000000000
@8379 0000000000000000
@837A 0000000000000002
@837B 0000000000000000
@837C 0000000000000000
@837D 0000000000000000
@837E 0000000000000000
@837F 0000000000000000
@8380 0000000000000000
@8381 0000000000000000
@8382 0000000000000000
@8383 0000000000000000
@8384 0000000000000000
@8385 0000000000000000
@8386 0000000000000000
@8387 0000000000000000
@8388 0000000000000000
@8389 0000000000000001
@838A -000000000000001
@838B 0000000000000000
@838C 0000000000000001
@838D 0000000000000000
@838E 0000000000000000
@838F 0000000000000000
@8390 -000000000000001
@8391 0000000000000000
@8392 0000000000000000
@8393 0000000000000000
@8394 0000000000000000
@8395 0000000000000000
@8396 0000000000000000
@8397 0000000000000000
@8398 0000000000000000
@8399 0000000000000000
@839A 0000000000000000
@839B 0000000000000000
@839C 0000000000000001
@839D 0000000000000000
@839E 0000000000000000
@839F 0000000000000000
@83A0 0000000000000000
@83A1 0000000000000000
@83A2 -000000000000001
@83A3 0000000000000000
@83A4 0000000000000000
@83A5 0000000000000000
@83A6 0000000000000000
@83A7 0000000000000000
@83A8 0000000000000000
@83A9 0000000000000000
@83AA 0000000000000000
@83AB 0000000000000000
@83AC 0000000000000000
@83AD 0000000000000000
@83AE 0000000000000000
@83AF 0000000000000000
@83B0 0000000000000000
@83B1 0000000000000002
@83B2 0000000000000000
@83B3 0000000000000000
@83B4 0000000000000000
@83B5 0000000000000000
@83B6 0000000000000000
@83B7 0000000000000000
@83B8 0000000000000000
@83B9 0000000000000000
@83BA 0000000000000000
@83BB 0000000000000000
@83BC 0000000000000000
@83BD 0000000000000000
@83BE 0000000000000000
@83BF 0000000000000000
@83C0 0000000000000000
@83C1 0000000000000000
@83C2 0000000000000000
@83C3 0000000000000000
@83C4 0000000000000000
@83C5 0000000000000000
@83C6 0000000000000000
@83C7 0000000000000000
@83C8 0000000000000000
@83C9 0000000000000000
@83CA 0000000000000000
@83CB 0000000000000001
@83CC 0000000000000000
@83CD 0000000000000000
@83CE 0000000000000000
@83CF 0000000000000000
@83D0 0000000000000000
@83D1 0000000000000000
@83D2 0000000000000000
@83D3 0000000000000001
@83D4 0000000000000000
@83D5 0000000000000000
@83D6 0000000000000000
@83D7 0000000000000000
@83D8 0000000000000000
@83D9 0000000000000000
@83DA 0000000000000000
@83DB 0000000000000000
@83DC 0000000000000000
@83DD 0000000000000000
@83DE 0000000000000000
@83DF 0000000000000000
@83E0 0000000000000000
@83E1 0000000000000000
@83E2 0000000000000000
@83E3 0000000000000000
@83E4 0000000000000000
@83E5 0000000000000000
@83E6 0000000000000000
@83E7 0000000000000000
@83E8 0000000000000000
@83E9 0000000000000000
@83EA 0000000000000000
@83EB 0000000000000000
@83EC 0000000000000000
@83ED -000000000000002
@83EE 0000000000000000
@83EF 0000000000000000
@83F0 0000000000000000
@83F1 0000000000000000
@83F2 0000000000000000
@83F3 0000000000000000
@83F4 0000000000000000
@83F5 0000000000000000
@83F6 -000000000000001
@83F7 0000000000000000
@83F8 0000000000000002
@83F9 0000000000000000
@83FA 0000000000000001
@83FB 0000000000000000
@83FC 0000000000000000
@83FD -000000000000001
@83FE 0000000000000000
@83FF 0000000000000000
@8400 0000000000000000
@8401 0000000000000000
@8402 -000000000000001
@8403 0000000000000000
@8404 0000000000000001
@8405 -000000000000002
@8406 0000000000000000
@8407 0000000000000000
@8408 0000000000000000
@8409 -000000000000001
@840A 0000000000000000
@840B 0000000000000000
@840C 0000000000000000
@840D 0000000000000000
@840E 0000000000000000
@840F 0000000000000000
@8410 0000000000000000
@8411 0000000000000000
@8412 0000000000000000
@8413 0000000000000000
@8414 0000000000000001
@8415 0000000000000000
@8416 0000000000000000
@8417 0000000000000000
@8418 0000000000000001
@8419 0000000000000000
@841A 0000000000000000
@841B 0000000000000000
@841C 0000000000000000
@841D 0000000000000000
@841E 0000000000000000
@841F 0000000000000000
@8420 0000000000000000
@8421 0000000000000000
@8422 -000000000000001
@8423 0000000000000000
@8424 0000000000000000
@8425 0000000000000000
@8426 0000000000000002
@8427 0000000000000000
@8428 -000000000000001
@8429 0000000000000000
@842A 0000000000000000
@842B 0000000000000000
@842C 0000000000000000
@842D 0000000000000000
@842E 0000000000000000
@842F 0000000000000000
@8430 0000000000000000
@8431 0000000000000000
@8432 0000000000000000
@8433 0000000000000001
@8434 0000000000000000
@8435 0000000000000000
@8436 -000000000000001
@8437 0000000000000000
@8438 0000000000000000
@8439 0000000000000000
@843A 0000000000000002
@843B 0000000000000000
@843C 0000000000000000
@843D 0000000000000000
@843E 0000000000000000
@843F 0000000000000000
@8440 0000000000000000
@8441 0000000000000000
@8442 0000000000000000
@8443 0000000000000000
@8444 0000000000000000
@8445 0000000000000000
@8446 0000000000000000
@8447 0000000000000000
@8448 0000000000000000
@8449 0000000000000001
@844A -000000000000001
@844B 0000000000000000
@844C 0000000000000001
@844D 0000000000000000
@844E 0000000000000000
@844F 0000000000000000
@8450 -000000000000001
@8451 0000000000000000
@8452 0000000000000000
@8453 0000000000000000
@8454 0000000000000000
@8455 0000000000000000
@8456 0000000000000000
@8457 0000000000000000
@8458 0000000000000000
@8459 0000000000000000
@845A 0000000000000000
@845B 0000000000000000
@845C 0000000000000001
@845D 0000000000000000
@845E 0000000000000000
@845F 0000000000000000
@8460 0000000000000000
@8461 0000000000000000
@8462 -000000000000001
@8463 0000000000000000
@8464 0000000000000000
@8465 0000000000000000
@8466 0000000000000000
@8467 0000000000000000
@8468 0000000000000000
@8469 0000000000000000
@846A 0000000000000000
@846B 0000000000000000
@846C 0000000000000000
@846D 0000000000000000
@846E 0000000000000000
@846F 0000000000000000
@8470 0000000000000000
@8471 0000000000000003
@8472 0000000000000000
@8473 0000000000000000
@8474 0000000000000000
@8475 0000000000000000
@8476 0000000000000000
@8477 0000000000000000
@8478 0000000000000000
@8479 0000000000000000
@847A 0000000000000000
@847B 0000000000000000
@847C 0000000000000000
@847D 0000000000000000
@847E 0000000000000000
@847F 0000000000000000
@8480 0000000000000000
@8481 0000000000000000
@8482 0000000000000000
@8483 0000000000000000
@8484 0000000000000000
@8485 0000000000000000
@8486 0000000000000000
@8487 0000000000000000
@8488 0000000000000000
@8489 0000000000000000
@848A 0000000000000000
@848B 0000000000000001
@848C 0000000000000000
@848D 0000000000000000
@848E 0000000000000000
@848F 0000000000000000
@8490 0000000000000000
@8491 0000000000000000
@8492 0000000000000000
@8493 0000000000000001
@8494 0000000000000000
@8495 0000000000000000
@8496 0000000000000000
@8497 0000000000000000
@8498 0000000000000000
@8499 0000000000000000
@849A 0000000000000000
@849B 0000000000000000
@849C 0000000000000000
@849D 0000000000000000
@849E 0000000000000000
@849F 0000000000000000
@84A0 0000000000000000
@84A1 -000000000000001
@84A2 0000000000000000
@84A3 0000000000000000
@84A4 0000000000000000
@84A5 0000000000000000
@84A6 0000000000000000
@84A7 0000000000000000
@84A8 0000000000000000
@84A9 0000000000000000
@84AA 0000000000000000
@84AB 0000000000000000
@84AC 0000000000000000
@84AD -000000000000001
@84AE 0000000000000000
@84AF 0000000000000000
@84B0 0000000000000000
@84B1 0000000000000000
@84B2 0000000000000000
@84B3 0000000000000000
@84B4 0000000000000000
@84B5 0000000000000000
@84B6 -000000000000001
@84B7 0000000000000000
@84B8 0000000000000002
@84B9 0000000000000000
@84BA 0000000000000001
@84BB 0000000000000000
@84BC 0000000000000000
@84BD -000000000000001
@84BE 0000000000000000
@84BF 0000000000000000
@84C0 0000000000000000
@84C1 0000000000000000
@84C2 -000000000000001
@84C3 0000000000000000
@84C4 0000000000000001
@84C5 -000000000000002
@84C6 0000000000000000
@84C7 0000000000000000
@84C8 0000000000000000
@84C9 -000000000000001
@84CA 0000000000000000
@84CB 0000000000000000
@84CC 0000000000000000
@84CD 0000000000000000
@84CE 0000000000000000
@84CF 0000000000000000
@84D0 0000000000000000
@84D1 0000000000000000
@84D2 0000000000000000
@84D3 0000000000000000
@84D4 0000000000000001
@84D5 0000000000000000
@84D6 0000000000000000
@84D7 0000000000000000
@84D8 0000000000000001
@84D9 0000000000000000
@84DA 0000000000000000
@84DB 0000000000000000
@84DC 0000000000000000
@84DD 0000000000000000
@84DE 0000000000000000
@84DF 0000000000000000
@84E0 0000000000000000
@84E1 0000000000000000
@84E2 -000000000000001
@84E3 0000000000000000
@84E4 0000000000000000
@84E5 0000000000000000
@84E6 0000000000000002
@84E7 0000000000000000
@84E8 -000000000000001
@84E9 0000000000000000
@84EA 0000000000000000
@84EB 0000000000000000
@84EC 0000000000000000
@84ED 0000000000000000
@84EE 0000000000000000
@84EF 0000000000000000
@84F0 0000000000000000
@84F1 0000000000000000
@84F2 0000000000000000
@84F3 0000000000000001
@84F4 0000000000000000
@84F5 0000000000000000
@84F6 -000000000000001
@84F7 0000000000000000
@84F8 0000000000000000
@84F9 0000000000000000
@84FA 0000000000000002
@84FB 0000000000000000
@84FC 0000000000000000
@84FD 0000000000000000
@84FE 0000000000000000
@84FF 0000000000000000
@8500 0000000000000000
@8501 0000000000000000
@8502 0000000000000000
@8503 0000000000000000
@8504 0000000000000000
@8505 0000000000000000
@8506 0000000000000000
@8507 0000000000000000
@8508 0000000000000000
@8509 0000000000000001
@850A -000000000000001
@850B 0000000000000000
@850C 0000000000000001
@850D 0000000000000000
@850E 0000000000000000
@850F 0000000000000000
@8510 -000000000000001
@8511 0000000000000000
@8512 0000000000000000
@8513 0000000000000000
@8514 0000000000000000
@8515 0000000000000000
@8516 0000000000000000
@8517 0000000000000000
@8518 0000000000000000
@8519 0000000000000000
@851A 0000000000000000
@851B 0000000000000000
@851C 0000000000000001
@851D 0000000000000000
@851E 0000000000000000
@851F 0000000000000000
@8520 0000000000000000
@8521 0000000000000000
@8522 -000000000000001
@8523 0000000000000000
@8524 0000000000000000
@8525 0000000000000000
@8526 0000000000000000
@8527 0000000000000000
@8528 0000000000000000
@8529 0000000000000000
@852A 0000000000000000
@852B 0000000000000000
@852C 0000000000000000
@852D 0000000000000000
@852E 0000000000000000
@852F 0000000000000000
@8530 0000000000000000
@8531 0000000000000003
@8532 0000000000000000
@8533 0000000000000000
@8534 0000000000000000
@8535 0000000000000000
@8536 0000000000000000
@8537 0000000000000001
@8538 0000000000000000
@8539 0000000000000000
@853A 0000000000000000
@853B 0000000000000000
@853C 0000000000000000
@853D 0000000000000000
@853E 0000000000000000
@853F 0000000000000000
@8540 0000000000000000
@8541 0000000000000000
@8542 0000000000000000
@8543 0000000000000000
@8544 0000000000000000
@8545 0000000000000000
@8546 0000000000000000
@8547 0000000000000000
@8548 0000000000000000
@8549 0000000000000000
@854A 0000000000000000
@854B 0000000000000001
@854C 0000000000000000
@854D 0000000000000000
@854E 0000000000000000
@854F 0000000000000000
@8550 0000000000000000
@8551 0000000000000000
@8552 0000000000000000
@8553 0000000000000001
@8554 0000000000000000
@8555 0000000000000000
@8556 0000000000000000
@8557 0000000000000000
@8558 0000000000000000
@8559 0000000000000000
@855A 0000000000000000
@855B 0000000000000000
@855C 0000000000000000
@855D 0000000000000000
@855E 0000000000000000
@855F 0000000000000000
@8560 0000000000000000
@8561 -000000000000001
@8562 0000000000000000
@8563 0000000000000000
@8564 0000000000000000
@8565 0000000000000000
@8566 0000000000000000
@8567 0000000000000000
@8568 0000000000000000
@8569 0000000000000000
@856A 0000000000000000
@856B 0000000000000000
@856C 0000000000000000
@856D -000000000000001
@856E 0000000000000000
@856F 0000000000000000
@8570 0000000000000000
@8571 0000000000000000
@8572 0000000000000000
@8573 0000000000000000
@8574 0000000000000000
@8575 0000000000000000
@8576 -000000000000001
@8577 0000000000000000
@8578 0000000000000002
@8579 0000000000000000
@857A 0000000000000001
@857B 0000000000000000
@857C 0000000000000000
@857D -000000000000001
@857E 0000000000000000
@857F 0000000000000000
@8580 0000000000000000
@8581 0000000000000000
@8582 -000000000000001
@8583 0000000000000000
@8584 0000000000000001
@8585 -000000000000001
@8586 0000000000000000
@8587 0000000000000000
@8588 0000000000000000
@8589 -000000000000001
@858A 0000000000000000
@858B 0000000000000000
@858C 0000000000000000
@858D 0000000000000000
@858E 0000000000000000
@858F 0000000000000000
@8590 0000000000000000
@8591 0000000000000000
@8592 0000000000000000
@8593 0000000000000000
@8594 0000000000000001
@8595 0000000000000000
@8596 0000000000000000
@8597 0000000000000000
@8598 0000000000000001
@8599 0000000000000000
@859A 0000000000000000
@859B 0000000000000000
@859C 0000000000000000
@859D 0000000000000000
@859E 0000000000000000
@859F 0000000000000000
@85A0 0000000000000000
@85A1 0000000000000000
@85A2 -000000000000001
@85A3 0000000000000000
@85A4 0000000000000000
@85A5 0000000000000000
@85A6 0000000000000002
@85A7 0000000000000000
@85A8 -000000000000001
@85A9 0000000000000000
@85AA 0000000000000000
@85AB 0000000000000000
@85AC 0000000000000000
@85AD 0000000000000000
@85AE 0000000000000000
@85AF 0000000000000000
@85B0 0000000000000000
@85B1 0000000000000000
@85B2 0000000000000000
@85B3 0000000000000001
@85B4 0000000000000000
@85B5 0000000000000000
@85B6 -000000000000001
@85B7 0000000000000000
@85B8 0000000000000000
@85B9 0000000000000000
@85BA 0000000000000002
@85BB 0000000000000000
@85BC 0000000000000000
@85BD 0000000000000000
@85BE 0000000000000000
@85BF 0000000000000000
@85C0 0000000000000000
@85C1 0000000000000000
@85C2 0000000000000000
@85C3 0000000000000000
@85C4 0000000000000000
@85C5 0000000000000000
@85C6 0000000000000000
@85C7 0000000000000000
@85C8 0000000000000000
@85C9 0000000000000001
@85CA 0000000000000000
@85CB 0000000000000000
@85CC 0000000000000001
@85CD 0000000000000000
@85CE 0000000000000000
@85CF 0000000000000000
@85D0 -000000000000001
@85D1 0000000000000000
@85D2 0000000000000000
@85D3 0000000000000000
@85D4 0000000000000000
@85D5 0000000000000000
@85D6 0000000000000000
@85D7 0000000000000000
@85D8 0000000000000000
@85D9 0000000000000000
@85DA 0000000000000000
@85DB 0000000000000000
@85DC 0000000000000001
@85DD 0000000000000000
@85DE 0000000000000000
@85DF 0000000000000000
@85E0 0000000000000000
@85E1 0000000000000000
@85E2 -000000000000001
@85E3 0000000000000000
@85E4 0000000000000000
@85E5 0000000000000000
@85E6 0000000000000000
@85E7 0000000000000000
@85E8 0000000000000000
@85E9 0000000000000000
@85EA 0000000000000000
@85EB 0000000000000000
@85EC 0000000000000000
@85ED 0000000000000000
@85EE 0000000000000000
@85EF 0000000000000000
@85F0 -000000000000001
@85F1 0000000000000003
@85F2 0000000000000000
@85F3 0000000000000000
@85F4 0000000000000001
@85F5 0000000000000000
@85F6 0000000000000000
@85F7 0000000000000001
@85F8 0000000000000000
@85F9 0000000000000000
@85FA 0000000000000000
@85FB 0000000000000000
@85FC 0000000000000000
@85FD 0000000000000000
@85FE -000000000000001
@85FF 0000000000000000
@8600 0000000000000000
@8601 0000000000000000
@8602 0000000000000000
@8603 0000000000000000
@8604 0000000000000000
@8605 0000000000000000
@8606 0000000000000000
@8607 0000000000000000
@8608 0000000000000000
@8609 0000000000000000
@860A 0000000000000000
@860B 0000000000000001
@860C 0000000000000000
@860D 0000000000000000
@860E 0000000000000000
@860F 0000000000000000
@8610 0000000000000000
@8611 0000000000000000
@8612 0000000000000000
@8613 0000000000000001
@8614 0000000000000000
@8615 0000000000000000
@8616 0000000000000000
@8617 0000000000000000
@8618 0000000000000000
@8619 0000000000000000
@861A 0000000000000000
@861B 0000000000000000
@861C 0000000000000000
@861D 0000000000000000
@861E 0000000000000000
@861F 0000000000000000
@8620 0000000000000000
@8621 -000000000000001
@8622 0000000000000000
@8623 0000000000000000
@8624 0000000000000000
@8625 0000000000000000
@8626 0000000000000000
@8627 0000000000000000
@8628 0000000000000000
@8629 0000000000000000
@862A 0000000000000000
@862B 0000000000000000
@862C 0000000000000000
@862D -000000000000001
@862E 0000000000000000
@862F 0000000000000000
@8630 0000000000000000
@8631 0000000000000000
@8632 0000000000000000
@8633 0000000000000000
@8634 0000000000000000
@8635 0000000000000000
@8636 -000000000000001
@8637 0000000000000000
@8638 0000000000000002
@8639 0000000000000000
@863A 0000000000000000
@863B 0000000000000000
@863C 0000000000000000
@863D -000000000000001
@863E 0000000000000000
@863F 0000000000000000
@8640 -000000000000001
@8641 0000000000000000
@8642 -000000000000001
@8643 0000000000000000
@8644 0000000000000001
@8645 -000000000000001
@8646 -000000000000001
@8647 0000000000000001
@8648 0000000000000000
@8649 -000000000000001
@864A 0000000000000000
@864B 0000000000000000
@864C 0000000000000001
@864D 0000000000000000
@864E 0000000000000000
@864F 0000000000000000
@8650 -000000000000001
@8651 0000000000000000
@8652 0000000000000000
@8653 0000000000000000
@8654 0000000000000000
@8655 0000000000000000
@8656 0000000000000000
@8657 0000000000000001
@8658 0000000000000000
@8659 0000000000000000
@865A 0000000000000000
@865B 0000000000000000
@865C 0000000000000000
@865D 0000000000000000
@865E 0000000000000000
@865F 0000000000000000
@8660 0000000000000000
@8661 0000000000000000
@8662 -000000000000002
@8663 -000000000000001
@8664 0000000000000000
@8665 0000000000000001
@8666 0000000000000002
@8667 -000000000000001
@8668 0000000000000000
@8669 0000000000000000
@866A 0000000000000000
@866B 0000000000000000
@866C 0000000000000000
@866D 0000000000000000
@866E 0000000000000000
@866F 0000000000000000
@8670 0000000000000000
@8671 0000000000000000
@8672 -000000000000001
@8673 0000000000000001
@8674 0000000000000000
@8675 0000000000000001
@8676 0000000000000000
@8677 -000000000000001
@8678 0000000000000000
@8679 0000000000000001
@867A 0000000000000002
@867B 0000000000000000
@867C -000000000000001
@867D 0000000000000001
@867E 0000000000000000
@867F 0000000000000000
@8680 0000000000000000
@8681 0000000000000000
@8682 0000000000000001
@8683 0000000000000000
@8684 0000000000000001
@8685 0000000000000000
@8686 0000000000000000
@8687 0000000000000000
@8688 0000000000000000
@8689 0000000000000001
@868A 0000000000000000
@868B 0000000000000000
@868C 0000000000000001
@868D 0000000000000001
@868E 0000000000000000
@868F 0000000000000000
@8690 -000000000000002
@8691 0000000000000000
@8692 -000000000000002
@8693 0000000000000001
@8694 0000000000000000
@8695 0000000000000000
@8696 0000000000000000
@8697 0000000000000001
@8698 0000000000000000
@8699 0000000000000000
@869A -000000000000001
@869B 0000000000000001
@869C 0000000000000001
@869D 0000000000000000
@869E -000000000000001
@869F 0000000000000000
@86A0 0000000000000000
@86A1 0000000000000001
@86A2 -000000000000001
@86A3 0000000000000000
@86A4 0000000000000000
@86A5 0000000000000000
@86A6 0000000000000001
@86A7 0000000000000000
@86A8 0000000000000000
@86A9 0000000000000000
@86AA 0000000000000001
@86AB 0000000000000000
@86AC 0000000000000000
@86AD 0000000000000000
@86AE 0000000000000000
@86AF 0000000000000000
@86B0 -000000000000002
@86B1 0000000000000003
@86B2 -000000000000001
@86B3 0000000000000000
@86B4 0000000000000001
@86B5 0000000000000000
@86B6 0000000000000001
@86B7 0000000000000000
@86B8 -000000000000001
@86B9 0000000000000000
@86BA 0000000000000000
@86BB 0000000000000001
@86BC 0000000000000000
@86BD 0000000000000000
@86BE 0000000000000000
@86BF 0000000000000001
@86C0 0000000000000000
@86C1 0000000000000000
@86C2 0000000000000000
@86C3 0000000000000000
@86C4 0000000000000000
@86C5 -000000000000001
@86C6 -000000000000001
@86C7 0000000000000000
@86C8 0000000000000000
@86C9 -000000000000001
@86CA 0000000000000000
@86CB 0000000000000002
@86CC 0000000000000001
@86CD 0000000000000000
@86CE 0000000000000000
@86CF 0000000000000000
@86D0 0000000000000000
@86D1 0000000000000000
@86D2 0000000000000000
@86D3 0000000000000001
@86D4 -000000000000001
@86D5 0000000000000000
@86D6 0000000000000000
@86D7 0000000000000000
@86D8 0000000000000000
@86D9 0000000000000000
@86DA -000000000000001
@86DB 0000000000000000
@86DC 0000000000000000
@86DD 0000000000000000
@86DE 0000000000000000
@86DF 0000000000000000
@86E0 0000000000000002
@86E1 0000000000000000
@86E2 -000000000000001
@86E3 0000000000000000
@86E4 0000000000000000
@86E5 0000000000000000
@86E6 0000000000000000
@86E7 0000000000000000
@86E8 0000000000000000
@86E9 0000000000000000
@86EA 0000000000000000
@86EB 0000000000000000
@86EC 0000000000000000
@86ED -000000000000001
@86EE 0000000000000000
@86EF -000000000000001
@86F0 0000000000000000
@86F1 0000000000000000
@86F2 0000000000000001
@86F3 0000000000000000
@86F4 0000000000000001
@86F5 0000000000000000
@86F6 -000000000000001
@86F7 -000000000000001
@86F8 0000000000000001
@86F9 0000000000000000
@86FA -000000000000001
@86FB 0000000000000000
@86FC 0000000000000002
@86FD -000000000000001
@86FE 0000000000000002
@86FF 0000000000000000
@8700 0000000000000003
@8701 0000000000000000
@8702 -000000000000002
@8703 0000000000000002
@8704 0000000000000001
@8705 0000000000000000
@8706 0000000000000000
@8707 0000000000000000
@8708 0000000000000002
@8709 0000000000000000
@870A -000000000000001
@870B -000000000000002
@870C -000000000000002
@870D 0000000000000000
@870E 0000000000000000
@870F 0000000000000001
@8710 0000000000000001
@8711 0000000000000000
@8712 0000000000000001
@8713 0000000000000001
@8714 0000000000000000
@8715 -000000000000001
@8716 0000000000000000
@8717 0000000000000003
@8718 0000000000000001
@8719 -000000000000002
@871A 0000000000000000
@871B 0000000000000000
@871C 0000000000000000
@871D -000000000000002
@871E 0000000000000000
@871F 0000000000000000
@8720 -000000000000003
@8721 0000000000000000
@8722 -000000000000003
@8723 -000000000000001
@8724 0000000000000003
@8725 0000000000000000
@8726 0000000000000002
@8727 0000000000000000
@8728 0000000000000000
@8729 0000000000000000
@872A -000000000000003
@872B -000000000000001
@872C -000000000000002
@872D 0000000000000001
@872E 0000000000000002
@872F -000000000000001
@8730 -000000000000001
@8731 0000000000000000
@8732 0000000000000000
@8733 0000000000000000
@8734 0000000000000000
@8735 -000000000000003
@8736 0000000000000001
@8737 -000000000000001
@8738 0000000000000000
@8739 0000000000000002
@873A 0000000000000003
@873B 0000000000000001
@873C -000000000000001
@873D 0000000000000000
@873E 0000000000000001
@873F -000000000000002
@8740 -000000000000002
@8741 0000000000000002
@8742 0000000000000002
@8743 0000000000000001
@8744 0000000000000003
@8745 -000000000000001
@8746 0000000000000000
@8747 0000000000000001
@8748 0000000000000000
@8749 0000000000000000
@874A -000000000000004
@874B 0000000000000000
@874C 0000000000000002
@874D 0000000000000000
@874E 0000000000000000
@874F 0000000000000002
@8750 -000000000000001
@8751 -000000000000001
@8752 -000000000000005
@8753 -000000000000001
@8754 0000000000000002
@8755 0000000000000001
@8756 -000000000000005
@8757 0000000000000000
@8758 -000000000000001
@8759 -000000000000001
@875A 0000000000000001
@875B -000000000000002
@875C 0000000000000001
@875D 0000000000000000
@875E 0000000000000001
@875F 0000000000000001
@8760 0000000000000001
@8761 0000000000000001
@8762 -000000000000001
@8763 0000000000000000
@8764 -000000000000001
@8765 0000000000000000
@8766 0000000000000000
@8767 0000000000000002
@8768 0000000000000000
@8769 0000000000000001
@876A 0000000000000003
@876B 0000000000000000
@876C 0000000000000000
@876D -000000000000002
@876E 0000000000000002
@876F 0000000000000001
@8770 -000000000000001
@8771 0000000000000003
@8772 0000000000000002
@8773 0000000000000000
@8774 0000000000000001
@8775 0000000000000001
@8776 0000000000000001
@8777 0000000000000000
@8778 -000000000000001
@8779 0000000000000000
@877A 0000000000000000
@877B 0000000000000000
@877C 0000000000000000
@877D 0000000000000000
@877E 0000000000000000
@877F 0000000000000000
@8780 0000000000000001
@8781 -000000000000001
@8782 0000000000000000
@8783 0000000000000000
@8784 0000000000000000
@8785 0000000000000000
@8786 -000000000000002
@8787 -000000000000001
@8788 0000000000000000
@8789 0000000000000002
@878A -000000000000001
@878B 0000000000000000
@878C 0000000000000000
@878D 0000000000000000
@878E 0000000000000000
@878F 0000000000000002
@8790 -000000000000001
@8791 0000000000000000
@8792 0000000000000000
@8793 0000000000000001
@8794 0000000000000003
@8795 0000000000000001
@8796 0000000000000000
@8797 -000000000000001
@8798 -000000000000001
@8799 0000000000000002
@879A 0000000000000000
@879B 0000000000000000
@879C 0000000000000000
@879D 0000000000000000
@879E 0000000000000000
@879F 0000000000000000
@87A0 0000000000000000
@87A1 0000000000000001
@87A2 -000000000000001
@87A3 -000000000000002
@87A4 0000000000000000
@87A5 0000000000000000
@87A6 0000000000000001
@87A7 0000000000000000
@87A8 0000000000000000
@87A9 0000000000000000
@87AA -000000000000001
@87AB 0000000000000000
@87AC 0000000000000001
@87AD -000000000000002
@87AE 0000000000000000
@87AF -000000000000001
@87B0 0000000000000000
@87B1 0000000000000000
@87B2 0000000000000000
@87B3 0000000000000000
@87B4 0000000000000001
@87B5 0000000000000001
@87B6 -000000000000001
@87B7 -000000000000001
@87B8 0000000000000000
@87B9 0000000000000000
@87BA -000000000000001
@87BB -000000000000001
@87BC 0000000000000002
@87BD -000000000000001
@87BE -000000000000002
@87BF 0000000000000000
@87C0 0000000000000000
@87C1 0000000000000000
@87C2 -000000000000002
@87C3 0000000000000000
@87C4 0000000000000001
@87C5 -000000000000002
@87C6 0000000000000000
@87C7 0000000000000000
@87C8 -000000000000001
@87C9 -000000000000002
@87CA 0000000000000000
@87CB 0000000000000000
@87CC 0000000000000000
@87CD 0000000000000000
@87CE 0000000000000000
@87CF 0000000000000000
@87D0 0000000000000000
@87D1 0000000000000000
@87D2 0000000000000000
@87D3 0000000000000000
@87D4 0000000000000000
@87D5 -000000000000001
@87D6 0000000000000000
@87D7 0000000000000000
@87D8 0000000000000000
@87D9 0000000000000000
@87DA 0000000000000000
@87DB 0000000000000000
@87DC 0000000000000000
@87DD -000000000000001
@87DE 0000000000000000
@87DF 0000000000000000
@87E0 0000000000000000
@87E1 0000000000000000
@87E2 -000000000000001
@87E3 0000000000000000
@87E4 0000000000000000
@87E5 0000000000000000
@87E6 0000000000000002
@87E7 0000000000000000
@87E8 -000000000000001
@87E9 0000000000000000
@87EA 0000000000000000
@87EB 0000000000000000
@87EC -000000000000001
@87ED 0000000000000000
@87EE 0000000000000000
@87EF 0000000000000000
@87F0 0000000000000000
@87F1 0000000000000001
@87F2 0000000000000000
@87F3 0000000000000000
@87F4 0000000000000000
@87F5 0000000000000000
@87F6 0000000000000000
@87F7 0000000000000000
@87F8 0000000000000000
@87F9 0000000000000001
@87FA 0000000000000002
@87FB 0000000000000000
@87FC 0000000000000000
@87FD 0000000000000000
@87FE 0000000000000000
@87FF 0000000000000000
@8800 0000000000000000
@8801 0000000000000000
@8802 0000000000000000
@8803 0000000000000000
@8804 0000000000000000
@8805 0000000000000000
@8806 0000000000000000
@8807 0000000000000000
@8808 0000000000000000
@8809 0000000000000001
@880A -000000000000002
@880B 0000000000000000
@880C 0000000000000002
@880D 0000000000000000
@880E 0000000000000000
@880F 0000000000000000
@8810 -000000000000001
@8811 0000000000000000
@8812 -000000000000001
@8813 0000000000000000
@8814 0000000000000000
@8815 0000000000000000
@8816 0000000000000000
@8817 0000000000000000
@8818 0000000000000000
@8819 0000000000000000
@881A 0000000000000000
@881B 0000000000000000
@881C 0000000000000002
@881D 0000000000000000
@881E 0000000000000001
@881F 0000000000000000
@8820 0000000000000000
@8821 0000000000000000
@8822 0000000000000000
@8823 0000000000000000
@8824 -000000000000001
@8825 0000000000000000
@8826 0000000000000000
@8827 0000000000000000
@8828 0000000000000000
@8829 0000000000000000
@882A 0000000000000000
@882B 0000000000000000
@882C 0000000000000000
@882D 0000000000000000
@882E 0000000000000000
@882F 0000000000000000
@8830 0000000000000000
@8831 0000000000000002
@8832 0000000000000000
@8833 0000000000000000
@8834 0000000000000001
@8835 0000000000000000
@8836 0000000000000001
@8837 0000000000000000
@8838 0000000000000000
@8839 0000000000000000
@883A 0000000000000000
@883B 0000000000000000
@883C 0000000000000000
@883D 0000000000000000
@883E 0000000000000000
@883F 0000000000000000
@8840 0000000000000000
@8841 0000000000000000
@8842 0000000000000000
@8843 0000000000000000
@8844 0000000000000000
@8845 0000000000000001
@8846 0000000000000000
@8847 0000000000000000
@8848 0000000000000000
@8849 0000000000000000
@884A 0000000000000000
@884B 0000000000000000
@884C 0000000000000000
@884D 0000000000000000
@884E 0000000000000000
@884F 0000000000000000
@8850 0000000000000000
@8851 0000000000000000
@8852 0000000000000000
@8853 0000000000000000
@8854 0000000000000000
@8855 0000000000000000
@8856 0000000000000000
@8857 0000000000000000
@8858 0000000000000000
@8859 0000000000000000
@885A 0000000000000000
@885B 0000000000000000
@885C 0000000000000001
@885D 0000000000000000
@885E 0000000000000000
@885F 0000000000000000
@8860 0000000000000000
@8861 0000000000000000
@8862 0000000000000000
@8863 0000000000000000
@8864 0000000000000000
@8865 0000000000000000
@8866 0000000000000000
@8867 0000000000000000
@8868 0000000000000000
@8869 0000000000000000
@886A 0000000000000000
@886B 0000000000000000
@886C 0000000000000000
@886D -000000000000002
@886E 0000000000000000
@886F 0000000000000000
@8870 0000000000000000
@8871 0000000000000000
@8872 0000000000000000
@8873 0000000000000000
@8874 0000000000000000
@8875 0000000000000000
@8876 -000000000000001
@8877 -000000000000001
@8878 0000000000000001
@8879 0000000000000000
@887A 0000000000000001
@887B 0000000000000001
@887C 0000000000000000
@887D -000000000000001
@887E 0000000000000001
@887F 0000000000000000
@8880 0000000000000000
@8881 0000000000000000
@8882 -000000000000001
@8883 0000000000000000
@8884 0000000000000001
@8885 -000000000000002
@8886 0000000000000000
@8887 0000000000000000
@8888 0000000000000000
@8889 -000000000000001
@888A 0000000000000000
@888B 0000000000000000
@888C 0000000000000000
@888D 0000000000000000
@888E 0000000000000000
@888F 0000000000000000
@8890 0000000000000000
@8891 0000000000000000
@8892 0000000000000000
@8893 0000000000000000
@8894 0000000000000001
@8895 0000000000000000
@8896 0000000000000000
@8897 0000000000000000
@8898 0000000000000001
@8899 0000000000000000
@889A 0000000000000000
@889B 0000000000000000
@889C 0000000000000000
@889D 0000000000000000
@889E 0000000000000000
@889F 0000000000000000
@88A0 0000000000000000
@88A1 0000000000000000
@88A2 -000000000000001
@88A3 0000000000000000
@88A4 0000000000000000
@88A5 0000000000000000
@88A6 0000000000000002
@88A7 0000000000000000
@88A8 -000000000000001
@88A9 0000000000000000
@88AA 0000000000000000
@88AB 0000000000000001
@88AC 0000000000000000
@88AD 0000000000000000
@88AE 0000000000000000
@88AF 0000000000000000
@88B0 0000000000000000
@88B1 0000000000000000
@88B2 0000000000000000
@88B3 0000000000000001
@88B4 0000000000000000
@88B5 0000000000000000
@88B6 -000000000000001
@88B7 0000000000000000
@88B8 0000000000000000
@88B9 0000000000000000
@88BA 0000000000000002
@88BB 0000000000000000
@88BC -000000000000001
@88BD 0000000000000000
@88BE 0000000000000000
@88BF 0000000000000000
@88C0 0000000000000000
@88C1 0000000000000000
@88C2 0000000000000000
@88C3 0000000000000000
@88C4 0000000000000000
@88C5 0000000000000000
@88C6 0000000000000000
@88C7 0000000000000000
@88C8 0000000000000000
@88C9 0000000000000001
@88CA -000000000000001
@88CB 0000000000000000
@88CC 0000000000000000
@88CD 0000000000000000
@88CE 0000000000000000
@88CF 0000000000000000
@88D0 -000000000000001
@88D1 0000000000000000
@88D2 0000000000000000
@88D3 0000000000000000
@88D4 0000000000000000
@88D5 0000000000000000
@88D6 0000000000000000
@88D7 0000000000000000
@88D8 0000000000000000
@88D9 0000000000000000
@88DA 0000000000000000
@88DB 0000000000000000
@88DC 0000000000000001
@88DD 0000000000000000
@88DE 0000000000000000
@88DF 0000000000000000
@88E0 0000000000000000
@88E1 0000000000000000
@88E2 -000000000000001
@88E3 0000000000000000
@88E4 0000000000000000
@88E5 0000000000000000
@88E6 0000000000000000
@88E7 0000000000000000
@88E8 0000000000000000
@88E9 0000000000000000
@88EA 0000000000000000
@88EB 0000000000000000
@88EC 0000000000000000
@88ED 0000000000000000
@88EE 0000000000000000
@88EF 0000000000000000
@88F0 0000000000000000
@88F1 0000000000000002
@88F2 0000000000000000
@88F3 0000000000000000
@88F4 0000000000000000
@88F5 0000000000000000
@88F6 0000000000000000
@88F7 0000000000000001
@88F8 0000000000000000
@88F9 0000000000000000
@88FA 0000000000000000
@88FB 0000000000000000
@88FC 0000000000000000
@88FD 0000000000000000
@88FE 0000000000000000
@88FF 0000000000000000
@8900 0000000000000000
@8901 0000000000000000
@8902 0000000000000000
@8903 0000000000000000
@8904 0000000000000000
@8905 0000000000000000
@8906 0000000000000000
@8907 0000000000000000
@8908 0000000000000000
@8909 0000000000000000
@890A 0000000000000000
@890B 0000000000000001
@890C 0000000000000000
@890D 0000000000000000
@890E 0000000000000000
@890F 0000000000000000
@8910 0000000000000000
@8911 0000000000000000
@8912 0000000000000000
@8913 0000000000000001
@8914 0000000000000000
@8915 0000000000000000
@8916 0000000000000000
@8917 0000000000000000
@8918 0000000000000000
@8919 0000000000000000
@891A 0000000000000000
@891B 0000000000000000
@891C 0000000000000000
@891D 0000000000000000
@891E 0000000000000000
@891F 0000000000000000
@8920 0000000000000000
@8921 0000000000000000
@8922 0000000000000000
@8923 0000000000000000
@8924 0000000000000000
@8925 0000000000000000
@8926 0000000000000000
@8927 0000000000000000
@8928 0000000000000000
@8929 0000000000000000
@892A 0000000000000000
@892B 0000000000000000
@892C 0000000000000000
@892D -000000000000002
@892E 0000000000000000
@892F 0000000000000000
@8930 0000000000000000
@8931 0000000000000000
@8932 0000000000000000
@8933 0000000000000000
@8934 0000000000000000
@8935 0000000000000000
@8936 -000000000000001
@8937 0000000000000000
@8938 0000000000000002
@8939 0000000000000000
@893A 0000000000000001
@893B 0000000000000000
@893C 0000000000000000
@893D 0000000000000000
@893E 0000000000000000
@893F 0000000000000000
@8940 0000000000000000
@8941 0000000000000000
@8942 -000000000000001
@8943 0000000000000000
@8944 0000000000000001
@8945 -000000000000002
@8946 0000000000000000
@8947 0000000000000000
@8948 0000000000000000
@8949 -000000000000001
@894A 0000000000000000
@894B 0000000000000000
@894C 0000000000000000
@894D 0000000000000000
@894E 0000000000000000
@894F 0000000000000000
@8950 0000000000000000
@8951 0000000000000000
@8952 0000000000000000
@8953 0000000000000000
@8954 0000000000000001
@8955 0000000000000000
@8956 0000000000000000
@8957 0000000000000000
@8958 0000000000000001
@8959 0000000000000000
@895A 0000000000000000
@895B 0000000000000000
@895C 0000000000000000
@895D 0000000000000000
@895E 0000000000000000
@895F 0000000000000000
@8960 0000000000000000
@8961 0000000000000000
@8962 -000000000000001
@8963 0000000000000000
@8964 0000000000000000
@8965 0000000000000000
@8966 0000000000000002
@8967 0000000000000000
@8968 -000000000000001
@8969 0000000000000000
@896A 0000000000000000
@896B 0000000000000000
@896C 0000000000000000
@896D 0000000000000000
@896E 0000000000000000
@896F 0000000000000000
@8970 0000000000000000
@8971 0000000000000000
@8972 0000000000000000
@8973 0000000000000001
@8974 0000000000000000
@8975 0000000000000000
@8976 -000000000000001
@8977 0000000000000000
@8978 0000000000000000
@8979 0000000000000000
@897A 0000000000000002
@897B 0000000000000000
@897C 0000000000000000
@897D 0000000000000000
@897E 0000000000000000
@897F 0000000000000000
@8980 0000000000000000
@8981 0000000000000000
@8982 0000000000000000
@8983 0000000000000000
@8984 0000000000000000
@8985 0000000000000000
@8986 0000000000000000
@8987 0000000000000000
@8988 0000000000000000
@8989 0000000000000001
@898A -000000000000001
@898B 0000000000000000
@898C 0000000000000000
@898D 0000000000000000
@898E 0000000000000000
@898F 0000000000000000
@8990 -000000000000001
@8991 0000000000000000
@8992 0000000000000000
@8993 0000000000000000
@8994 0000000000000000
@8995 0000000000000000
@8996 0000000000000000
@8997 0000000000000000
@8998 0000000000000000
@8999 0000000000000000
@899A 0000000000000000
@899B 0000000000000000
@899C 0000000000000001
@899D 0000000000000000
@899E 0000000000000000
@899F 0000000000000000
@89A0 0000000000000000
@89A1 0000000000000000
@89A2 -000000000000001
@89A3 0000000000000000
@89A4 0000000000000000
@89A5 0000000000000000
@89A6 0000000000000000
@89A7 0000000000000000
@89A8 0000000000000000
@89A9 0000000000000000
@89AA 0000000000000000
@89AB 0000000000000000
@89AC 0000000000000000
@89AD 0000000000000000
@89AE 0000000000000000
@89AF 0000000000000000
@89B0 0000000000000000
@89B1 0000000000000002
@89B2 0000000000000000
@89B3 0000000000000000
@89B4 0000000000000000
@89B5 0000000000000000
@89B6 0000000000000000
@89B7 0000000000000000
@89B8 0000000000000000
@89B9 0000000000000000
@89BA 0000000000000000
@89BB 0000000000000000
@89BC 0000000000000000
@89BD 0000000000000000
@89BE 0000000000000000
@89BF 0000000000000000
@89C0 0000000000000000
@89C1 0000000000000000
@89C2 0000000000000000
@89C3 0000000000000000
@89C4 0000000000000000
@89C5 0000000000000000
@89C6 0000000000000000
@89C7 0000000000000000
@89C8 0000000000000000
@89C9 0000000000000000
@89CA 0000000000000000
@89CB 0000000000000001
@89CC 0000000000000000
@89CD 0000000000000000
@89CE 0000000000000000
@89CF 0000000000000000
@89D0 0000000000000000
@89D1 0000000000000000
@89D2 0000000000000000
@89D3 0000000000000001
@89D4 0000000000000000
@89D5 0000000000000000
@89D6 0000000000000000
@89D7 0000000000000000
@89D8 0000000000000001
@89D9 0000000000000000
@89DA 0000000000000000
@89DB 0000000000000000
@89DC 0000000000000000
@89DD 0000000000000000
@89DE 0000000000000000
@89DF 0000000000000000
@89E0 0000000000000000
@89E1 0000000000000000
@89E2 0000000000000000
@89E3 0000000000000000
@89E4 0000000000000000
@89E5 0000000000000000
@89E6 0000000000000000
@89E7 0000000000000000
@89E8 0000000000000000
@89E9 0000000000000000
@89EA 0000000000000000
@89EB 0000000000000000
@89EC 0000000000000000
@89ED -000000000000002
@89EE 0000000000000000
@89EF 0000000000000000
@89F0 0000000000000000
@89F1 0000000000000000
@89F2 0000000000000000
@89F3 0000000000000000
@89F4 0000000000000000
@89F5 0000000000000000
@89F6 -000000000000001
@89F7 0000000000000000
@89F8 0000000000000002
@89F9 0000000000000000
@89FA 0000000000000001
@89FB 0000000000000000
@89FC 0000000000000000
@89FD 0000000000000000
@89FE 0000000000000000
@89FF 0000000000000000
@8A00 0000000000000000
@8A01 0000000000000000
@8A02 -000000000000001
@8A03 0000000000000000
@8A04 0000000000000001
@8A05 -000000000000002
@8A06 0000000000000000
@8A07 0000000000000000
@8A08 0000000000000000
@8A09 -000000000000001
@8A0A 0000000000000000
@8A0B 0000000000000000
@8A0C 0000000000000000
@8A0D 0000000000000000
@8A0E 0000000000000000
@8A0F 0000000000000000
@8A10 0000000000000000
@8A11 0000000000000000
@8A12 0000000000000000
@8A13 0000000000000000
@8A14 0000000000000001
@8A15 0000000000000000
@8A16 0000000000000000
@8A17 0000000000000000
@8A18 0000000000000001
@8A19 0000000000000000
@8A1A 0000000000000000
@8A1B 0000000000000000
@8A1C 0000000000000000
@8A1D 0000000000000000
@8A1E 0000000000000000
@8A1F 0000000000000000
@8A20 0000000000000000
@8A21 0000000000000000
@8A22 -000000000000001
@8A23 0000000000000000
@8A24 0000000000000000
@8A25 0000000000000000
@8A26 0000000000000002
@8A27 0000000000000000
@8A28 -000000000000001
@8A29 0000000000000000
@8A2A 0000000000000000
@8A2B 0000000000000000
@8A2C 0000000000000000
@8A2D 0000000000000000
@8A2E 0000000000000000
@8A2F 0000000000000000
@8A30 0000000000000000
@8A31 0000000000000000
@8A32 0000000000000000
@8A33 0000000000000001
@8A34 0000000000000000
@8A35 0000000000000000
@8A36 -000000000000001
@8A37 0000000000000000
@8A38 0000000000000000
@8A39 0000000000000000
@8A3A 0000000000000002
@8A3B 0000000000000000
@8A3C 0000000000000000
@8A3D 0000000000000000
@8A3E 0000000000000000
@8A3F 0000000000000000
@8A40 0000000000000000
@8A41 0000000000000000
@8A42 0000000000000000
@8A43 0000000000000000
@8A44 0000000000000000
@8A45 0000000000000000
@8A46 0000000000000000
@8A47 0000000000000000
@8A48 0000000000000000
@8A49 0000000000000001
@8A4A 0000000000000000
@8A4B 0000000000000000
@8A4C 0000000000000000
@8A4D 0000000000000000
@8A4E 0000000000000000
@8A4F 0000000000000000
@8A50 -000000000000001
@8A51 0000000000000000
@8A52 0000000000000000
@8A53 0000000000000000
@8A54 0000000000000000
@8A55 0000000000000000
@8A56 0000000000000000
@8A57 0000000000000000
@8A58 0000000000000000
@8A59 0000000000000000
@8A5A 0000000000000000
@8A5B 0000000000000000
@8A5C 0000000000000001
@8A5D 0000000000000000
@8A5E 0000000000000000
@8A5F 0000000000000000
@8A60 0000000000000000
@8A61 0000000000000000
@8A62 -000000000000001
@8A63 0000000000000000
@8A64 0000000000000000
@8A65 0000000000000000
@8A66 0000000000000000
@8A67 0000000000000000
@8A68 0000000000000000
@8A69 0000000000000000
@8A6A 0000000000000000
@8A6B 0000000000000000
@8A6C 0000000000000000
@8A6D 0000000000000000
@8A6E 0000000000000000
@8A6F 0000000000000000
@8A70 -000000000000001
@8A71 0000000000000002
@8A72 0000000000000000
@8A73 0000000000000000
@8A74 0000000000000000
@8A75 0000000000000000
@8A76 0000000000000000
@8A77 0000000000000001
@8A78 0000000000000000
@8A79 0000000000000000
@8A7A 0000000000000000
@8A7B 0000000000000000
@8A7C 0000000000000000
@8A7D 0000000000000000
@8A7E 0000000000000000
@8A7F 0000000000000000
@8A80 0000000000000000
@8A81 0000000000000000
@8A82 0000000000000000
@8A83 0000000000000000
@8A84 0000000000000000
@8A85 0000000000000000
@8A86 0000000000000000
@8A87 0000000000000000
@8A88 0000000000000000
@8A89 0000000000000000
@8A8A 0000000000000000
@8A8B 0000000000000001
@8A8C 0000000000000000
@8A8D 0000000000000000
@8A8E 0000000000000000
@8A8F 0000000000000000
@8A90 0000000000000000
@8A91 0000000000000000
@8A92 0000000000000000
@8A93 0000000000000001
@8A94 0000000000000000
@8A95 0000000000000000
@8A96 0000000000000000
@8A97 0000000000000000
@8A98 0000000000000000
@8A99 0000000000000000
@8A9A 0000000000000000
@8A9B 0000000000000000
@8A9C 0000000000000000
@8A9D 0000000000000000
@8A9E 0000000000000000
@8A9F 0000000000000000
@8AA0 0000000000000000
@8AA1 -000000000000001
@8AA2 0000000000000000
@8AA3 0000000000000000
@8AA4 0000000000000000
@8AA5 0000000000000000
@8AA6 0000000000000000
@8AA7 0000000000000000
@8AA8 0000000000000000
@8AA9 0000000000000000
@8AAA 0000000000000000
@8AAB 0000000000000000
@8AAC 0000000000000000
@8AAD -000000000000001
@8AAE 0000000000000000
@8AAF 0000000000000000
@8AB0 0000000000000000
@8AB1 0000000000000000
@8AB2 0000000000000000
@8AB3 0000000000000000
@8AB4 0000000000000000
@8AB5 0000000000000000
@8AB6 -000000000000001
@8AB7 0000000000000000
@8AB8 0000000000000002
@8AB9 0000000000000000
@8ABA 0000000000000001
@8ABB 0000000000000000
@8ABC 0000000000000000
@8ABD 0000000000000000
@8ABE 0000000000000000
@8ABF 0000000000000000
@8AC0 0000000000000000
@8AC1 0000000000000000
@8AC2 -000000000000001
@8AC3 0000000000000000
@8AC4 0000000000000001
@8AC5 -000000000000002
@8AC6 0000000000000000
@8AC7 0000000000000000
@8AC8 0000000000000000
@8AC9 -000000000000001
@8ACA 0000000000000000
@8ACB 0000000000000000
@8ACC 0000000000000000
@8ACD 0000000000000000
@8ACE 0000000000000000
@8ACF 0000000000000000
@8AD0 0000000000000000
@8AD1 0000000000000000
@8AD2 0000000000000000
@8AD3 0000000000000000
@8AD4 0000000000000001
@8AD5 0000000000000000
@8AD6 0000000000000000
@8AD7 0000000000000000
@8AD8 0000000000000001
@8AD9 0000000000000000
@8ADA 0000000000000000
@8ADB 0000000000000000
@8ADC 0000000000000000
@8ADD 0000000000000000
@8ADE 0000000000000000
@8ADF 0000000000000000
@8AE0 0000000000000000
@8AE1 0000000000000000
@8AE2 -000000000000001
@8AE3 0000000000000000
@8AE4 0000000000000000
@8AE5 0000000000000000
@8AE6 0000000000000002
@8AE7 0000000000000000
@8AE8 -000000000000001
@8AE9 0000000000000000
@8AEA 0000000000000000
@8AEB 0000000000000000
@8AEC 0000000000000000
@8AED 0000000000000000
@8AEE 0000000000000000
@8AEF 0000000000000000
@8AF0 0000000000000000
@8AF1 0000000000000000
@8AF2 0000000000000000
@8AF3 0000000000000001
@8AF4 0000000000000000
@8AF5 0000000000000000
@8AF6 0000000000000000
@8AF7 0000000000000000
@8AF8 0000000000000000
@8AF9 0000000000000000
@8AFA 0000000000000002
@8AFB 0000000000000000
@8AFC 0000000000000000
@8AFD 0000000000000000
@8AFE 0000000000000000
@8AFF 0000000000000000
@8B00 0000000000000000
@8B01 0000000000000000
@8B02 0000000000000000
@8B03 0000000000000000
@8B04 0000000000000000
@8B05 0000000000000000
@8B06 0000000000000000
@8B07 0000000000000000
@8B08 0000000000000000
@8B09 0000000000000001
@8B0A -000000000000001
@8B0B 0000000000000000
@8B0C 0000000000000001
@8B0D 0000000000000000
@8B0E 0000000000000000
@8B0F 0000000000000000
@8B10 -000000000000001
@8B11 0000000000000000
@8B12 0000000000000000
@8B13 0000000000000000
@8B14 0000000000000000
@8B15 0000000000000000
@8B16 0000000000000000
@8B17 0000000000000000
@8B18 0000000000000000
@8B19 0000000000000000
@8B1A 0000000000000000
@8B1B 0000000000000000
@8B1C 0000000000000001
@8B1D 0000000000000000
@8B1E 0000000000000000
@8B1F 0000000000000000
@8B20 0000000000000000
@8B21 0000000000000000
@8B22 -000000000000001
@8B23 0000000000000000
@8B24 0000000000000000
@8B25 0000000000000000
@8B26 0000000000000000
@8B27 0000000000000000
@8B28 0000000000000000
@8B29 0000000000000000
@8B2A 0000000000000000
@8B2B 0000000000000000
@8B2C 0000000000000000
@8B2D 0000000000000000
@8B2E 0000000000000000
@8B2F 0000000000000000
@8B30 0000000000000000
@8B31 0000000000000002
@8B32 0000000000000000
@8B33 0000000000000000
@8B34 0000000000000000
@8B35 0000000000000000
@8B36 0000000000000000
@8B37 0000000000000000
@8B38 0000000000000000
@8B39 0000000000000000
@8B3A 0000000000000000
@8B3B 0000000000000000
@8B3C 0000000000000000
@8B3D 0000000000000000
@8B3E 0000000000000000
@8B3F 0000000000000000
@8B40 0000000000000000
@8B41 0000000000000000
@8B42 0000000000000000
@8B43 0000000000000000
@8B44 0000000000000000
@8B45 0000000000000000
@8B46 0000000000000000
@8B47 0000000000000000
@8B48 0000000000000000
@8B49 0000000000000000
@8B4A 0000000000000000
@8B4B 0000000000000001
@8B4C 0000000000000000
@8B4D 0000000000000000
@8B4E 0000000000000000
@8B4F 0000000000000000
@8B50 0000000000000000
@8B51 0000000000000000
@8B52 0000000000000000
@8B53 0000000000000001
@8B54 0000000000000000
@8B55 0000000000000000
@8B56 0000000000000000
@8B57 0000000000000000
@8B58 0000000000000000
@8B59 0000000000000000
@8B5A 0000000000000000
@8B5B 0000000000000000
@8B5C 0000000000000000
@8B5D 0000000000000000
@8B5E 0000000000000000
@8B5F 0000000000000000
@8B60 0000000000000000
@8B61 -000000000000001
@8B62 0000000000000000
@8B63 0000000000000000
@8B64 0000000000000000
@8B65 0000000000000000
@8B66 0000000000000000
@8B67 0000000000000000
@8B68 0000000000000000
@8B69 0000000000000000
@8B6A 0000000000000000
@8B6B 0000000000000000
@8B6C 0000000000000000
@8B6D -000000000000001
@8B6E 0000000000000000
@8B6F 0000000000000000
@8B70 0000000000000000
@8B71 0000000000000000
@8B72 0000000000000000
@8B73 0000000000000000
@8B74 0000000000000000
@8B75 0000000000000000
@8B76 -000000000000001
@8B77 0000000000000000
@8B78 0000000000000002
@8B79 0000000000000000
@8B7A 0000000000000000
@8B7B 0000000000000000
@8B7C 0000000000000000
@8B7D -000000000000001
@8B7E 0000000000000000
@8B7F 0000000000000000
@8B80 0000000000000000
@8B81 0000000000000000
@8B82 -000000000000002
@8B83 0000000000000000
@8B84 0000000000000001
@8B85 -000000000000002
@8B86 0000000000000000
@8B87 0000000000000000
@8B88 0000000000000000
@8B89 -000000000000001
@8B8A 0000000000000000
@8B8B 0000000000000000
@8B8C 0000000000000000
@8B8D 0000000000000000
@8B8E 0000000000000000
@8B8F 0000000000000000
@8B90 0000000000000000
@8B91 0000000000000000
@8B92 0000000000000000
@8B93 0000000000000000
@8B94 0000000000000001
@8B95 0000000000000000
@8B96 0000000000000000
@8B97 0000000000000000
@8B98 0000000000000001
@8B99 0000000000000000
@8B9A 0000000000000000
@8B9B 0000000000000000
@8B9C 0000000000000000
@8B9D 0000000000000000
@8B9E 0000000000000000
@8B9F 0000000000000000
@8BA0 0000000000000000
@8BA1 0000000000000000
@8BA2 -000000000000001
@8BA3 0000000000000000
@8BA4 0000000000000000
@8BA5 0000000000000000
@8BA6 0000000000000002
@8BA7 0000000000000000
@8BA8 -000000000000001
@8BA9 0000000000000000
@8BAA 0000000000000000
@8BAB 0000000000000000
@8BAC 0000000000000000
@8BAD 0000000000000000
@8BAE 0000000000000000
@8BAF 0000000000000000
@8BB0 0000000000000000
@8BB1 0000000000000000
@8BB2 0000000000000000
@8BB3 0000000000000001
@8BB4 0000000000000000
@8BB5 0000000000000000
@8BB6 0000000000000000
@8BB7 0000000000000000
@8BB8 0000000000000000
@8BB9 0000000000000000
@8BBA 0000000000000002
@8BBB 0000000000000000
@8BBC 0000000000000000
@8BBD 0000000000000000
@8BBE 0000000000000000
@8BBF 0000000000000000
@8BC0 0000000000000000
@8BC1 0000000000000000
@8BC2 0000000000000000
@8BC3 0000000000000000
@8BC4 0000000000000000
@8BC5 0000000000000000
@8BC6 0000000000000000
@8BC7 0000000000000000
@8BC8 0000000000000000
@8BC9 0000000000000001
@8BCA -000000000000001
@8BCB 0000000000000000
@8BCC 0000000000000001
@8BCD 0000000000000000
@8BCE 0000000000000000
@8BCF 0000000000000000
@8BD0 -000000000000001
@8BD1 0000000000000000
@8BD2 0000000000000000
@8BD3 0000000000000000
@8BD4 0000000000000000
@8BD5 0000000000000000
@8BD6 0000000000000000
@8BD7 0000000000000000
@8BD8 0000000000000000
@8BD9 0000000000000000
@8BDA 0000000000000000
@8BDB 0000000000000000
@8BDC 0000000000000001
@8BDD 0000000000000000
@8BDE 0000000000000000
@8BDF 0000000000000000
@8BE0 0000000000000000
@8BE1 0000000000000000
@8BE2 0000000000000000
@8BE3 0000000000000000
@8BE4 0000000000000000
@8BE5 0000000000000000
@8BE6 0000000000000000
@8BE7 0000000000000000
@8BE8 0000000000000000
@8BE9 0000000000000000
@8BEA 0000000000000000
@8BEB 0000000000000000
@8BEC 0000000000000000
@8BED 0000000000000000
@8BEE 0000000000000000
@8BEF 0000000000000000
@8BF0 0000000000000000
@8BF1 0000000000000003
@8BF2 0000000000000000
@8BF3 0000000000000000
@8BF4 0000000000000000
@8BF5 0000000000000000
@8BF6 0000000000000000
@8BF7 0000000000000001
@8BF8 0000000000000000
@8BF9 0000000000000000
@8BFA 0000000000000000
@8BFB 0000000000000000
@8BFC 0000000000000000
@8BFD 0000000000000000
@8BFE 0000000000000000
@8BFF 0000000000000000
@8C00 0000000000000000
@8C01 0000000000000000
@8C02 0000000000000000
@8C03 0000000000000000
@8C04 0000000000000000
@8C05 0000000000000000
@8C06 0000000000000000
@8C07 0000000000000000
@8C08 0000000000000000
@8C09 0000000000000000
@8C0A 0000000000000000
@8C0B 0000000000000001
@8C0C 0000000000000000
@8C0D 0000000000000000
@8C0E 0000000000000000
@8C0F 0000000000000000
@8C10 0000000000000000
@8C11 0000000000000000
@8C12 0000000000000000
@8C13 0000000000000001
@8C14 0000000000000000
@8C15 0000000000000000
@8C16 0000000000000000
@8C17 0000000000000000
@8C18 0000000000000000
@8C19 0000000000000000
@8C1A 0000000000000000
@8C1B 0000000000000000
@8C1C 0000000000000000
@8C1D 0000000000000000
@8C1E 0000000000000000
@8C1F 0000000000000000
@8C20 0000000000000000
@8C21 -000000000000001
@8C22 0000000000000000
@8C23 0000000000000000
@8C24 0000000000000000
@8C25 0000000000000000
@8C26 0000000000000000
@8C27 0000000000000000
@8C28 0000000000000000
@8C29 0000000000000000
@8C2A 0000000000000000
@8C2B 0000000000000000
@8C2C 0000000000000000
@8C2D -000000000000002
@8C2E 0000000000000000
@8C2F 0000000000000000
@8C30 0000000000000000
@8C31 0000000000000000
@8C32 0000000000000000
@8C33 0000000000000000
@8C34 0000000000000000
@8C35 0000000000000000
@8C36 -000000000000001
@8C37 0000000000000000
@8C38 0000000000000002
@8C39 0000000000000000
@8C3A 0000000000000001
@8C3B 0000000000000000
@8C3C 0000000000000000
@8C3D -000000000000001
@8C3E 0000000000000000
@8C3F 0000000000000000
@8C40 0000000000000000
@8C41 0000000000000000
@8C42 -000000000000002
@8C43 0000000000000000
@8C44 0000000000000001
@8C45 -000000000000002
@8C46 0000000000000000
@8C47 0000000000000000
@8C48 0000000000000000
@8C49 -000000000000001
@8C4A 0000000000000000
@8C4B 0000000000000000
@8C4C 0000000000000000
@8C4D 0000000000000000
@8C4E 0000000000000000
@8C4F 0000000000000000
@8C50 0000000000000000
@8C51 0000000000000000
@8C52 0000000000000000
@8C53 0000000000000000
@8C54 0000000000000001
@8C55 0000000000000000
@8C56 0000000000000000
@8C57 0000000000000000
@8C58 0000000000000001
@8C59 0000000000000000
@8C5A 0000000000000000
@8C5B 0000000000000000
@8C5C 0000000000000000
@8C5D 0000000000000000
@8C5E 0000000000000000
@8C5F 0000000000000000
@8C60 0000000000000000
@8C61 0000000000000000
@8C62 -000000000000001
@8C63 0000000000000000
@8C64 0000000000000000
@8C65 0000000000000000
@8C66 0000000000000002
@8C67 0000000000000000
@8C68 -000000000000001
@8C69 0000000000000000
@8C6A 0000000000000000
@8C6B 0000000000000000
@8C6C 0000000000000000
@8C6D 0000000000000000
@8C6E 0000000000000000
@8C6F 0000000000000000
@8C70 0000000000000000
@8C71 0000000000000000
@8C72 0000000000000000
@8C73 0000000000000001
@8C74 0000000000000000
@8C75 0000000000000000
@8C76 -000000000000001
@8C77 0000000000000000
@8C78 0000000000000000
@8C79 0000000000000000
@8C7A 0000000000000002
@8C7B 0000000000000000
@8C7C 0000000000000000
@8C7D 0000000000000000
@8C7E 0000000000000000
@8C7F 0000000000000000
@8C80 0000000000000000
@8C81 0000000000000000
@8C82 0000000000000000
@8C83 0000000000000000
@8C84 0000000000000000
@8C85 0000000000000000
@8C86 0000000000000000
@8C87 0000000000000000
@8C88 0000000000000000
@8C89 0000000000000001
@8C8A -000000000000001
@8C8B 0000000000000000
@8C8C 0000000000000001
@8C8D 0000000000000000
@8C8E 0000000000000000
@8C8F 0000000000000000
@8C90 -000000000000001
@8C91 0000000000000000
@8C92 0000000000000000
@8C93 0000000000000000
@8C94 0000000000000000
@8C95 0000000000000000
@8C96 0000000000000000
@8C97 0000000000000000
@8C98 0000000000000000
@8C99 0000000000000000
@8C9A 0000000000000000
@8C9B 0000000000000000
@8C9C 0000000000000001
@8C9D 0000000000000000
@8C9E 0000000000000000
@8C9F 0000000000000000
@8CA0 0000000000000000
@8CA1 0000000000000000
@8CA2 -000000000000001
@8CA3 0000000000000000
@8CA4 0000000000000000
@8CA5 0000000000000000
@8CA6 0000000000000000
@8CA7 0000000000000000
@8CA8 0000000000000000
@8CA9 0000000000000000
@8CAA 0000000000000000
@8CAB 0000000000000000
@8CAC 0000000000000000
@8CAD 0000000000000000
@8CAE 0000000000000000
@8CAF 0000000000000000
@8CB0 0000000000000000
@8CB1 0000000000000003
@8CB2 0000000000000000
@8CB3 0000000000000000
@8CB4 0000000000000000
@8CB5 0000000000000000
@8CB6 0000000000000000
@8CB7 0000000000000001
@8CB8 0000000000000000
@8CB9 0000000000000000
@8CBA 0000000000000000
@8CBB 0000000000000000
@8CBC 0000000000000000
@8CBD 0000000000000000
@8CBE 0000000000000000
@8CBF 0000000000000000
@8CC0 0000000000000000
@8CC1 0000000000000000
@8CC2 0000000000000000
@8CC3 0000000000000000
@8CC4 0000000000000000
@8CC5 0000000000000000
@8CC6 0000000000000000
@8CC7 0000000000000000
@8CC8 0000000000000000
@8CC9 0000000000000000
@8CCA 0000000000000000
@8CCB 0000000000000001
@8CCC 0000000000000000
@8CCD 0000000000000000
@8CCE 0000000000000000
@8CCF 0000000000000000
@8CD0 0000000000000000
@8CD1 0000000000000000
@8CD2 0000000000000000
@8CD3 0000000000000001
@8CD4 0000000000000000
@8CD5 0000000000000000
@8CD6 0000000000000000
@8CD7 0000000000000000
@8CD8 0000000000000000
@8CD9 0000000000000000
@8CDA 0000000000000000
@8CDB 0000000000000000
@8CDC 0000000000000000
@8CDD 0000000000000000
@8CDE 0000000000000000
@8CDF 0000000000000000
@8CE0 0000000000000000
@8CE1 -000000000000001
@8CE2 0000000000000000
@8CE3 0000000000000000
@8CE4 0000000000000000
@8CE5 0000000000000000
@8CE6 0000000000000000
@8CE7 0000000000000000
@8CE8 0000000000000000
@8CE9 0000000000000000
@8CEA 0000000000000000
@8CEB 0000000000000000
@8CEC 0000000000000000
@8CED -000000000000002
@8CEE 0000000000000000
@8CEF 0000000000000000
@8CF0 0000000000000000
@8CF1 0000000000000000
@8CF2 0000000000000000
@8CF3 0000000000000000
@8CF4 0000000000000000
@8CF5 0000000000000000
@8CF6 -000000000000001
@8CF7 0000000000000000
@8CF8 0000000000000002
@8CF9 0000000000000000
@8CFA 0000000000000001
@8CFB 0000000000000000
@8CFC 0000000000000000
@8CFD -000000000000001
@8CFE 0000000000000000
@8CFF 0000000000000000
@8D00 0000000000000000
@8D01 0000000000000000
@8D02 -000000000000002
@8D03 0000000000000000
@8D04 0000000000000001
@8D05 -000000000000002
@8D06 0000000000000000
@8D07 0000000000000000
@8D08 0000000000000000
@8D09 -000000000000001
@8D0A 0000000000000000
@8D0B 0000000000000000
@8D0C 0000000000000000
@8D0D 0000000000000000
@8D0E 0000000000000000
@8D0F 0000000000000000
@8D10 0000000000000000
@8D11 0000000000000000
@8D12 0000000000000000
@8D13 0000000000000000
@8D14 0000000000000001
@8D15 0000000000000000
@8D16 0000000000000000
@8D17 0000000000000000
@8D18 0000000000000001
@8D19 0000000000000000
@8D1A 0000000000000000
@8D1B 0000000000000000
@8D1C 0000000000000000
@8D1D 0000000000000000
@8D1E 0000000000000000
@8D1F 0000000000000000
@8D20 0000000000000000
@8D21 0000000000000000
@8D22 -000000000000001
@8D23 0000000000000000
@8D24 0000000000000000
@8D25 0000000000000000
@8D26 0000000000000002
@8D27 0000000000000000
@8D28 -000000000000001
@8D29 0000000000000000
@8D2A 0000000000000000
@8D2B 0000000000000000
@8D2C 0000000000000000
@8D2D 0000000000000000
@8D2E 0000000000000000
@8D2F 0000000000000000
@8D30 0000000000000000
@8D31 0000000000000000
@8D32 0000000000000000
@8D33 0000000000000001
@8D34 0000000000000000
@8D35 0000000000000000
@8D36 -000000000000001
@8D37 0000000000000000
@8D38 0000000000000000
@8D39 0000000000000000
@8D3A 0000000000000002
@8D3B 0000000000000000
@8D3C 0000000000000000
@8D3D 0000000000000000
@8D3E 0000000000000000
@8D3F 0000000000000000
@8D40 0000000000000000
@8D41 0000000000000000
@8D42 0000000000000000
@8D43 0000000000000000
@8D44 0000000000000000
@8D45 0000000000000000
@8D46 0000000000000000
@8D47 0000000000000000
@8D48 0000000000000000
@8D49 0000000000000001
@8D4A -000000000000001
@8D4B 0000000000000000
@8D4C 0000000000000001
@8D4D 0000000000000000
@8D4E 0000000000000000
@8D4F 0000000000000000
@8D50 -000000000000001
@8D51 0000000000000000
@8D52 0000000000000000
@8D53 0000000000000000
@8D54 0000000000000000
@8D55 0000000000000000
@8D56 0000000000000000
@8D57 0000000000000000
@8D58 0000000000000000
@8D59 0000000000000000
@8D5A 0000000000000000
@8D5B 0000000000000000
@8D5C 0000000000000001
@8D5D 0000000000000000
@8D5E 0000000000000000
@8D5F 0000000000000000
@8D60 0000000000000000
@8D61 0000000000000000
@8D62 -000000000000001
@8D63 0000000000000000
@8D64 0000000000000000
@8D65 0000000000000000
@8D66 0000000000000000
@8D67 0000000000000000
@8D68 0000000000000000
@8D69 0000000000000000
@8D6A 0000000000000000
@8D6B 0000000000000000
@8D6C 0000000000000000
@8D6D 0000000000000000
@8D6E 0000000000000000
@8D6F 0000000000000000
@8D70 0000000000000000
@8D71 0000000000000002
@8D72 0000000000000000
@8D73 0000000000000000
@8D74 0000000000000000
@8D75 0000000000000000
@8D76 0000000000000000
@8D77 0000000000000000
@8D78 0000000000000000
@8D79 0000000000000000
@8D7A 0000000000000000
@8D7B 0000000000000000
@8D7C 0000000000000000
@8D7D 0000000000000000
@8D7E 0000000000000000
@8D7F 0000000000000000
@8D80 0000000000000000
@8D81 0000000000000000
@8D82 0000000000000000
@8D83 0000000000000000
@8D84 0000000000000000
@8D85 0000000000000000
@8D86 0000000000000000
@8D87 0000000000000000
@8D88 0000000000000000
@8D89 0000000000000000
@8D8A 0000000000000000
@8D8B 0000000000000001
@8D8C 0000000000000000
@8D8D 0000000000000000
@8D8E 0000000000000000
@8D8F 0000000000000000
@8D90 0000000000000000
@8D91 0000000000000000
@8D92 0000000000000000
@8D93 0000000000000001
@8D94 0000000000000000
@8D95 0000000000000000
@8D96 0000000000000000
@8D97 0000000000000000
@8D98 0000000000000000
@8D99 0000000000000000
@8D9A 0000000000000000
@8D9B 0000000000000000
@8D9C 0000000000000000
@8D9D 0000000000000000
@8D9E 0000000000000000
@8D9F 0000000000000000
@8DA0 0000000000000000
@8DA1 0000000000000000
@8DA2 0000000000000000
@8DA3 0000000000000000
@8DA4 0000000000000000
@8DA5 0000000000000000
@8DA6 0000000000000000
@8DA7 0000000000000000
@8DA8 0000000000000000
@8DA9 0000000000000000
@8DAA 0000000000000000
@8DAB 0000000000000000
@8DAC 0000000000000000
@8DAD -000000000000002
@8DAE 0000000000000000
@8DAF 0000000000000000
@8DB0 0000000000000000
@8DB1 0000000000000000
@8DB2 0000000000000000
@8DB3 0000000000000000
@8DB4 0000000000000000
@8DB5 0000000000000000
@8DB6 -000000000000001
@8DB7 0000000000000000
@8DB8 0000000000000002
@8DB9 0000000000000000
@8DBA 0000000000000001
@8DBB 0000000000000000
@8DBC 0000000000000000
@8DBD -000000000000001
@8DBE 0000000000000000
@8DBF 0000000000000000
@8DC0 0000000000000000
@8DC1 0000000000000000
@8DC2 -000000000000002
@8DC3 0000000000000000
@8DC4 0000000000000001
@8DC5 -000000000000002
@8DC6 0000000000000000
@8DC7 0000000000000000
@8DC8 0000000000000000
@8DC9 -000000000000001
@8DCA 0000000000000000
@8DCB 0000000000000000
@8DCC 0000000000000000
@8DCD 0000000000000000
@8DCE 0000000000000000
@8DCF 0000000000000000
@8DD0 0000000000000000
@8DD1 0000000000000000
@8DD2 0000000000000000
@8DD3 0000000000000000
@8DD4 0000000000000001
@8DD5 0000000000000000
@8DD6 0000000000000000
@8DD7 0000000000000000
@8DD8 0000000000000001
@8DD9 0000000000000000
@8DDA 0000000000000000
@8DDB 0000000000000000
@8DDC 0000000000000000
@8DDD 0000000000000000
@8DDE 0000000000000000
@8DDF 0000000000000000
@8DE0 0000000000000000
@8DE1 0000000000000000
@8DE2 -000000000000001
@8DE3 0000000000000000
@8DE4 0000000000000000
@8DE5 0000000000000000
@8DE6 0000000000000002
@8DE7 0000000000000000
@8DE8 -000000000000001
@8DE9 0000000000000000
@8DEA 0000000000000000
@8DEB 0000000000000000
@8DEC 0000000000000000
@8DED 0000000000000000
@8DEE 0000000000000000
@8DEF 0000000000000000
@8DF0 0000000000000000
@8DF1 0000000000000000
@8DF2 0000000000000000
@8DF3 0000000000000001
@8DF4 0000000000000000
@8DF5 0000000000000000
@8DF6 -000000000000001
@8DF7 0000000000000000
@8DF8 0000000000000000
@8DF9 0000000000000000
@8DFA 0000000000000002
@8DFB 0000000000000000
@8DFC 0000000000000000
@8DFD 0000000000000000
@8DFE 0000000000000000
@8DFF 0000000000000000
@8E00 0000000000000000
@8E01 0000000000000000
@8E02 0000000000000000
@8E03 0000000000000000
@8E04 0000000000000000
@8E05 0000000000000000
@8E06 0000000000000000
@8E07 0000000000000000
@8E08 0000000000000000
@8E09 0000000000000001
@8E0A -000000000000001
@8E0B 0000000000000000
@8E0C 0000000000000001
@8E0D 0000000000000000
@8E0E 0000000000000000
@8E0F 0000000000000000
@8E10 0000000000000000
@8E11 0000000000000000
@8E12 0000000000000000
@8E13 0000000000000000
@8E14 0000000000000000
@8E15 0000000000000000
@8E16 0000000000000000
@8E17 0000000000000000
@8E18 0000000000000000
@8E19 0000000000000000
@8E1A 0000000000000000
@8E1B 0000000000000000
@8E1C 0000000000000001
@8E1D 0000000000000000
@8E1E 0000000000000000
@8E1F 0000000000000000
@8E20 0000000000000000
@8E21 0000000000000000
@8E22 -000000000000001
@8E23 0000000000000000
@8E24 0000000000000000
@8E25 0000000000000000
@8E26 0000000000000000
@8E27 0000000000000000
@8E28 0000000000000000
@8E29 0000000000000000
@8E2A 0000000000000000
@8E2B 0000000000000000
@8E2C 0000000000000000
@8E2D 0000000000000000
@8E2E 0000000000000000
@8E2F 0000000000000000
@8E30 0000000000000000
@8E31 0000000000000003
@8E32 0000000000000000
@8E33 0000000000000000
@8E34 0000000000000000
@8E35 0000000000000000
@8E36 0000000000000000
@8E37 0000000000000001
@8E38 0000000000000000
@8E39 0000000000000000
@8E3A 0000000000000000
@8E3B 0000000000000000
@8E3C 0000000000000000
@8E3D 0000000000000000
@8E3E 0000000000000000
@8E3F 0000000000000000
@8E40 0000000000000000
@8E41 0000000000000000
@8E42 0000000000000000
@8E43 0000000000000000
@8E44 0000000000000000
@8E45 0000000000000000
@8E46 0000000000000000
@8E47 0000000000000000
@8E48 0000000000000000
@8E49 0000000000000000
@8E4A 0000000000000000
@8E4B 0000000000000001
@8E4C 0000000000000000
@8E4D 0000000000000000
@8E4E 0000000000000000
@8E4F 0000000000000000
@8E50 0000000000000000
@8E51 0000000000000000
@8E52 0000000000000000
@8E53 0000000000000001
@8E54 0000000000000000
@8E55 0000000000000000
@8E56 0000000000000000
@8E57 0000000000000000
@8E58 0000000000000000
@8E59 0000000000000000
@8E5A 0000000000000000
@8E5B 0000000000000000
@8E5C 0000000000000000
@8E5D 0000000000000000
@8E5E 0000000000000000
@8E5F 0000000000000000
@8E60 0000000000000000
@8E61 -000000000000001
@8E62 0000000000000000
@8E63 0000000000000000
@8E64 0000000000000000
@8E65 0000000000000000
@8E66 0000000000000000
@8E67 0000000000000000
@8E68 0000000000000000
@8E69 0000000000000000
@8E6A 0000000000000000
@8E6B 0000000000000000
@8E6C 0000000000000000
@8E6D -000000000000002
@8E6E 0000000000000000
@8E6F 0000000000000000
@8E70 0000000000000000
@8E71 0000000000000000
@8E72 0000000000000000
@8E73 0000000000000000
@8E74 0000000000000000
@8E75 0000000000000000
@8E76 -000000000000001
@8E77 0000000000000000
@8E78 0000000000000002
@8E79 0000000000000000
@8E7A 0000000000000001
@8E7B 0000000000000000
@8E7C 0000000000000000
@8E7D -000000000000001
@8E7E 0000000000000000
@8E7F 0000000000000000
@8E80 0000000000000000
@8E81 0000000000000000
@8E82 -000000000000001
@8E83 0000000000000000
@8E84 0000000000000001
@8E85 -000000000000002
@8E86 0000000000000000
@8E87 0000000000000000
@8E88 0000000000000000
@8E89 -000000000000001
@8E8A 0000000000000000
@8E8B 0000000000000000
@8E8C 0000000000000000
@8E8D 0000000000000000
@8E8E 0000000000000000
@8E8F 0000000000000000
@8E90 0000000000000000
@8E91 0000000000000000
@8E92 0000000000000000
@8E93 0000000000000000
@8E94 0000000000000001
@8E95 0000000000000000
@8E96 0000000000000000
@8E97 0000000000000000
@8E98 0000000000000001
@8E99 0000000000000000
@8E9A 0000000000000000
@8E9B 0000000000000000
@8E9C 0000000000000000
@8E9D 0000000000000000
@8E9E 0000000000000000
@8E9F 0000000000000000
@8EA0 0000000000000000
@8EA1 0000000000000000
@8EA2 -000000000000001
@8EA3 0000000000000000
@8EA4 0000000000000000
@8EA5 0000000000000000
@8EA6 0000000000000002
@8EA7 0000000000000000
@8EA8 -000000000000001
@8EA9 0000000000000000
@8EAA 0000000000000000
@8EAB 0000000000000000
@8EAC 0000000000000000
@8EAD 0000000000000000
@8EAE 0000000000000000
@8EAF 0000000000000000
@8EB0 0000000000000000
@8EB1 0000000000000000
@8EB2 0000000000000000
@8EB3 0000000000000001
@8EB4 0000000000000000
@8EB5 0000000000000000
@8EB6 -000000000000001
@8EB7 0000000000000000
@8EB8 0000000000000000
@8EB9 0000000000000000
@8EBA 0000000000000002
@8EBB 0000000000000000
@8EBC 0000000000000000
@8EBD 0000000000000000
@8EBE 0000000000000000
@8EBF 0000000000000000
@8EC0 0000000000000000
@8EC1 0000000000000000
@8EC2 0000000000000000
@8EC3 0000000000000000
@8EC4 0000000000000000
@8EC5 0000000000000000
@8EC6 0000000000000000
@8EC7 0000000000000000
@8EC8 0000000000000000
@8EC9 0000000000000001
@8ECA -000000000000001
@8ECB 0000000000000000
@8ECC 0000000000000001
@8ECD 0000000000000000
@8ECE 0000000000000000
@8ECF 0000000000000000
@8ED0 -000000000000001
@8ED1 0000000000000000
@8ED2 0000000000000000
@8ED3 0000000000000000
@8ED4 0000000000000000
@8ED5 0000000000000000
@8ED6 0000000000000000
@8ED7 0000000000000000
@8ED8 0000000000000000
@8ED9 0000000000000000
@8EDA 0000000000000000
@8EDB 0000000000000000
@8EDC 0000000000000001
@8EDD 0000000000000000
@8EDE 0000000000000000
@8EDF 0000000000000000
@8EE0 0000000000000000
@8EE1 0000000000000000
@8EE2 -000000000000001
@8EE3 0000000000000000
@8EE4 0000000000000000
@8EE5 0000000000000000
@8EE6 0000000000000000
@8EE7 0000000000000000
@8EE8 0000000000000000
@8EE9 0000000000000000
@8EEA 0000000000000000
@8EEB 0000000000000000
@8EEC 0000000000000000
@8EED 0000000000000000
@8EEE 0000000000000000
@8EEF 0000000000000000
@8EF0 0000000000000000
@8EF1 0000000000000002
@8EF2 0000000000000000
@8EF3 0000000000000000
@8EF4 0000000000000000
@8EF5 0000000000000000
@8EF6 0000000000000000
@8EF7 0000000000000000
@8EF8 0000000000000000
@8EF9 0000000000000000
@8EFA 0000000000000000
@8EFB 0000000000000000
@8EFC 0000000000000000
@8EFD 0000000000000000
@8EFE 0000000000000000
@8EFF 0000000000000000
@8F00 0000000000000000
@8F01 0000000000000000
@8F02 0000000000000000
@8F03 0000000000000000
@8F04 0000000000000000
@8F05 0000000000000000
@8F06 0000000000000000
@8F07 0000000000000000
@8F08 0000000000000000
@8F09 0000000000000000
@8F0A 0000000000000000
@8F0B 0000000000000001
@8F0C 0000000000000000
@8F0D 0000000000000000
@8F0E 0000000000000000
@8F0F 0000000000000000
@8F10 0000000000000000
@8F11 0000000000000000
@8F12 0000000000000000
@8F13 0000000000000001
@8F14 0000000000000000
@8F15 0000000000000000
@8F16 0000000000000000
@8F17 0000000000000000
@8F18 0000000000000000
@8F19 0000000000000000
@8F1A 0000000000000000
@8F1B 0000000000000000
@8F1C 0000000000000000
@8F1D 0000000000000000
@8F1E 0000000000000000
@8F1F 0000000000000000
@8F20 0000000000000000
@8F21 0000000000000000
@8F22 0000000000000000
@8F23 0000000000000000
@8F24 0000000000000000
@8F25 0000000000000000
@8F26 0000000000000000
@8F27 0000000000000000
@8F28 0000000000000000
@8F29 0000000000000000
@8F2A 0000000000000000
@8F2B 0000000000000000
@8F2C 0000000000000000
@8F2D -000000000000002
@8F2E 0000000000000000
@8F2F 0000000000000000
@8F30 0000000000000000
@8F31 0000000000000000
@8F32 0000000000000000
@8F33 0000000000000000
@8F34 0000000000000000
@8F35 0000000000000000
@8F36 -000000000000001
@8F37 0000000000000000
@8F38 0000000000000002
@8F39 0000000000000000
@8F3A 0000000000000001
@8F3B 0000000000000000
@8F3C 0000000000000000
@8F3D -000000000000001
@8F3E 0000000000000000
@8F3F 0000000000000000
@8F40 0000000000000000
@8F41 0000000000000000
@8F42 -000000000000002
@8F43 0000000000000000
@8F44 0000000000000001
@8F45 -000000000000002
@8F46 0000000000000000
@8F47 0000000000000000
@8F48 0000000000000000
@8F49 -000000000000001
@8F4A 0000000000000000
@8F4B 0000000000000000
@8F4C 0000000000000000
@8F4D 0000000000000000
@8F4E 0000000000000000
@8F4F 0000000000000000
@8F50 0000000000000000
@8F51 0000000000000000
@8F52 0000000000000000
@8F53 0000000000000000
@8F54 0000000000000001
@8F55 0000000000000000
@8F56 0000000000000000
@8F57 0000000000000000
@8F58 0000000000000001
@8F59 0000000000000000
@8F5A 0000000000000000
@8F5B 0000000000000000
@8F5C 0000000000000000
@8F5D 0000000000000000
@8F5E 0000000000000000
@8F5F 0000000000000000
@8F60 0000000000000000
@8F61 0000000000000000
@8F62 -000000000000001
@8F63 0000000000000000
@8F64 0000000000000000
@8F65 0000000000000000
@8F66 0000000000000002
@8F67 0000000000000000
@8F68 -000000000000001
@8F69 0000000000000000
@8F6A 0000000000000000
@8F6B 0000000000000000
@8F6C 0000000000000000
@8F6D 0000000000000000
@8F6E 0000000000000000
@8F6F 0000000000000000
@8F70 0000000000000000
@8F71 0000000000000000
@8F72 0000000000000000
@8F73 0000000000000001
@8F74 0000000000000000
@8F75 0000000000000000
@8F76 -000000000000001
@8F77 0000000000000000
@8F78 0000000000000000
@8F79 0000000000000000
@8F7A 0000000000000002
@8F7B 0000000000000000
@8F7C 0000000000000000
@8F7D 0000000000000000
@8F7E 0000000000000000
@8F7F 0000000000000000
@8F80 0000000000000000
@8F81 0000000000000000
@8F82 0000000000000000
@8F83 0000000000000000
@8F84 0000000000000000
@8F85 0000000000000000
@8F86 0000000000000000
@8F87 0000000000000000
@8F88 0000000000000000
@8F89 0000000000000001
@8F8A -000000000000001
@8F8B 0000000000000000
@8F8C 0000000000000001
@8F8D 0000000000000000
@8F8E 0000000000000000
@8F8F 0000000000000000
@8F90 0000000000000000
@8F91 0000000000000000
@8F92 0000000000000000
@8F93 0000000000000000
@8F94 0000000000000000
@8F95 0000000000000000
@8F96 0000000000000000
@8F97 0000000000000000
@8F98 0000000000000000
@8F99 0000000000000000
@8F9A 0000000000000000
@8F9B 0000000000000000
@8F9C 0000000000000001
@8F9D 0000000000000000
@8F9E 0000000000000000
@8F9F 0000000000000000
@8FA0 0000000000000000
@8FA1 0000000000000000
@8FA2 -000000000000001
@8FA3 0000000000000000
@8FA4 0000000000000000
@8FA5 0000000000000000
@8FA6 0000000000000000
@8FA7 0000000000000000
@8FA8 0000000000000000
@8FA9 0000000000000000
@8FAA 0000000000000000
@8FAB 0000000000000000
@8FAC 0000000000000000
@8FAD 0000000000000000
@8FAE 0000000000000000
@8FAF 0000000000000000
@8FB0 0000000000000000
@8FB1 0000000000000003
@8FB2 0000000000000000
@8FB3 0000000000000000
@8FB4 0000000000000000
@8FB5 0000000000000000
@8FB6 0000000000000000
@8FB7 0000000000000000
@8FB8 0000000000000000
@8FB9 0000000000000000
@8FBA 0000000000000000
@8FBB 0000000000000000
@8FBC 0000000000000000
@8FBD 0000000000000000
@8FBE 0000000000000000
@8FBF 0000000000000000
@8FC0 0000000000000000
@8FC1 0000000000000000
@8FC2 0000000000000000
@8FC3 0000000000000000
@8FC4 0000000000000000
@8FC5 0000000000000000
@8FC6 0000000000000000
@8FC7 0000000000000000
@8FC8 0000000000000000
@8FC9 0000000000000000
@8FCA 0000000000000000
@8FCB 0000000000000001
@8FCC 0000000000000000
@8FCD 0000000000000000
@8FCE 0000000000000000
@8FCF 0000000000000000
@8FD0 0000000000000000
@8FD1 0000000000000000
@8FD2 0000000000000000
@8FD3 0000000000000001
@8FD4 0000000000000000
@8FD5 0000000000000000
@8FD6 0000000000000000
@8FD7 0000000000000000
@8FD8 0000000000000000
@8FD9 0000000000000000
@8FDA 0000000000000000
@8FDB 0000000000000000
@8FDC 0000000000000000
@8FDD 0000000000000000
@8FDE 0000000000000000
@8FDF 0000000000000000
@8FE0 0000000000000000
@8FE1 0000000000000000
@8FE2 0000000000000000
@8FE3 0000000000000000
@8FE4 0000000000000000
@8FE5 0000000000000000
@8FE6 0000000000000000
@8FE7 0000000000000000
@8FE8 0000000000000000
@8FE9 0000000000000000
@8FEA 0000000000000000
@8FEB 0000000000000000
@8FEC 0000000000000000
@8FED -000000000000002
@8FEE 0000000000000000
@8FEF 0000000000000000
@8FF0 0000000000000000
@8FF1 0000000000000000
@8FF2 0000000000000000
@8FF3 0000000000000000
@8FF4 0000000000000000
@8FF5 0000000000000000
@8FF6 -000000000000001
@8FF7 0000000000000000
@8FF8 0000000000000002
@8FF9 0000000000000000
@8FFA 0000000000000001
@8FFB 0000000000000000
@8FFC 0000000000000000
@8FFD -000000000000001
@8FFE 0000000000000000
@8FFF 0000000000000000
@9000 0000000000000000
@9001 0000000000000000
@9002 -000000000000002
@9003 0000000000000000
@9004 0000000000000001
@9005 -000000000000002
@9006 0000000000000000
@9007 0000000000000000
@9008 0000000000000000
@9009 -000000000000001
@900A 0000000000000000
@900B 0000000000000000
@900C 0000000000000000
@900D 0000000000000000
@900E 0000000000000000
@900F 0000000000000000
@9010 0000000000000000
@9011 0000000000000000
@9012 0000000000000000
@9013 0000000000000000
@9014 0000000000000001
@9015 0000000000000000
@9016 0000000000000000
@9017 0000000000000000
@9018 0000000000000001
@9019 0000000000000000
@901A 0000000000000000
@901B 0000000000000000
@901C 0000000000000000
@901D 0000000000000000
@901E 0000000000000000
@901F 0000000000000000
@9020 0000000000000000
@9021 0000000000000000
@9022 -000000000000001
@9023 0000000000000000
@9024 0000000000000000
@9025 0000000000000000
@9026 0000000000000002
@9027 0000000000000000
@9028 -000000000000001
@9029 0000000000000000
@902A 0000000000000000
@902B 0000000000000000
@902C 0000000000000000
@902D 0000000000000000
@902E 0000000000000000
@902F 0000000000000000
@9030 0000000000000000
@9031 0000000000000000
@9032 0000000000000000
@9033 0000000000000001
@9034 0000000000000000
@9035 0000000000000000
@9036 -000000000000001
@9037 0000000000000000
@9038 0000000000000000
@9039 0000000000000000
@903A 0000000000000002
@903B 0000000000000000
@903C 0000000000000000
@903D 0000000000000000
@903E 0000000000000000
@903F 0000000000000000
@9040 0000000000000000
@9041 0000000000000000
@9042 0000000000000000
@9043 0000000000000000
@9044 0000000000000000
@9045 0000000000000000
@9046 0000000000000000
@9047 0000000000000000
@9048 0000000000000000
@9049 0000000000000001
@904A -000000000000001
@904B 0000000000000000
@904C 0000000000000001
@904D 0000000000000000
@904E 0000000000000000
@904F 0000000000000000
@9050 -000000000000001
@9051 0000000000000000
@9052 0000000000000000
@9053 0000000000000000
@9054 0000000000000000
@9055 0000000000000000
@9056 0000000000000000
@9057 0000000000000000
@9058 0000000000000000
@9059 0000000000000000
@905A 0000000000000000
@905B 0000000000000000
@905C 0000000000000001
@905D 0000000000000000
@905E 0000000000000000
@905F 0000000000000000
@9060 0000000000000000
@9061 0000000000000000
@9062 -000000000000001
@9063 0000000000000000
@9064 0000000000000000
@9065 0000000000000000
@9066 0000000000000000
@9067 0000000000000000
@9068 0000000000000000
@9069 0000000000000000
@906A 0000000000000000
@906B 0000000000000000
@906C 0000000000000000
@906D 0000000000000000
@906E 0000000000000000
@906F 0000000000000000
@9070 0000000000000000
@9071 0000000000000003
@9072 0000000000000000
@9073 0000000000000000
@9074 0000000000000000
@9075 0000000000000000
@9076 0000000000000000
@9077 0000000000000000
@9078 0000000000000000
@9079 0000000000000000
@907A 0000000000000000
@907B 0000000000000000
@907C 0000000000000000
@907D 0000000000000000
@907E 0000000000000000
@907F 0000000000000000
@9080 0000000000000000
@9081 0000000000000000
@9082 0000000000000000
@9083 0000000000000000
@9084 0000000000000000
@9085 0000000000000000
@9086 0000000000000000
@9087 0000000000000000
@9088 0000000000000000
@9089 0000000000000000
@908A 0000000000000000
@908B 0000000000000001
@908C 0000000000000000
@908D 0000000000000000
@908E 0000000000000000
@908F 0000000000000000
@9090 0000000000000000
@9091 0000000000000000
@9092 0000000000000000
@9093 0000000000000001
@9094 0000000000000000
@9095 0000000000000000
@9096 0000000000000000
@9097 0000000000000000
@9098 0000000000000000
@9099 0000000000000000
@909A 0000000000000000
@909B 0000000000000000
@909C 0000000000000000
@909D 0000000000000000
@909E 0000000000000000
@909F 0000000000000000
@90A0 0000000000000000
@90A1 -000000000000001
@90A2 0000000000000000
@90A3 0000000000000000
@90A4 0000000000000000
@90A5 0000000000000000
@90A6 0000000000000000
@90A7 0000000000000000
@90A8 0000000000000000
@90A9 0000000000000000
@90AA 0000000000000000
@90AB 0000000000000000
@90AC 0000000000000000
@90AD -000000000000001
@90AE 0000000000000000
@90AF 0000000000000000
@90B0 0000000000000000
@90B1 0000000000000000
@90B2 0000000000000000
@90B3 0000000000000000
@90B4 0000000000000000
@90B5 0000000000000000
@90B6 -000000000000001
@90B7 0000000000000000
@90B8 0000000000000002
@90B9 0000000000000000
@90BA 0000000000000001
@90BB 0000000000000000
@90BC 0000000000000000
@90BD -000000000000001
@90BE 0000000000000000
@90BF 0000000000000000
@90C0 0000000000000000
@90C1 0000000000000000
@90C2 -000000000000002
@90C3 0000000000000000
@90C4 0000000000000001
@90C5 -000000000000002
@90C6 0000000000000000
@90C7 0000000000000000
@90C8 0000000000000000
@90C9 -000000000000001
@90CA 0000000000000000
@90CB 0000000000000000
@90CC 0000000000000000
@90CD 0000000000000000
@90CE 0000000000000000
@90CF 0000000000000000
@90D0 0000000000000000
@90D1 0000000000000000
@90D2 0000000000000000
@90D3 0000000000000000
@90D4 0000000000000000
@90D5 0000000000000000
@90D6 0000000000000000
@90D7 0000000000000000
@90D8 0000000000000001
@90D9 0000000000000000
@90DA 0000000000000000
@90DB 0000000000000000
@90DC 0000000000000000
@90DD 0000000000000000
@90DE 0000000000000000
@90DF 0000000000000000
@90E0 0000000000000000
@90E1 0000000000000000
@90E2 -000000000000001
@90E3 0000000000000000
@90E4 0000000000000000
@90E5 0000000000000000
@90E6 0000000000000002
@90E7 0000000000000000
@90E8 -000000000000001
@90E9 0000000000000000
@90EA 0000000000000000
@90EB 0000000000000000
@90EC 0000000000000000
@90ED 0000000000000000
@90EE 0000000000000000
@90EF 0000000000000000
@90F0 0000000000000000
@90F1 0000000000000000
@90F2 0000000000000000
@90F3 0000000000000001
@90F4 0000000000000000
@90F5 0000000000000000
@90F6 -000000000000001
@90F7 0000000000000000
@90F8 0000000000000000
@90F9 0000000000000000
@90FA 0000000000000002
@90FB 0000000000000000
@90FC 0000000000000000
@90FD 0000000000000000
@90FE 0000000000000000
@90FF 0000000000000000
@9100 0000000000000000
@9101 0000000000000000
@9102 0000000000000000
@9103 0000000000000000
@9104 0000000000000000
@9105 0000000000000000
@9106 0000000000000000
@9107 0000000000000000
@9108 0000000000000000
@9109 0000000000000001
@910A -000000000000001
@910B 0000000000000000
@910C 0000000000000001
@910D 0000000000000000
@910E 0000000000000000
@910F 0000000000000000
@9110 -000000000000001
@9111 0000000000000000
@9112 0000000000000000
@9113 0000000000000000
@9114 0000000000000000
@9115 0000000000000000
@9116 0000000000000000
@9117 0000000000000000
@9118 0000000000000000
@9119 0000000000000000
@911A 0000000000000000
@911B 0000000000000000
@911C 0000000000000001
@911D 0000000000000000
@911E 0000000000000000
@911F 0000000000000000
@9120 0000000000000000
@9121 0000000000000000
@9122 -000000000000001
@9123 0000000000000000
@9124 0000000000000000
@9125 0000000000000000
@9126 0000000000000000
@9127 0000000000000000
@9128 0000000000000000
@9129 0000000000000000
@912A 0000000000000000
@912B 0000000000000000
@912C 0000000000000000
@912D 0000000000000000
@912E 0000000000000000
@912F 0000000000000000
@9130 0000000000000000
@9131 0000000000000003
@9132 0000000000000000
@9133 0000000000000000
@9134 0000000000000001
@9135 0000000000000000
@9136 0000000000000001
@9137 0000000000000000
@9138 0000000000000000
@9139 0000000000000000
@913A 0000000000000000
@913B 0000000000000000
@913C 0000000000000000
@913D 0000000000000000
@913E 0000000000000000
@913F 0000000000000000
@9140 0000000000000000
@9141 0000000000000000
@9142 0000000000000000
@9143 0000000000000000
@9144 0000000000000000
@9145 0000000000000000
@9146 0000000000000000
@9147 0000000000000000
@9148 0000000000000000
@9149 0000000000000000
@914A 0000000000000000
@914B 0000000000000001
@914C 0000000000000000
@914D 0000000000000000
@914E 0000000000000000
@914F 0000000000000000
@9150 0000000000000000
@9151 0000000000000000
@9152 0000000000000000
@9153 0000000000000001
@9154 0000000000000000
@9155 0000000000000000
@9156 0000000000000000
@9157 0000000000000000
@9158 0000000000000000
@9159 0000000000000000
@915A 0000000000000000
@915B 0000000000000000
@915C 0000000000000000
@915D 0000000000000000
@915E 0000000000000000
@915F 0000000000000000
@9160 0000000000000000
@9161 0000000000000000
@9162 0000000000000000
@9163 0000000000000000
@9164 0000000000000000
@9165 0000000000000000
@9166 0000000000000000
@9167 0000000000000000
@9168 0000000000000000
@9169 0000000000000000
@916A 0000000000000000
@916B 0000000000000000
@916C 0000000000000000
@916D -000000000000001
@916E 0000000000000000
@916F 0000000000000000
@9170 0000000000000000
@9171 0000000000000000
@9172 0000000000000000
@9173 0000000000000000
@9174 0000000000000000
@9175 0000000000000000
@9176 -000000000000001
@9177 0000000000000000
@9178 0000000000000002
@9179 0000000000000000
@917A 0000000000000000
@917B 0000000000000000
@917C 0000000000000000
@917D -000000000000001
@917E 0000000000000000
@917F 0000000000000000
@9180 0000000000000000
@9181 0000000000000000
@9182 -000000000000002
@9183 0000000000000000
@9184 0000000000000001
@9185 -000000000000002
@9186 0000000000000000
@9187 0000000000000000
@9188 -000000000000001
@9189 -000000000000001
@918A 0000000000000000
@918B 0000000000000000
@918C 0000000000000000
@918D 0000000000000000
@918E 0000000000000000
@918F 0000000000000000
@9190 0000000000000000
@9191 0000000000000000
@9192 0000000000000000
@9193 0000000000000000
@9194 0000000000000000
@9195 0000000000000000
@9196 0000000000000000
@9197 0000000000000000
@9198 0000000000000001
@9199 0000000000000000
@919A 0000000000000000
@919B 0000000000000000
@919C 0000000000000000
@919D 0000000000000000
@919E 0000000000000000
@919F 0000000000000000
@91A0 0000000000000000
@91A1 0000000000000000
@91A2 -000000000000001
@91A3 0000000000000000
@91A4 0000000000000000
@91A5 0000000000000000
@91A6 0000000000000002
@91A7 0000000000000000
@91A8 -000000000000001
@91A9 0000000000000000
@91AA 0000000000000000
@91AB 0000000000000000
@91AC 0000000000000000
@91AD 0000000000000000
@91AE 0000000000000000
@91AF 0000000000000000
@91B0 0000000000000000
@91B1 0000000000000001
@91B2 0000000000000000
@91B3 0000000000000001
@91B4 0000000000000000
@91B5 0000000000000000
@91B6 -000000000000001
@91B7 0000000000000000
@91B8 0000000000000000
@91B9 0000000000000000
@91BA 0000000000000002
@91BB 0000000000000000
@91BC 0000000000000000
@91BD 0000000000000000
@91BE 0000000000000000
@91BF 0000000000000000
@91C0 0000000000000000
@91C1 0000000000000000
@91C2 0000000000000000
@91C3 0000000000000000
@91C4 0000000000000000
@91C5 0000000000000000
@91C6 0000000000000000
@91C7 0000000000000000
@91C8 0000000000000000
@91C9 0000000000000001
@91CA -000000000000001
@91CB 0000000000000000
@91CC 0000000000000001
@91CD 0000000000000000
@91CE 0000000000000000
@91CF 0000000000000000
@91D0 -000000000000001
@91D1 0000000000000000
@91D2 -000000000000001
@91D3 0000000000000000
@91D4 0000000000000000
@91D5 0000000000000000
@91D6 0000000000000000
@91D7 0000000000000000
@91D8 0000000000000000
@91D9 0000000000000000
@91DA 0000000000000000
@91DB 0000000000000000
@91DC 0000000000000002
@91DD 0000000000000000
@91DE 0000000000000000
@91DF 0000000000000000
@91E0 0000000000000000
@91E1 0000000000000000
@91E2 -000000000000001
@91E3 0000000000000000
@91E4 0000000000000000
@91E5 0000000000000000
@91E6 0000000000000000
@91E7 0000000000000000
@91E8 0000000000000000
@91E9 0000000000000000
@91EA 0000000000000000
@91EB 0000000000000000
@91EC 0000000000000000
@91ED 0000000000000000
@91EE 0000000000000000
@91EF 0000000000000000
@91F0 0000000000000000
@91F1 0000000000000003
@91F2 0000000000000000
@91F3 0000000000000000
@91F4 0000000000000001
@91F5 0000000000000000
@91F6 0000000000000001
@91F7 0000000000000000
@91F8 0000000000000000
@91F9 0000000000000000
@91FA 0000000000000000
@91FB 0000000000000000
@91FC 0000000000000000
@91FD 0000000000000000
@91FE 0000000000000000
@91FF 0000000000000000
@9200 0000000000000000
@9201 0000000000000000
@9202 0000000000000000
@9203 0000000000000000
@9204 0000000000000000
@9205 0000000000000000
@9206 0000000000000000
@9207 0000000000000000
@9208 0000000000000000
@9209 0000000000000000
@920A 0000000000000000
@920B 0000000000000000
@920C 0000000000000000
@920D 0000000000000000
@920E 0000000000000000
@920F 0000000000000000
@9210 0000000000000000
@9211 0000000000000000
@9212 0000000000000000
@9213 0000000000000001
@9214 0000000000000000
@9215 0000000000000000
@9216 0000000000000000
@9217 0000000000000000
@9218 0000000000000000
@9219 0000000000000000
@921A 0000000000000000
@921B 0000000000000000
@921C 0000000000000001
@921D 0000000000000000
@921E 0000000000000000
@921F 0000000000000000
@9220 0000000000000000
@9221 0000000000000000
@9222 0000000000000000
@9223 0000000000000000
@9224 0000000000000000
@9225 0000000000000000
@9226 0000000000000000
@9227 0000000000000000
@9228 0000000000000000
@9229 0000000000000000
@922A 0000000000000000
@922B 0000000000000000
@922C 0000000000000000
@922D -000000000000001
@922E 0000000000000000
@922F 0000000000000000
@9230 0000000000000000
@9231 0000000000000000
@9232 0000000000000000
@9233 0000000000000000
@9234 0000000000000000
@9235 0000000000000000
@9236 -000000000000001
@9237 0000000000000000
@9238 0000000000000002
@9239 0000000000000000
@923A 0000000000000001
@923B 0000000000000001
@923C 0000000000000000
@923D -000000000000001
@923E 0000000000000001
@923F 0000000000000001
@9240 0000000000000000
@9241 0000000000000000
@9242 -000000000000002
@9243 0000000000000000
@9244 0000000000000001
@9245 -000000000000002
@9246 0000000000000000
@9247 0000000000000000
@9248 0000000000000000
@9249 -000000000000001
@924A 0000000000000000
@924B 0000000000000000
@924C 0000000000000000
@924D 0000000000000000
@924E 0000000000000000
@924F 0000000000000000
@9250 0000000000000000
@9251 0000000000000000
@9252 0000000000000000
@9253 0000000000000000
@9254 0000000000000000
@9255 0000000000000000
@9256 0000000000000000
@9257 0000000000000000
@9258 0000000000000001
@9259 0000000000000000
@925A 0000000000000000
@925B 0000000000000000
@925C 0000000000000000
@925D 0000000000000000
@925E 0000000000000000
@925F 0000000000000000
@9260 0000000000000000
@9261 0000000000000000
@9262 -000000000000001
@9263 0000000000000000
@9264 0000000000000000
@9265 0000000000000000
@9266 0000000000000002
@9267 0000000000000000
@9268 -000000000000001
@9269 0000000000000000
@926A 0000000000000000
@926B 0000000000000000
@926C 0000000000000000
@926D 0000000000000000
@926E 0000000000000000
@926F 0000000000000000
@9270 0000000000000000
@9271 0000000000000000
@9272 0000000000000000
@9273 0000000000000001
@9274 0000000000000000
@9275 0000000000000000
@9276 -000000000000001
@9277 0000000000000000
@9278 0000000000000000
@9279 0000000000000000
@927A 0000000000000002
@927B 0000000000000000
@927C 0000000000000000
@927D 0000000000000000
@927E 0000000000000000
@927F 0000000000000000
@9280 0000000000000000
@9281 0000000000000000
@9282 0000000000000000
@9283 0000000000000000
@9284 0000000000000000
@9285 0000000000000000
@9286 0000000000000000
@9287 0000000000000000
@9288 0000000000000000
@9289 0000000000000001
@928A -000000000000001
@928B 0000000000000000
@928C 0000000000000001
@928D 0000000000000000
@928E 0000000000000000
@928F 0000000000000000
@9290 -000000000000001
@9291 0000000000000000
@9292 0000000000000000
@9293 0000000000000000
@9294 0000000000000000
@9295 0000000000000000
@9296 0000000000000000
@9297 0000000000000000
@9298 0000000000000000
@9299 0000000000000000
@929A 0000000000000000
@929B 0000000000000000
@929C 0000000000000002
@929D 0000000000000000
@929E 0000000000000000
@929F 0000000000000000
@92A0 0000000000000000
@92A1 0000000000000000
@92A2 -000000000000001
@92A3 0000000000000000
@92A4 0000000000000000
@92A5 0000000000000000
@92A6 0000000000000000
@92A7 0000000000000000
@92A8 0000000000000000
@92A9 0000000000000000
@92AA 0000000000000000
@92AB 0000000000000000
@92AC 0000000000000000
@92AD 0000000000000000
@92AE 0000000000000000
@92AF 0000000000000000
@92B0 0000000000000000
@92B1 0000000000000003
@92B2 0000000000000000
@92B3 0000000000000000
@92B4 0000000000000000
@92B5 0000000000000000
@92B6 0000000000000000
@92B7 0000000000000000
@92B8 0000000000000000
@92B9 0000000000000000
@92BA 0000000000000000
@92BB 0000000000000000
@92BC 0000000000000000
@92BD 0000000000000000
@92BE 0000000000000000
@92BF 0000000000000000
@92C0 0000000000000000
@92C1 0000000000000000
@92C2 0000000000000000
@92C3 0000000000000000
@92C4 0000000000000000
@92C5 0000000000000000
@92C6 0000000000000000
@92C7 0000000000000000
@92C8 0000000000000000
@92C9 0000000000000000
@92CA 0000000000000000
@92CB 0000000000000001
@92CC 0000000000000000
@92CD 0000000000000000
@92CE 0000000000000000
@92CF 0000000000000000
@92D0 0000000000000000
@92D1 0000000000000000
@92D2 0000000000000000
@92D3 0000000000000001
@92D4 0000000000000000
@92D5 0000000000000000
@92D6 0000000000000000
@92D7 0000000000000000
@92D8 0000000000000000
@92D9 0000000000000000
@92DA 0000000000000000
@92DB 0000000000000000
@92DC 0000000000000000
@92DD 0000000000000000
@92DE 0000000000000000
@92DF 0000000000000000
@92E0 0000000000000000
@92E1 0000000000000000
@92E2 0000000000000000
@92E3 0000000000000000
@92E4 0000000000000000
@92E5 0000000000000000
@92E6 0000000000000000
@92E7 0000000000000000
@92E8 0000000000000000
@92E9 0000000000000000
@92EA 0000000000000000
@92EB 0000000000000000
@92EC 0000000000000000
@92ED -000000000000002
@92EE 0000000000000000
@92EF 0000000000000000
@92F0 0000000000000000
@92F1 0000000000000000
@92F2 0000000000000000
@92F3 0000000000000000
@92F4 0000000000000000
@92F5 0000000000000000
@92F6 -000000000000001
@92F7 0000000000000000
@92F8 0000000000000002
@92F9 0000000000000000
@92FA 0000000000000001
@92FB 0000000000000000
@92FC 0000000000000000
@92FD -000000000000001
@92FE 0000000000000000
@92FF 0000000000000000
